phase	level	n	n_clusters	method	accepted	correct	coverage	precision
31	EC_L3	190	146	judge	1	1	0.005263157894736842	1
31	EC_L3	190	146	judge	2	2	0.010526315789473684	1
31	EC_L3	190	146	judge	3	3	0.015789473684210527	1
31	EC_L3	190	146	judge	4	4	0.021052631578947368	1
31	EC_L3	190	146	judge	5	5	0.026315789473684209	1
31	EC_L3	190	146	judge	6	6	0.031578947368421054	1
31	EC_L3	190	146	judge	7	7	0.036842105263157891	1
31	EC_L3	190	146	judge	8	8	0.042105263157894736	1
31	EC_L3	190	146	judge	9	9	0.04736842105263158	1
31	EC_L3	190	146	judge	10	10	0.052631578947368418	1
31	EC_L3	190	146	judge	11	11	0.057894736842105263	1
31	EC_L3	190	146	judge	12	12	0.063157894736842107	1
31	EC_L3	190	146	judge	13	13	0.068421052631578952	1
31	EC_L3	190	146	judge	14	14	0.073684210526315783	1
31	EC_L3	190	146	judge	15	15	0.078947368421052627	1
31	EC_L3	190	146	judge	16	16	0.084210526315789472	1
31	EC_L3	190	146	judge	17	17	0.089473684210526316	1
31	EC_L3	190	146	judge	18	18	0.094736842105263161	1
31	EC_L3	190	146	judge	19	19	0.10000000000000001	1
31	EC_L3	190	146	judge	20	20	0.10526315789473684	1
31	EC_L3	190	146	judge	21	21	0.11052631578947368	1
31	EC_L3	190	146	judge	22	22	0.11578947368421053	1
31	EC_L3	190	146	judge	23	23	0.12105263157894737	1
31	EC_L3	190	146	judge	24	24	0.12631578947368421	1
31	EC_L3	190	146	judge	25	25	0.13157894736842105	1
31	EC_L3	190	146	judge	26	26	0.1368421052631579	1
31	EC_L3	190	146	judge	27	27	0.14210526315789473	1
31	EC_L3	190	146	judge	28	28	0.14736842105263157	1
31	EC_L3	190	146	judge	29	29	0.15263157894736842	1
31	EC_L3	190	146	judge	30	30	0.15789473684210525	1
31	EC_L3	190	146	judge	31	31	0.16315789473684211	1
31	EC_L3	190	146	judge	32	32	0.16842105263157894	1
31	EC_L3	190	146	judge	33	33	0.1736842105263158	1
31	EC_L3	190	146	judge	34	34	0.17894736842105263	1
31	EC_L3	190	146	judge	35	35	0.18421052631578946	1
31	EC_L3	190	146	judge	36	36	0.18947368421052632	1
31	EC_L3	190	146	judge	37	37	0.19473684210526315	1
31	EC_L3	190	146	judge	38	38	0.20000000000000001	1
31	EC_L3	190	146	judge	39	39	0.20526315789473684	1
31	EC_L3	190	146	judge	40	40	0.21052631578947367	1
31	EC_L3	190	146	judge	41	41	0.21578947368421053	1
31	EC_L3	190	146	judge	42	42	0.22105263157894736	1
31	EC_L3	190	146	judge	43	43	0.22631578947368422	1
31	EC_L3	190	146	judge	44	44	0.23157894736842105	1
31	EC_L3	190	146	judge	45	45	0.23684210526315788	1
31	EC_L3	190	146	judge	46	46	0.24210526315789474	1
31	EC_L3	190	146	judge	47	47	0.24736842105263157	1
31	EC_L3	190	146	judge	48	48	0.25263157894736843	1
31	EC_L3	190	146	judge	49	49	0.25789473684210529	1
31	EC_L3	190	146	judge	50	50	0.26315789473684209	1
31	EC_L3	190	146	judge	51	51	0.26842105263157895	1
31	EC_L3	190	146	judge	52	52	0.27368421052631581	1
31	EC_L3	190	146	judge	53	53	0.27894736842105261	1
31	EC_L3	190	146	judge	54	54	0.28421052631578947	1
31	EC_L3	190	146	judge	55	55	0.28947368421052633	1
31	EC_L3	190	146	judge	56	56	0.29473684210526313	1
31	EC_L3	190	146	judge	57	57	0.29999999999999999	1
31	EC_L3	190	146	judge	58	58	0.30526315789473685	1
31	EC_L3	190	146	judge	59	59	0.31052631578947371	1
31	EC_L3	190	146	judge	60	60	0.31578947368421051	1
31	EC_L3	190	146	judge	61	61	0.32105263157894737	1
31	EC_L3	190	146	judge	62	62	0.32631578947368423	1
31	EC_L3	190	146	judge	63	63	0.33157894736842103	1
31	EC_L3	190	146	judge	64	64	0.33684210526315789	1
31	EC_L3	190	146	judge	65	65	0.34210526315789475	1
31	EC_L3	190	146	judge	66	66	0.3473684210526316	1
31	EC_L3	190	146	judge	67	67	0.35263157894736841	1
31	EC_L3	190	146	judge	68	68	0.35789473684210527	1
31	EC_L3	190	146	judge	69	69	0.36315789473684212	1
31	EC_L3	190	146	judge	70	70	0.36842105263157893	1
31	EC_L3	190	146	judge	71	71	0.37368421052631579	1
31	EC_L3	190	146	judge	72	72	0.37894736842105264	1
31	EC_L3	190	146	judge	73	73	0.38421052631578945	1
31	EC_L3	190	146	judge	74	74	0.38947368421052631	1
31	EC_L3	190	146	judge	75	75	0.39473684210526316	1
31	EC_L3	190	146	judge	76	76	0.40000000000000002	1
31	EC_L3	190	146	judge	77	77	0.40526315789473683	1
31	EC_L3	190	146	judge	78	78	0.41052631578947368	1
31	EC_L3	190	146	judge	79	79	0.41578947368421054	1
31	EC_L3	190	146	judge	80	79	0.42105263157894735	0.98750000000000004
31	EC_L3	190	146	judge	81	80	0.4263157894736842	0.98765432098765427
31	EC_L3	190	146	judge	82	81	0.43157894736842106	0.98780487804878048
31	EC_L3	190	146	judge	83	82	0.43684210526315792	0.98795180722891562
31	EC_L3	190	146	judge	84	83	0.44210526315789472	0.98809523809523814
31	EC_L3	190	146	judge	85	84	0.44736842105263158	0.9882352941176471
31	EC_L3	190	146	judge	86	85	0.45263157894736844	0.98837209302325579
31	EC_L3	190	146	judge	87	86	0.45789473684210524	0.9885057471264368
31	EC_L3	190	146	judge	88	87	0.4631578947368421	0.98863636363636365
31	EC_L3	190	146	judge	89	88	0.46842105263157896	0.9887640449438202
31	EC_L3	190	146	judge	90	89	0.47368421052631576	0.98888888888888893
31	EC_L3	190	146	judge	91	90	0.47894736842105262	0.98901098901098905
31	EC_L3	190	146	judge	92	91	0.48421052631578948	0.98913043478260865
31	EC_L3	190	146	judge	93	92	0.48947368421052634	0.989247311827957
31	EC_L3	190	146	judge	94	93	0.49473684210526314	0.98936170212765961
31	EC_L3	190	146	judge	95	94	0.5	0.98947368421052628
31	EC_L3	190	146	judge	96	95	0.50526315789473686	0.98958333333333337
31	EC_L3	190	146	judge	97	96	0.51052631578947372	0.98969072164948457
31	EC_L3	190	146	judge	98	97	0.51578947368421058	0.98979591836734693
31	EC_L3	190	146	judge	99	98	0.52105263157894732	0.98989898989898994
31	EC_L3	190	146	judge	100	99	0.52631578947368418	0.98999999999999999
31	EC_L3	190	146	judge	101	100	0.53157894736842104	0.99009900990099009
31	EC_L3	190	146	judge	102	101	0.5368421052631579	0.99019607843137258
31	EC_L3	190	146	judge	103	102	0.54210526315789476	0.99029126213592233
31	EC_L3	190	146	judge	104	103	0.54736842105263162	0.99038461538461542
31	EC_L3	190	146	judge	105	104	0.55263157894736847	0.99047619047619051
31	EC_L3	190	146	judge	106	105	0.55789473684210522	0.99056603773584906
31	EC_L3	190	146	judge	107	106	0.56315789473684208	0.99065420560747663
31	EC_L3	190	146	judge	108	107	0.56842105263157894	0.9907407407407407
31	EC_L3	190	146	judge	109	108	0.5736842105263158	0.99082568807339455
31	EC_L3	190	146	judge	110	109	0.57894736842105265	0.99090909090909096
31	EC_L3	190	146	judge	111	110	0.58421052631578951	0.99099099099099097
31	EC_L3	190	146	judge	112	110	0.58947368421052626	0.9821428571428571
31	EC_L3	190	146	judge	113	111	0.59473684210526312	0.98230088495575218
31	EC_L3	190	146	judge	114	112	0.59999999999999998	0.98245614035087714
31	EC_L3	190	146	judge	115	113	0.60526315789473684	0.9826086956521739
31	EC_L3	190	146	judge	116	114	0.61052631578947369	0.98275862068965514
31	EC_L3	190	146	judge	117	115	0.61578947368421055	0.98290598290598286
31	EC_L3	190	146	judge	118	116	0.62105263157894741	0.98305084745762716
31	EC_L3	190	146	judge	119	117	0.62631578947368416	0.98319327731092432
31	EC_L3	190	146	judge	120	118	0.63157894736842102	0.98333333333333328
31	EC_L3	190	146	judge	121	119	0.63684210526315788	0.98347107438016534
31	EC_L3	190	146	judge	122	120	0.64210526315789473	0.98360655737704916
31	EC_L3	190	146	judge	123	121	0.64736842105263159	0.98373983739837401
31	EC_L3	190	146	judge	124	122	0.65263157894736845	0.9838709677419355
31	EC_L3	190	146	judge	125	123	0.65789473684210531	0.98399999999999999
31	EC_L3	190	146	judge	126	124	0.66315789473684206	0.98412698412698407
31	EC_L3	190	146	judge	127	125	0.66842105263157892	0.98425196850393704
31	EC_L3	190	146	judge	128	126	0.67368421052631577	0.984375
31	EC_L3	190	146	judge	129	127	0.67894736842105263	0.98449612403100772
31	EC_L3	190	146	judge	130	128	0.68421052631578949	0.98461538461538467
31	EC_L3	190	146	judge	131	129	0.68947368421052635	0.98473282442748089
31	EC_L3	190	146	judge	132	130	0.69473684210526321	0.98484848484848486
31	EC_L3	190	146	judge	133	131	0.69999999999999996	0.98496240601503759
31	EC_L3	190	146	judge	134	132	0.70526315789473681	0.9850746268656716
31	EC_L3	190	146	judge	135	133	0.71052631578947367	0.98518518518518516
31	EC_L3	190	146	judge	136	134	0.71578947368421053	0.98529411764705888
31	EC_L3	190	146	judge	137	135	0.72105263157894739	0.98540145985401462
31	EC_L3	190	146	judge	138	136	0.72631578947368425	0.98550724637681164
31	EC_L3	190	146	judge	139	137	0.73157894736842111	0.98561151079136688
31	EC_L3	190	146	judge	140	138	0.73684210526315785	0.98571428571428577
31	EC_L3	190	146	judge	141	139	0.74210526315789471	0.98581560283687941
31	EC_L3	190	146	judge	142	140	0.74736842105263157	0.9859154929577465
31	EC_L3	190	146	judge	143	141	0.75263157894736843	0.98601398601398604
31	EC_L3	190	146	judge	144	142	0.75789473684210529	0.98611111111111116
31	EC_L3	190	146	judge	145	143	0.76315789473684215	0.98620689655172411
31	EC_L3	190	146	judge	146	144	0.76842105263157889	0.98630136986301364
31	EC_L3	190	146	judge	147	145	0.77368421052631575	0.98639455782312924
31	EC_L3	190	146	judge	148	146	0.77894736842105261	0.98648648648648651
31	EC_L3	190	146	judge	149	147	0.78421052631578947	0.98657718120805371
31	EC_L3	190	146	judge	150	148	0.78947368421052633	0.98666666666666669
31	EC_L3	190	146	judge	151	149	0.79473684210526319	0.98675496688741726
31	EC_L3	190	146	judge	152	150	0.80000000000000004	0.98684210526315785
31	EC_L3	190	146	judge	153	151	0.80526315789473679	0.98692810457516345
31	EC_L3	190	146	judge	154	152	0.81052631578947365	0.98701298701298701
31	EC_L3	190	146	judge	155	153	0.81578947368421051	0.98709677419354835
31	EC_L3	190	146	judge	156	154	0.82105263157894737	0.98717948717948723
31	EC_L3	190	146	judge	157	155	0.82631578947368423	0.98726114649681529
31	EC_L3	190	146	judge	158	156	0.83157894736842108	0.98734177215189878
31	EC_L3	190	146	judge	159	157	0.83684210526315794	0.98742138364779874
31	EC_L3	190	146	judge	160	158	0.84210526315789469	0.98750000000000004
31	EC_L3	190	146	judge	161	159	0.84736842105263155	0.98757763975155277
31	EC_L3	190	146	judge	162	160	0.85263157894736841	0.98765432098765427
31	EC_L3	190	146	judge	163	160	0.85789473684210527	0.98159509202453987
31	EC_L3	190	146	judge	164	161	0.86315789473684212	0.98170731707317072
31	EC_L3	190	146	judge	165	162	0.86842105263157898	0.98181818181818181
31	EC_L3	190	146	judge	166	163	0.87368421052631584	0.98192771084337349
31	EC_L3	190	146	judge	167	164	0.87894736842105259	0.98203592814371254
31	EC_L3	190	146	judge	168	165	0.88421052631578945	0.9821428571428571
31	EC_L3	190	146	judge	169	165	0.88947368421052631	0.97633136094674555
31	EC_L3	190	146	judge	170	165	0.89473684210526316	0.97058823529411764
31	EC_L3	190	146	judge	171	166	0.90000000000000002	0.9707602339181286
31	EC_L3	190	146	judge	172	166	0.90526315789473688	0.96511627906976749
31	EC_L3	190	146	judge	173	166	0.91052631578947374	0.95953757225433522
31	EC_L3	190	146	judge	174	166	0.91578947368421049	0.95402298850574707
31	EC_L3	190	146	judge	175	166	0.92105263157894735	0.94857142857142862
31	EC_L3	190	146	judge	176	166	0.9263157894736842	0.94318181818181823
31	EC_L3	190	146	judge	177	166	0.93157894736842106	0.93785310734463279
31	EC_L3	190	146	judge	178	166	0.93684210526315792	0.93258426966292129
31	EC_L3	190	146	judge	179	166	0.94210526315789478	0.92737430167597767
31	EC_L3	190	146	judge	180	166	0.94736842105263153	0.92222222222222228
31	EC_L3	190	146	judge	181	166	0.95263157894736838	0.91712707182320441
31	EC_L3	190	146	judge	182	166	0.95789473684210524	0.91208791208791207
31	EC_L3	190	146	judge	183	166	0.9631578947368421	0.90710382513661203
31	EC_L3	190	146	judge	184	166	0.96842105263157896	0.90217391304347827
31	EC_L3	190	146	judge	185	166	0.97368421052631582	0.89729729729729735
31	EC_L3	190	146	judge	186	166	0.97894736842105268	0.89247311827956988
31	EC_L3	190	146	judge	187	166	0.98421052631578942	0.88770053475935828
31	EC_L3	190	146	judge	188	166	0.98947368421052628	0.88297872340425532
31	EC_L3	190	146	judge	189	166	0.99473684210526314	0.87830687830687826
31	EC_L3	190	146	judge	190	166	1	0.87368421052631584
31	EC_L3	190	146	hit_ec4_logit	1	1	0.005263157894736842	1
31	EC_L3	190	146	hit_ec4_logit	2	2	0.010526315789473684	1
31	EC_L3	190	146	hit_ec4_logit	3	3	0.015789473684210527	1
31	EC_L3	190	146	hit_ec4_logit	4	4	0.021052631578947368	1
31	EC_L3	190	146	hit_ec4_logit	5	5	0.026315789473684209	1
31	EC_L3	190	146	hit_ec4_logit	6	6	0.031578947368421054	1
31	EC_L3	190	146	hit_ec4_logit	7	7	0.036842105263157891	1
31	EC_L3	190	146	hit_ec4_logit	8	8	0.042105263157894736	1
31	EC_L3	190	146	hit_ec4_logit	9	9	0.04736842105263158	1
31	EC_L3	190	146	hit_ec4_logit	10	10	0.052631578947368418	1
31	EC_L3	190	146	hit_ec4_logit	11	11	0.057894736842105263	1
31	EC_L3	190	146	hit_ec4_logit	12	12	0.063157894736842107	1
31	EC_L3	190	146	hit_ec4_logit	13	13	0.068421052631578952	1
31	EC_L3	190	146	hit_ec4_logit	14	14	0.073684210526315783	1
31	EC_L3	190	146	hit_ec4_logit	15	15	0.078947368421052627	1
31	EC_L3	190	146	hit_ec4_logit	16	16	0.084210526315789472	1
31	EC_L3	190	146	hit_ec4_logit	17	17	0.089473684210526316	1
31	EC_L3	190	146	hit_ec4_logit	18	18	0.094736842105263161	1
31	EC_L3	190	146	hit_ec4_logit	19	19	0.10000000000000001	1
31	EC_L3	190	146	hit_ec4_logit	20	20	0.10526315789473684	1
31	EC_L3	190	146	hit_ec4_logit	21	21	0.11052631578947368	1
31	EC_L3	190	146	hit_ec4_logit	22	22	0.11578947368421053	1
31	EC_L3	190	146	hit_ec4_logit	23	23	0.12105263157894737	1
31	EC_L3	190	146	hit_ec4_logit	24	24	0.12631578947368421	1
31	EC_L3	190	146	hit_ec4_logit	25	25	0.13157894736842105	1
31	EC_L3	190	146	hit_ec4_logit	26	26	0.1368421052631579	1
31	EC_L3	190	146	hit_ec4_logit	27	27	0.14210526315789473	1
31	EC_L3	190	146	hit_ec4_logit	28	28	0.14736842105263157	1
31	EC_L3	190	146	hit_ec4_logit	29	29	0.15263157894736842	1
31	EC_L3	190	146	hit_ec4_logit	30	30	0.15789473684210525	1
31	EC_L3	190	146	hit_ec4_logit	31	31	0.16315789473684211	1
31	EC_L3	190	146	hit_ec4_logit	32	32	0.16842105263157894	1
31	EC_L3	190	146	hit_ec4_logit	33	33	0.1736842105263158	1
31	EC_L3	190	146	hit_ec4_logit	34	34	0.17894736842105263	1
31	EC_L3	190	146	hit_ec4_logit	35	35	0.18421052631578946	1
31	EC_L3	190	146	hit_ec4_logit	36	36	0.18947368421052632	1
31	EC_L3	190	146	hit_ec4_logit	37	37	0.19473684210526315	1
31	EC_L3	190	146	hit_ec4_logit	38	38	0.20000000000000001	1
31	EC_L3	190	146	hit_ec4_logit	39	39	0.20526315789473684	1
31	EC_L3	190	146	hit_ec4_logit	40	40	0.21052631578947367	1
31	EC_L3	190	146	hit_ec4_logit	41	41	0.21578947368421053	1
31	EC_L3	190	146	hit_ec4_logit	42	42	0.22105263157894736	1
31	EC_L3	190	146	hit_ec4_logit	43	43	0.22631578947368422	1
31	EC_L3	190	146	hit_ec4_logit	44	44	0.23157894736842105	1
31	EC_L3	190	146	hit_ec4_logit	45	45	0.23684210526315788	1
31	EC_L3	190	146	hit_ec4_logit	46	46	0.24210526315789474	1
31	EC_L3	190	146	hit_ec4_logit	47	47	0.24736842105263157	1
31	EC_L3	190	146	hit_ec4_logit	48	48	0.25263157894736843	1
31	EC_L3	190	146	hit_ec4_logit	49	49	0.25789473684210529	1
31	EC_L3	190	146	hit_ec4_logit	50	50	0.26315789473684209	1
31	EC_L3	190	146	hit_ec4_logit	51	51	0.26842105263157895	1
31	EC_L3	190	146	hit_ec4_logit	52	52	0.27368421052631581	1
31	EC_L3	190	146	hit_ec4_logit	53	53	0.27894736842105261	1
31	EC_L3	190	146	hit_ec4_logit	54	54	0.28421052631578947	1
31	EC_L3	190	146	hit_ec4_logit	55	55	0.28947368421052633	1
31	EC_L3	190	146	hit_ec4_logit	56	56	0.29473684210526313	1
31	EC_L3	190	146	hit_ec4_logit	57	57	0.29999999999999999	1
31	EC_L3	190	146	hit_ec4_logit	58	58	0.30526315789473685	1
31	EC_L3	190	146	hit_ec4_logit	59	59	0.31052631578947371	1
31	EC_L3	190	146	hit_ec4_logit	60	60	0.31578947368421051	1
31	EC_L3	190	146	hit_ec4_logit	61	61	0.32105263157894737	1
31	EC_L3	190	146	hit_ec4_logit	62	62	0.32631578947368423	1
31	EC_L3	190	146	hit_ec4_logit	63	63	0.33157894736842103	1
31	EC_L3	190	146	hit_ec4_logit	64	64	0.33684210526315789	1
31	EC_L3	190	146	hit_ec4_logit	65	65	0.34210526315789475	1
31	EC_L3	190	146	hit_ec4_logit	66	66	0.3473684210526316	1
31	EC_L3	190	146	hit_ec4_logit	67	67	0.35263157894736841	1
31	EC_L3	190	146	hit_ec4_logit	68	68	0.35789473684210527	1
31	EC_L3	190	146	hit_ec4_logit	69	69	0.36315789473684212	1
31	EC_L3	190	146	hit_ec4_logit	70	70	0.36842105263157893	1
31	EC_L3	190	146	hit_ec4_logit	71	71	0.37368421052631579	1
31	EC_L3	190	146	hit_ec4_logit	72	72	0.37894736842105264	1
31	EC_L3	190	146	hit_ec4_logit	73	73	0.38421052631578945	1
31	EC_L3	190	146	hit_ec4_logit	74	74	0.38947368421052631	1
31	EC_L3	190	146	hit_ec4_logit	75	75	0.39473684210526316	1
31	EC_L3	190	146	hit_ec4_logit	76	76	0.40000000000000002	1
31	EC_L3	190	146	hit_ec4_logit	77	77	0.40526315789473683	1
31	EC_L3	190	146	hit_ec4_logit	78	78	0.41052631578947368	1
31	EC_L3	190	146	hit_ec4_logit	79	79	0.41578947368421054	1
31	EC_L3	190	146	hit_ec4_logit	80	80	0.42105263157894735	1
31	EC_L3	190	146	hit_ec4_logit	81	81	0.4263157894736842	1
31	EC_L3	190	146	hit_ec4_logit	82	82	0.43157894736842106	1
31	EC_L3	190	146	hit_ec4_logit	83	83	0.43684210526315792	1
31	EC_L3	190	146	hit_ec4_logit	84	84	0.44210526315789472	1
31	EC_L3	190	146	hit_ec4_logit	85	85	0.44736842105263158	1
31	EC_L3	190	146	hit_ec4_logit	86	86	0.45263157894736844	1
31	EC_L3	190	146	hit_ec4_logit	87	87	0.45789473684210524	1
31	EC_L3	190	146	hit_ec4_logit	88	88	0.4631578947368421	1
31	EC_L3	190	146	hit_ec4_logit	89	89	0.46842105263157896	1
31	EC_L3	190	146	hit_ec4_logit	90	90	0.47368421052631576	1
31	EC_L3	190	146	hit_ec4_logit	91	91	0.47894736842105262	1
31	EC_L3	190	146	hit_ec4_logit	92	92	0.48421052631578948	1
31	EC_L3	190	146	hit_ec4_logit	93	93	0.48947368421052634	1
31	EC_L3	190	146	hit_ec4_logit	94	94	0.49473684210526314	1
31	EC_L3	190	146	hit_ec4_logit	95	95	0.5	1
31	EC_L3	190	146	hit_ec4_logit	96	96	0.50526315789473686	1
31	EC_L3	190	146	hit_ec4_logit	97	97	0.51052631578947372	1
31	EC_L3	190	146	hit_ec4_logit	98	98	0.51578947368421058	1
31	EC_L3	190	146	hit_ec4_logit	99	99	0.52105263157894732	1
31	EC_L3	190	146	hit_ec4_logit	100	100	0.52631578947368418	1
31	EC_L3	190	146	hit_ec4_logit	101	101	0.53157894736842104	1
31	EC_L3	190	146	hit_ec4_logit	102	102	0.5368421052631579	1
31	EC_L3	190	146	hit_ec4_logit	103	103	0.54210526315789476	1
31	EC_L3	190	146	hit_ec4_logit	104	104	0.54736842105263162	1
31	EC_L3	190	146	hit_ec4_logit	105	105	0.55263157894736847	1
31	EC_L3	190	146	hit_ec4_logit	106	106	0.55789473684210522	1
31	EC_L3	190	146	hit_ec4_logit	107	107	0.56315789473684208	1
31	EC_L3	190	146	hit_ec4_logit	108	108	0.56842105263157894	1
31	EC_L3	190	146	hit_ec4_logit	109	109	0.5736842105263158	1
31	EC_L3	190	146	hit_ec4_logit	110	110	0.57894736842105265	1
31	EC_L3	190	146	hit_ec4_logit	111	111	0.58421052631578951	1
31	EC_L3	190	146	hit_ec4_logit	112	112	0.58947368421052626	1
31	EC_L3	190	146	hit_ec4_logit	113	113	0.59473684210526312	1
31	EC_L3	190	146	hit_ec4_logit	114	114	0.59999999999999998	1
31	EC_L3	190	146	hit_ec4_logit	115	115	0.60526315789473684	1
31	EC_L3	190	146	hit_ec4_logit	116	116	0.61052631578947369	1
31	EC_L3	190	146	hit_ec4_logit	117	117	0.61578947368421055	1
31	EC_L3	190	146	hit_ec4_logit	118	118	0.62105263157894741	1
31	EC_L3	190	146	hit_ec4_logit	119	119	0.62631578947368416	1
31	EC_L3	190	146	hit_ec4_logit	120	120	0.63157894736842102	1
31	EC_L3	190	146	hit_ec4_logit	121	121	0.63684210526315788	1
31	EC_L3	190	146	hit_ec4_logit	122	122	0.64210526315789473	1
31	EC_L3	190	146	hit_ec4_logit	123	123	0.64736842105263159	1
31	EC_L3	190	146	hit_ec4_logit	124	124	0.65263157894736845	1
31	EC_L3	190	146	hit_ec4_logit	125	125	0.65789473684210531	1
31	EC_L3	190	146	hit_ec4_logit	126	126	0.66315789473684206	1
31	EC_L3	190	146	hit_ec4_logit	127	127	0.66842105263157892	1
31	EC_L3	190	146	hit_ec4_logit	128	128	0.67368421052631577	1
31	EC_L3	190	146	hit_ec4_logit	129	129	0.67894736842105263	1
31	EC_L3	190	146	hit_ec4_logit	130	130	0.68421052631578949	1
31	EC_L3	190	146	hit_ec4_logit	131	131	0.68947368421052635	1
31	EC_L3	190	146	hit_ec4_logit	132	132	0.69473684210526321	1
31	EC_L3	190	146	hit_ec4_logit	133	133	0.69999999999999996	1
31	EC_L3	190	146	hit_ec4_logit	134	134	0.70526315789473681	1
31	EC_L3	190	146	hit_ec4_logit	135	135	0.71052631578947367	1
31	EC_L3	190	146	hit_ec4_logit	136	136	0.71578947368421053	1
31	EC_L3	190	146	hit_ec4_logit	137	137	0.72105263157894739	1
31	EC_L3	190	146	hit_ec4_logit	138	138	0.72631578947368425	1
31	EC_L3	190	146	hit_ec4_logit	139	139	0.73157894736842111	1
31	EC_L3	190	146	hit_ec4_logit	140	140	0.73684210526315785	1
31	EC_L3	190	146	hit_ec4_logit	141	141	0.74210526315789471	1
31	EC_L3	190	146	hit_ec4_logit	142	142	0.74736842105263157	1
31	EC_L3	190	146	hit_ec4_logit	143	143	0.75263157894736843	1
31	EC_L3	190	146	hit_ec4_logit	144	144	0.75789473684210529	1
31	EC_L3	190	146	hit_ec4_logit	145	145	0.76315789473684215	1
31	EC_L3	190	146	hit_ec4_logit	146	146	0.76842105263157889	1
31	EC_L3	190	146	hit_ec4_logit	147	147	0.77368421052631575	1
31	EC_L3	190	146	hit_ec4_logit	148	148	0.77894736842105261	1
31	EC_L3	190	146	hit_ec4_logit	149	149	0.78421052631578947	1
31	EC_L3	190	146	hit_ec4_logit	150	150	0.78947368421052633	1
31	EC_L3	190	146	hit_ec4_logit	151	151	0.79473684210526319	1
31	EC_L3	190	146	hit_ec4_logit	152	152	0.80000000000000004	1
31	EC_L3	190	146	hit_ec4_logit	153	153	0.80526315789473679	1
31	EC_L3	190	146	hit_ec4_logit	154	154	0.81052631578947365	1
31	EC_L3	190	146	hit_ec4_logit	155	155	0.81578947368421051	1
31	EC_L3	190	146	hit_ec4_logit	156	156	0.82105263157894737	1
31	EC_L3	190	146	hit_ec4_logit	157	157	0.82631578947368423	1
31	EC_L3	190	146	hit_ec4_logit	158	158	0.83157894736842108	1
31	EC_L3	190	146	hit_ec4_logit	159	158	0.83684210526315794	0.99371069182389937
31	EC_L3	190	146	hit_ec4_logit	160	159	0.84210526315789469	0.99375000000000002
31	EC_L3	190	146	hit_ec4_logit	161	160	0.84736842105263155	0.99378881987577639
31	EC_L3	190	146	hit_ec4_logit	162	160	0.85263157894736841	0.98765432098765427
31	EC_L3	190	146	hit_ec4_logit	163	161	0.85789473684210527	0.98773006134969321
31	EC_L3	190	146	hit_ec4_logit	164	161	0.86315789473684212	0.98170731707317072
31	EC_L3	190	146	hit_ec4_logit	165	161	0.86842105263157898	0.97575757575757571
31	EC_L3	190	146	hit_ec4_logit	166	161	0.87368421052631584	0.96987951807228912
31	EC_L3	190	146	hit_ec4_logit	167	161	0.87894736842105259	0.9640718562874252
31	EC_L3	190	146	hit_ec4_logit	168	162	0.88421052631578945	0.9642857142857143
31	EC_L3	190	146	hit_ec4_logit	169	162	0.88947368421052631	0.95857988165680474
31	EC_L3	190	146	hit_ec4_logit	170	163	0.89473684210526316	0.95882352941176474
31	EC_L3	190	146	hit_ec4_logit	171	164	0.90000000000000002	0.95906432748538006
31	EC_L3	190	146	hit_ec4_logit	172	164	0.90526315789473688	0.95348837209302328
31	EC_L3	190	146	hit_ec4_logit	173	164	0.91052631578947374	0.94797687861271673
31	EC_L3	190	146	hit_ec4_logit	174	164	0.91578947368421049	0.94252873563218387
31	EC_L3	190	146	hit_ec4_logit	175	164	0.92105263157894735	0.93714285714285717
31	EC_L3	190	146	hit_ec4_logit	176	164	0.9263157894736842	0.93181818181818177
31	EC_L3	190	146	hit_ec4_logit	177	164	0.93157894736842106	0.92655367231638419
31	EC_L3	190	146	hit_ec4_logit	178	164	0.93684210526315792	0.9213483146067416
31	EC_L3	190	146	hit_ec4_logit	179	165	0.94210526315789478	0.92178770949720668
31	EC_L3	190	146	hit_ec4_logit	180	165	0.94736842105263153	0.91666666666666663
31	EC_L3	190	146	hit_ec4_logit	181	165	0.95263157894736838	0.91160220994475138
31	EC_L3	190	146	hit_ec4_logit	182	165	0.95789473684210524	0.90659340659340659
31	EC_L3	190	146	hit_ec4_logit	183	165	0.9631578947368421	0.90163934426229508
31	EC_L3	190	146	hit_ec4_logit	184	165	0.96842105263157896	0.89673913043478259
31	EC_L3	190	146	hit_ec4_logit	185	166	0.97368421052631582	0.89729729729729735
31	EC_L3	190	146	hit_ec4_logit	186	166	0.97894736842105268	0.89247311827956988
31	EC_L3	190	146	hit_ec4_logit	187	166	0.98421052631578942	0.88770053475935828
31	EC_L3	190	146	hit_ec4_logit	188	166	0.98947368421052628	0.88297872340425532
31	EC_L3	190	146	hit_ec4_logit	189	166	0.99473684210526314	0.87830687830687826
31	EC_L3	190	146	hit_ec4_logit	190	166	1	0.87368421052631584
31	EC_L3	190	146	hit_ec4_softmax	1	1	0.005263157894736842	1
31	EC_L3	190	146	hit_ec4_softmax	2	2	0.010526315789473684	1
31	EC_L3	190	146	hit_ec4_softmax	3	3	0.015789473684210527	1
31	EC_L3	190	146	hit_ec4_softmax	4	4	0.021052631578947368	1
31	EC_L3	190	146	hit_ec4_softmax	5	5	0.026315789473684209	1
31	EC_L3	190	146	hit_ec4_softmax	6	6	0.031578947368421054	1
31	EC_L3	190	146	hit_ec4_softmax	7	7	0.036842105263157891	1
31	EC_L3	190	146	hit_ec4_softmax	8	8	0.042105263157894736	1
31	EC_L3	190	146	hit_ec4_softmax	9	9	0.04736842105263158	1
31	EC_L3	190	146	hit_ec4_softmax	10	10	0.052631578947368418	1
31	EC_L3	190	146	hit_ec4_softmax	11	11	0.057894736842105263	1
31	EC_L3	190	146	hit_ec4_softmax	12	12	0.063157894736842107	1
31	EC_L3	190	146	hit_ec4_softmax	13	13	0.068421052631578952	1
31	EC_L3	190	146	hit_ec4_softmax	14	14	0.073684210526315783	1
31	EC_L3	190	146	hit_ec4_softmax	15	15	0.078947368421052627	1
31	EC_L3	190	146	hit_ec4_softmax	16	16	0.084210526315789472	1
31	EC_L3	190	146	hit_ec4_softmax	17	17	0.089473684210526316	1
31	EC_L3	190	146	hit_ec4_softmax	18	18	0.094736842105263161	1
31	EC_L3	190	146	hit_ec4_softmax	19	19	0.10000000000000001	1
31	EC_L3	190	146	hit_ec4_softmax	20	20	0.10526315789473684	1
31	EC_L3	190	146	hit_ec4_softmax	21	21	0.11052631578947368	1
31	EC_L3	190	146	hit_ec4_softmax	22	22	0.11578947368421053	1
31	EC_L3	190	146	hit_ec4_softmax	23	23	0.12105263157894737	1
31	EC_L3	190	146	hit_ec4_softmax	24	24	0.12631578947368421	1
31	EC_L3	190	146	hit_ec4_softmax	25	25	0.13157894736842105	1
31	EC_L3	190	146	hit_ec4_softmax	26	26	0.1368421052631579	1
31	EC_L3	190	146	hit_ec4_softmax	27	27	0.14210526315789473	1
31	EC_L3	190	146	hit_ec4_softmax	28	28	0.14736842105263157	1
31	EC_L3	190	146	hit_ec4_softmax	29	29	0.15263157894736842	1
31	EC_L3	190	146	hit_ec4_softmax	30	30	0.15789473684210525	1
31	EC_L3	190	146	hit_ec4_softmax	31	31	0.16315789473684211	1
31	EC_L3	190	146	hit_ec4_softmax	32	32	0.16842105263157894	1
31	EC_L3	190	146	hit_ec4_softmax	33	33	0.1736842105263158	1
31	EC_L3	190	146	hit_ec4_softmax	34	34	0.17894736842105263	1
31	EC_L3	190	146	hit_ec4_softmax	35	35	0.18421052631578946	1
31	EC_L3	190	146	hit_ec4_softmax	36	36	0.18947368421052632	1
31	EC_L3	190	146	hit_ec4_softmax	37	37	0.19473684210526315	1
31	EC_L3	190	146	hit_ec4_softmax	38	38	0.20000000000000001	1
31	EC_L3	190	146	hit_ec4_softmax	39	39	0.20526315789473684	1
31	EC_L3	190	146	hit_ec4_softmax	40	40	0.21052631578947367	1
31	EC_L3	190	146	hit_ec4_softmax	41	41	0.21578947368421053	1
31	EC_L3	190	146	hit_ec4_softmax	42	42	0.22105263157894736	1
31	EC_L3	190	146	hit_ec4_softmax	43	43	0.22631578947368422	1
31	EC_L3	190	146	hit_ec4_softmax	44	44	0.23157894736842105	1
31	EC_L3	190	146	hit_ec4_softmax	45	45	0.23684210526315788	1
31	EC_L3	190	146	hit_ec4_softmax	46	46	0.24210526315789474	1
31	EC_L3	190	146	hit_ec4_softmax	47	47	0.24736842105263157	1
31	EC_L3	190	146	hit_ec4_softmax	48	48	0.25263157894736843	1
31	EC_L3	190	146	hit_ec4_softmax	49	49	0.25789473684210529	1
31	EC_L3	190	146	hit_ec4_softmax	50	50	0.26315789473684209	1
31	EC_L3	190	146	hit_ec4_softmax	51	51	0.26842105263157895	1
31	EC_L3	190	146	hit_ec4_softmax	52	52	0.27368421052631581	1
31	EC_L3	190	146	hit_ec4_softmax	53	53	0.27894736842105261	1
31	EC_L3	190	146	hit_ec4_softmax	54	54	0.28421052631578947	1
31	EC_L3	190	146	hit_ec4_softmax	55	55	0.28947368421052633	1
31	EC_L3	190	146	hit_ec4_softmax	56	56	0.29473684210526313	1
31	EC_L3	190	146	hit_ec4_softmax	57	57	0.29999999999999999	1
31	EC_L3	190	146	hit_ec4_softmax	58	58	0.30526315789473685	1
31	EC_L3	190	146	hit_ec4_softmax	59	59	0.31052631578947371	1
31	EC_L3	190	146	hit_ec4_softmax	60	60	0.31578947368421051	1
31	EC_L3	190	146	hit_ec4_softmax	61	61	0.32105263157894737	1
31	EC_L3	190	146	hit_ec4_softmax	62	62	0.32631578947368423	1
31	EC_L3	190	146	hit_ec4_softmax	63	63	0.33157894736842103	1
31	EC_L3	190	146	hit_ec4_softmax	64	64	0.33684210526315789	1
31	EC_L3	190	146	hit_ec4_softmax	65	65	0.34210526315789475	1
31	EC_L3	190	146	hit_ec4_softmax	66	66	0.3473684210526316	1
31	EC_L3	190	146	hit_ec4_softmax	67	67	0.35263157894736841	1
31	EC_L3	190	146	hit_ec4_softmax	68	68	0.35789473684210527	1
31	EC_L3	190	146	hit_ec4_softmax	69	69	0.36315789473684212	1
31	EC_L3	190	146	hit_ec4_softmax	70	70	0.36842105263157893	1
31	EC_L3	190	146	hit_ec4_softmax	71	71	0.37368421052631579	1
31	EC_L3	190	146	hit_ec4_softmax	72	72	0.37894736842105264	1
31	EC_L3	190	146	hit_ec4_softmax	73	73	0.38421052631578945	1
31	EC_L3	190	146	hit_ec4_softmax	74	74	0.38947368421052631	1
31	EC_L3	190	146	hit_ec4_softmax	75	75	0.39473684210526316	1
31	EC_L3	190	146	hit_ec4_softmax	76	76	0.40000000000000002	1
31	EC_L3	190	146	hit_ec4_softmax	77	77	0.40526315789473683	1
31	EC_L3	190	146	hit_ec4_softmax	78	78	0.41052631578947368	1
31	EC_L3	190	146	hit_ec4_softmax	79	79	0.41578947368421054	1
31	EC_L3	190	146	hit_ec4_softmax	80	80	0.42105263157894735	1
31	EC_L3	190	146	hit_ec4_softmax	81	81	0.4263157894736842	1
31	EC_L3	190	146	hit_ec4_softmax	82	82	0.43157894736842106	1
31	EC_L3	190	146	hit_ec4_softmax	83	83	0.43684210526315792	1
31	EC_L3	190	146	hit_ec4_softmax	84	84	0.44210526315789472	1
31	EC_L3	190	146	hit_ec4_softmax	85	85	0.44736842105263158	1
31	EC_L3	190	146	hit_ec4_softmax	86	86	0.45263157894736844	1
31	EC_L3	190	146	hit_ec4_softmax	87	87	0.45789473684210524	1
31	EC_L3	190	146	hit_ec4_softmax	88	88	0.4631578947368421	1
31	EC_L3	190	146	hit_ec4_softmax	89	89	0.46842105263157896	1
31	EC_L3	190	146	hit_ec4_softmax	90	90	0.47368421052631576	1
31	EC_L3	190	146	hit_ec4_softmax	91	91	0.47894736842105262	1
31	EC_L3	190	146	hit_ec4_softmax	92	92	0.48421052631578948	1
31	EC_L3	190	146	hit_ec4_softmax	93	93	0.48947368421052634	1
31	EC_L3	190	146	hit_ec4_softmax	94	94	0.49473684210526314	1
31	EC_L3	190	146	hit_ec4_softmax	95	95	0.5	1
31	EC_L3	190	146	hit_ec4_softmax	96	96	0.50526315789473686	1
31	EC_L3	190	146	hit_ec4_softmax	97	97	0.51052631578947372	1
31	EC_L3	190	146	hit_ec4_softmax	98	98	0.51578947368421058	1
31	EC_L3	190	146	hit_ec4_softmax	99	99	0.52105263157894732	1
31	EC_L3	190	146	hit_ec4_softmax	100	100	0.52631578947368418	1
31	EC_L3	190	146	hit_ec4_softmax	101	101	0.53157894736842104	1
31	EC_L3	190	146	hit_ec4_softmax	102	102	0.5368421052631579	1
31	EC_L3	190	146	hit_ec4_softmax	103	103	0.54210526315789476	1
31	EC_L3	190	146	hit_ec4_softmax	104	104	0.54736842105263162	1
31	EC_L3	190	146	hit_ec4_softmax	105	105	0.55263157894736847	1
31	EC_L3	190	146	hit_ec4_softmax	106	106	0.55789473684210522	1
31	EC_L3	190	146	hit_ec4_softmax	107	107	0.56315789473684208	1
31	EC_L3	190	146	hit_ec4_softmax	108	108	0.56842105263157894	1
31	EC_L3	190	146	hit_ec4_softmax	109	109	0.5736842105263158	1
31	EC_L3	190	146	hit_ec4_softmax	110	110	0.57894736842105265	1
31	EC_L3	190	146	hit_ec4_softmax	111	111	0.58421052631578951	1
31	EC_L3	190	146	hit_ec4_softmax	112	112	0.58947368421052626	1
31	EC_L3	190	146	hit_ec4_softmax	113	113	0.59473684210526312	1
31	EC_L3	190	146	hit_ec4_softmax	114	114	0.59999999999999998	1
31	EC_L3	190	146	hit_ec4_softmax	115	115	0.60526315789473684	1
31	EC_L3	190	146	hit_ec4_softmax	116	116	0.61052631578947369	1
31	EC_L3	190	146	hit_ec4_softmax	117	117	0.61578947368421055	1
31	EC_L3	190	146	hit_ec4_softmax	118	118	0.62105263157894741	1
31	EC_L3	190	146	hit_ec4_softmax	119	119	0.62631578947368416	1
31	EC_L3	190	146	hit_ec4_softmax	120	120	0.63157894736842102	1
31	EC_L3	190	146	hit_ec4_softmax	121	121	0.63684210526315788	1
31	EC_L3	190	146	hit_ec4_softmax	122	122	0.64210526315789473	1
31	EC_L3	190	146	hit_ec4_softmax	123	123	0.64736842105263159	1
31	EC_L3	190	146	hit_ec4_softmax	124	124	0.65263157894736845	1
31	EC_L3	190	146	hit_ec4_softmax	125	125	0.65789473684210531	1
31	EC_L3	190	146	hit_ec4_softmax	126	126	0.66315789473684206	1
31	EC_L3	190	146	hit_ec4_softmax	127	127	0.66842105263157892	1
31	EC_L3	190	146	hit_ec4_softmax	128	128	0.67368421052631577	1
31	EC_L3	190	146	hit_ec4_softmax	129	129	0.67894736842105263	1
31	EC_L3	190	146	hit_ec4_softmax	130	130	0.68421052631578949	1
31	EC_L3	190	146	hit_ec4_softmax	131	131	0.68947368421052635	1
31	EC_L3	190	146	hit_ec4_softmax	132	132	0.69473684210526321	1
31	EC_L3	190	146	hit_ec4_softmax	133	133	0.69999999999999996	1
31	EC_L3	190	146	hit_ec4_softmax	134	134	0.70526315789473681	1
31	EC_L3	190	146	hit_ec4_softmax	135	135	0.71052631578947367	1
31	EC_L3	190	146	hit_ec4_softmax	136	136	0.71578947368421053	1
31	EC_L3	190	146	hit_ec4_softmax	137	137	0.72105263157894739	1
31	EC_L3	190	146	hit_ec4_softmax	138	138	0.72631578947368425	1
31	EC_L3	190	146	hit_ec4_softmax	139	139	0.73157894736842111	1
31	EC_L3	190	146	hit_ec4_softmax	140	140	0.73684210526315785	1
31	EC_L3	190	146	hit_ec4_softmax	141	141	0.74210526315789471	1
31	EC_L3	190	146	hit_ec4_softmax	142	142	0.74736842105263157	1
31	EC_L3	190	146	hit_ec4_softmax	143	143	0.75263157894736843	1
31	EC_L3	190	146	hit_ec4_softmax	144	144	0.75789473684210529	1
31	EC_L3	190	146	hit_ec4_softmax	145	145	0.76315789473684215	1
31	EC_L3	190	146	hit_ec4_softmax	146	146	0.76842105263157889	1
31	EC_L3	190	146	hit_ec4_softmax	147	147	0.77368421052631575	1
31	EC_L3	190	146	hit_ec4_softmax	148	147	0.77894736842105261	0.9932432432432432
31	EC_L3	190	146	hit_ec4_softmax	149	148	0.78421052631578947	0.99328859060402686
31	EC_L3	190	146	hit_ec4_softmax	150	149	0.78947368421052633	0.99333333333333329
31	EC_L3	190	146	hit_ec4_softmax	151	150	0.79473684210526319	0.99337748344370858
31	EC_L3	190	146	hit_ec4_softmax	152	151	0.80000000000000004	0.99342105263157898
31	EC_L3	190	146	hit_ec4_softmax	153	152	0.80526315789473679	0.99346405228758172
31	EC_L3	190	146	hit_ec4_softmax	154	153	0.81052631578947365	0.99350649350649356
31	EC_L3	190	146	hit_ec4_softmax	155	154	0.81578947368421051	0.99354838709677418
31	EC_L3	190	146	hit_ec4_softmax	156	154	0.82105263157894737	0.98717948717948723
31	EC_L3	190	146	hit_ec4_softmax	157	154	0.82631578947368423	0.98089171974522293
31	EC_L3	190	146	hit_ec4_softmax	158	154	0.83157894736842108	0.97468354430379744
31	EC_L3	190	146	hit_ec4_softmax	159	154	0.83684210526315794	0.96855345911949686
31	EC_L3	190	146	hit_ec4_softmax	160	154	0.84210526315789469	0.96250000000000002
31	EC_L3	190	146	hit_ec4_softmax	161	155	0.84736842105263155	0.96273291925465843
31	EC_L3	190	146	hit_ec4_softmax	162	156	0.85263157894736841	0.96296296296296291
31	EC_L3	190	146	hit_ec4_softmax	163	156	0.85789473684210527	0.95705521472392641
31	EC_L3	190	146	hit_ec4_softmax	164	156	0.86315789473684212	0.95121951219512191
31	EC_L3	190	146	hit_ec4_softmax	165	157	0.86842105263157898	0.95151515151515154
31	EC_L3	190	146	hit_ec4_softmax	166	158	0.87368421052631584	0.95180722891566261
31	EC_L3	190	146	hit_ec4_softmax	167	159	0.87894736842105259	0.95209580838323349
31	EC_L3	190	146	hit_ec4_softmax	168	160	0.88421052631578945	0.95238095238095233
31	EC_L3	190	146	hit_ec4_softmax	169	161	0.88947368421052631	0.9526627218934911
31	EC_L3	190	146	hit_ec4_softmax	170	162	0.89473684210526316	0.95294117647058818
31	EC_L3	190	146	hit_ec4_softmax	171	162	0.90000000000000002	0.94736842105263153
31	EC_L3	190	146	hit_ec4_softmax	172	162	0.90526315789473688	0.94186046511627908
31	EC_L3	190	146	hit_ec4_softmax	173	163	0.91052631578947374	0.94219653179190754
31	EC_L3	190	146	hit_ec4_softmax	174	164	0.91578947368421049	0.94252873563218387
31	EC_L3	190	146	hit_ec4_softmax	175	164	0.92105263157894735	0.93714285714285717
31	EC_L3	190	146	hit_ec4_softmax	176	164	0.9263157894736842	0.93181818181818177
31	EC_L3	190	146	hit_ec4_softmax	177	164	0.93157894736842106	0.92655367231638419
31	EC_L3	190	146	hit_ec4_softmax	178	165	0.93684210526315792	0.9269662921348315
31	EC_L3	190	146	hit_ec4_softmax	179	165	0.94210526315789478	0.92178770949720668
31	EC_L3	190	146	hit_ec4_softmax	180	165	0.94736842105263153	0.91666666666666663
31	EC_L3	190	146	hit_ec4_softmax	181	165	0.95263157894736838	0.91160220994475138
31	EC_L3	190	146	hit_ec4_softmax	182	166	0.95789473684210524	0.91208791208791207
31	EC_L3	190	146	hit_ec4_softmax	183	166	0.9631578947368421	0.90710382513661203
31	EC_L3	190	146	hit_ec4_softmax	184	166	0.96842105263157896	0.90217391304347827
31	EC_L3	190	146	hit_ec4_softmax	185	166	0.97368421052631582	0.89729729729729735
31	EC_L3	190	146	hit_ec4_softmax	186	166	0.97894736842105268	0.89247311827956988
31	EC_L3	190	146	hit_ec4_softmax	187	166	0.98421052631578942	0.88770053475935828
31	EC_L3	190	146	hit_ec4_softmax	188	166	0.98947368421052628	0.88297872340425532
31	EC_L3	190	146	hit_ec4_softmax	189	166	0.99473684210526314	0.87830687830687826
31	EC_L3	190	146	hit_ec4_softmax	190	166	1	0.87368421052631584
31	EC_L3	190	146	hit_ec4_margin	1	1	0.005263157894736842	1
31	EC_L3	190	146	hit_ec4_margin	2	2	0.010526315789473684	1
31	EC_L3	190	146	hit_ec4_margin	3	3	0.015789473684210527	1
31	EC_L3	190	146	hit_ec4_margin	4	4	0.021052631578947368	1
31	EC_L3	190	146	hit_ec4_margin	5	5	0.026315789473684209	1
31	EC_L3	190	146	hit_ec4_margin	6	6	0.031578947368421054	1
31	EC_L3	190	146	hit_ec4_margin	7	7	0.036842105263157891	1
31	EC_L3	190	146	hit_ec4_margin	8	8	0.042105263157894736	1
31	EC_L3	190	146	hit_ec4_margin	9	9	0.04736842105263158	1
31	EC_L3	190	146	hit_ec4_margin	10	10	0.052631578947368418	1
31	EC_L3	190	146	hit_ec4_margin	11	11	0.057894736842105263	1
31	EC_L3	190	146	hit_ec4_margin	12	12	0.063157894736842107	1
31	EC_L3	190	146	hit_ec4_margin	13	13	0.068421052631578952	1
31	EC_L3	190	146	hit_ec4_margin	14	14	0.073684210526315783	1
31	EC_L3	190	146	hit_ec4_margin	15	15	0.078947368421052627	1
31	EC_L3	190	146	hit_ec4_margin	16	16	0.084210526315789472	1
31	EC_L3	190	146	hit_ec4_margin	17	17	0.089473684210526316	1
31	EC_L3	190	146	hit_ec4_margin	18	18	0.094736842105263161	1
31	EC_L3	190	146	hit_ec4_margin	19	19	0.10000000000000001	1
31	EC_L3	190	146	hit_ec4_margin	20	20	0.10526315789473684	1
31	EC_L3	190	146	hit_ec4_margin	21	21	0.11052631578947368	1
31	EC_L3	190	146	hit_ec4_margin	22	22	0.11578947368421053	1
31	EC_L3	190	146	hit_ec4_margin	23	23	0.12105263157894737	1
31	EC_L3	190	146	hit_ec4_margin	24	24	0.12631578947368421	1
31	EC_L3	190	146	hit_ec4_margin	25	25	0.13157894736842105	1
31	EC_L3	190	146	hit_ec4_margin	26	26	0.1368421052631579	1
31	EC_L3	190	146	hit_ec4_margin	27	27	0.14210526315789473	1
31	EC_L3	190	146	hit_ec4_margin	28	28	0.14736842105263157	1
31	EC_L3	190	146	hit_ec4_margin	29	29	0.15263157894736842	1
31	EC_L3	190	146	hit_ec4_margin	30	30	0.15789473684210525	1
31	EC_L3	190	146	hit_ec4_margin	31	31	0.16315789473684211	1
31	EC_L3	190	146	hit_ec4_margin	32	32	0.16842105263157894	1
31	EC_L3	190	146	hit_ec4_margin	33	33	0.1736842105263158	1
31	EC_L3	190	146	hit_ec4_margin	34	34	0.17894736842105263	1
31	EC_L3	190	146	hit_ec4_margin	35	35	0.18421052631578946	1
31	EC_L3	190	146	hit_ec4_margin	36	36	0.18947368421052632	1
31	EC_L3	190	146	hit_ec4_margin	37	37	0.19473684210526315	1
31	EC_L3	190	146	hit_ec4_margin	38	38	0.20000000000000001	1
31	EC_L3	190	146	hit_ec4_margin	39	39	0.20526315789473684	1
31	EC_L3	190	146	hit_ec4_margin	40	40	0.21052631578947367	1
31	EC_L3	190	146	hit_ec4_margin	41	41	0.21578947368421053	1
31	EC_L3	190	146	hit_ec4_margin	42	42	0.22105263157894736	1
31	EC_L3	190	146	hit_ec4_margin	43	43	0.22631578947368422	1
31	EC_L3	190	146	hit_ec4_margin	44	44	0.23157894736842105	1
31	EC_L3	190	146	hit_ec4_margin	45	45	0.23684210526315788	1
31	EC_L3	190	146	hit_ec4_margin	46	46	0.24210526315789474	1
31	EC_L3	190	146	hit_ec4_margin	47	47	0.24736842105263157	1
31	EC_L3	190	146	hit_ec4_margin	48	48	0.25263157894736843	1
31	EC_L3	190	146	hit_ec4_margin	49	49	0.25789473684210529	1
31	EC_L3	190	146	hit_ec4_margin	50	50	0.26315789473684209	1
31	EC_L3	190	146	hit_ec4_margin	51	51	0.26842105263157895	1
31	EC_L3	190	146	hit_ec4_margin	52	52	0.27368421052631581	1
31	EC_L3	190	146	hit_ec4_margin	53	53	0.27894736842105261	1
31	EC_L3	190	146	hit_ec4_margin	54	54	0.28421052631578947	1
31	EC_L3	190	146	hit_ec4_margin	55	55	0.28947368421052633	1
31	EC_L3	190	146	hit_ec4_margin	56	56	0.29473684210526313	1
31	EC_L3	190	146	hit_ec4_margin	57	57	0.29999999999999999	1
31	EC_L3	190	146	hit_ec4_margin	58	58	0.30526315789473685	1
31	EC_L3	190	146	hit_ec4_margin	59	59	0.31052631578947371	1
31	EC_L3	190	146	hit_ec4_margin	60	60	0.31578947368421051	1
31	EC_L3	190	146	hit_ec4_margin	61	61	0.32105263157894737	1
31	EC_L3	190	146	hit_ec4_margin	62	62	0.32631578947368423	1
31	EC_L3	190	146	hit_ec4_margin	63	63	0.33157894736842103	1
31	EC_L3	190	146	hit_ec4_margin	64	64	0.33684210526315789	1
31	EC_L3	190	146	hit_ec4_margin	65	65	0.34210526315789475	1
31	EC_L3	190	146	hit_ec4_margin	66	66	0.3473684210526316	1
31	EC_L3	190	146	hit_ec4_margin	67	67	0.35263157894736841	1
31	EC_L3	190	146	hit_ec4_margin	68	68	0.35789473684210527	1
31	EC_L3	190	146	hit_ec4_margin	69	69	0.36315789473684212	1
31	EC_L3	190	146	hit_ec4_margin	70	70	0.36842105263157893	1
31	EC_L3	190	146	hit_ec4_margin	71	71	0.37368421052631579	1
31	EC_L3	190	146	hit_ec4_margin	72	72	0.37894736842105264	1
31	EC_L3	190	146	hit_ec4_margin	73	73	0.38421052631578945	1
31	EC_L3	190	146	hit_ec4_margin	74	74	0.38947368421052631	1
31	EC_L3	190	146	hit_ec4_margin	75	75	0.39473684210526316	1
31	EC_L3	190	146	hit_ec4_margin	76	76	0.40000000000000002	1
31	EC_L3	190	146	hit_ec4_margin	77	77	0.40526315789473683	1
31	EC_L3	190	146	hit_ec4_margin	78	78	0.41052631578947368	1
31	EC_L3	190	146	hit_ec4_margin	79	79	0.41578947368421054	1
31	EC_L3	190	146	hit_ec4_margin	80	80	0.42105263157894735	1
31	EC_L3	190	146	hit_ec4_margin	81	81	0.4263157894736842	1
31	EC_L3	190	146	hit_ec4_margin	82	82	0.43157894736842106	1
31	EC_L3	190	146	hit_ec4_margin	83	83	0.43684210526315792	1
31	EC_L3	190	146	hit_ec4_margin	84	84	0.44210526315789472	1
31	EC_L3	190	146	hit_ec4_margin	85	85	0.44736842105263158	1
31	EC_L3	190	146	hit_ec4_margin	86	86	0.45263157894736844	1
31	EC_L3	190	146	hit_ec4_margin	87	87	0.45789473684210524	1
31	EC_L3	190	146	hit_ec4_margin	88	88	0.4631578947368421	1
31	EC_L3	190	146	hit_ec4_margin	89	89	0.46842105263157896	1
31	EC_L3	190	146	hit_ec4_margin	90	90	0.47368421052631576	1
31	EC_L3	190	146	hit_ec4_margin	91	91	0.47894736842105262	1
31	EC_L3	190	146	hit_ec4_margin	92	92	0.48421052631578948	1
31	EC_L3	190	146	hit_ec4_margin	93	93	0.48947368421052634	1
31	EC_L3	190	146	hit_ec4_margin	94	94	0.49473684210526314	1
31	EC_L3	190	146	hit_ec4_margin	95	95	0.5	1
31	EC_L3	190	146	hit_ec4_margin	96	96	0.50526315789473686	1
31	EC_L3	190	146	hit_ec4_margin	97	97	0.51052631578947372	1
31	EC_L3	190	146	hit_ec4_margin	98	98	0.51578947368421058	1
31	EC_L3	190	146	hit_ec4_margin	99	99	0.52105263157894732	1
31	EC_L3	190	146	hit_ec4_margin	100	100	0.52631578947368418	1
31	EC_L3	190	146	hit_ec4_margin	101	101	0.53157894736842104	1
31	EC_L3	190	146	hit_ec4_margin	102	102	0.5368421052631579	1
31	EC_L3	190	146	hit_ec4_margin	103	103	0.54210526315789476	1
31	EC_L3	190	146	hit_ec4_margin	104	104	0.54736842105263162	1
31	EC_L3	190	146	hit_ec4_margin	105	105	0.55263157894736847	1
31	EC_L3	190	146	hit_ec4_margin	106	106	0.55789473684210522	1
31	EC_L3	190	146	hit_ec4_margin	107	107	0.56315789473684208	1
31	EC_L3	190	146	hit_ec4_margin	108	108	0.56842105263157894	1
31	EC_L3	190	146	hit_ec4_margin	109	109	0.5736842105263158	1
31	EC_L3	190	146	hit_ec4_margin	110	110	0.57894736842105265	1
31	EC_L3	190	146	hit_ec4_margin	111	111	0.58421052631578951	1
31	EC_L3	190	146	hit_ec4_margin	112	112	0.58947368421052626	1
31	EC_L3	190	146	hit_ec4_margin	113	113	0.59473684210526312	1
31	EC_L3	190	146	hit_ec4_margin	114	114	0.59999999999999998	1
31	EC_L3	190	146	hit_ec4_margin	115	115	0.60526315789473684	1
31	EC_L3	190	146	hit_ec4_margin	116	116	0.61052631578947369	1
31	EC_L3	190	146	hit_ec4_margin	117	117	0.61578947368421055	1
31	EC_L3	190	146	hit_ec4_margin	118	118	0.62105263157894741	1
31	EC_L3	190	146	hit_ec4_margin	119	119	0.62631578947368416	1
31	EC_L3	190	146	hit_ec4_margin	120	120	0.63157894736842102	1
31	EC_L3	190	146	hit_ec4_margin	121	121	0.63684210526315788	1
31	EC_L3	190	146	hit_ec4_margin	122	122	0.64210526315789473	1
31	EC_L3	190	146	hit_ec4_margin	123	123	0.64736842105263159	1
31	EC_L3	190	146	hit_ec4_margin	124	124	0.65263157894736845	1
31	EC_L3	190	146	hit_ec4_margin	125	125	0.65789473684210531	1
31	EC_L3	190	146	hit_ec4_margin	126	126	0.66315789473684206	1
31	EC_L3	190	146	hit_ec4_margin	127	127	0.66842105263157892	1
31	EC_L3	190	146	hit_ec4_margin	128	128	0.67368421052631577	1
31	EC_L3	190	146	hit_ec4_margin	129	129	0.67894736842105263	1
31	EC_L3	190	146	hit_ec4_margin	130	130	0.68421052631578949	1
31	EC_L3	190	146	hit_ec4_margin	131	131	0.68947368421052635	1
31	EC_L3	190	146	hit_ec4_margin	132	132	0.69473684210526321	1
31	EC_L3	190	146	hit_ec4_margin	133	133	0.69999999999999996	1
31	EC_L3	190	146	hit_ec4_margin	134	134	0.70526315789473681	1
31	EC_L3	190	146	hit_ec4_margin	135	135	0.71052631578947367	1
31	EC_L3	190	146	hit_ec4_margin	136	136	0.71578947368421053	1
31	EC_L3	190	146	hit_ec4_margin	137	137	0.72105263157894739	1
31	EC_L3	190	146	hit_ec4_margin	138	138	0.72631578947368425	1
31	EC_L3	190	146	hit_ec4_margin	139	139	0.73157894736842111	1
31	EC_L3	190	146	hit_ec4_margin	140	140	0.73684210526315785	1
31	EC_L3	190	146	hit_ec4_margin	141	141	0.74210526315789471	1
31	EC_L3	190	146	hit_ec4_margin	142	142	0.74736842105263157	1
31	EC_L3	190	146	hit_ec4_margin	143	143	0.75263157894736843	1
31	EC_L3	190	146	hit_ec4_margin	144	144	0.75789473684210529	1
31	EC_L3	190	146	hit_ec4_margin	145	145	0.76315789473684215	1
31	EC_L3	190	146	hit_ec4_margin	146	146	0.76842105263157889	1
31	EC_L3	190	146	hit_ec4_margin	147	146	0.77368421052631575	0.99319727891156462
31	EC_L3	190	146	hit_ec4_margin	148	147	0.77894736842105261	0.9932432432432432
31	EC_L3	190	146	hit_ec4_margin	149	148	0.78421052631578947	0.99328859060402686
31	EC_L3	190	146	hit_ec4_margin	150	149	0.78947368421052633	0.99333333333333329
31	EC_L3	190	146	hit_ec4_margin	151	150	0.79473684210526319	0.99337748344370858
31	EC_L3	190	146	hit_ec4_margin	152	151	0.80000000000000004	0.99342105263157898
31	EC_L3	190	146	hit_ec4_margin	153	152	0.80526315789473679	0.99346405228758172
31	EC_L3	190	146	hit_ec4_margin	154	153	0.81052631578947365	0.99350649350649356
31	EC_L3	190	146	hit_ec4_margin	155	153	0.81578947368421051	0.98709677419354835
31	EC_L3	190	146	hit_ec4_margin	156	154	0.82105263157894737	0.98717948717948723
31	EC_L3	190	146	hit_ec4_margin	157	154	0.82631578947368423	0.98089171974522293
31	EC_L3	190	146	hit_ec4_margin	158	154	0.83157894736842108	0.97468354430379744
31	EC_L3	190	146	hit_ec4_margin	159	154	0.83684210526315794	0.96855345911949686
31	EC_L3	190	146	hit_ec4_margin	160	154	0.84210526315789469	0.96250000000000002
31	EC_L3	190	146	hit_ec4_margin	161	155	0.84736842105263155	0.96273291925465843
31	EC_L3	190	146	hit_ec4_margin	162	155	0.85263157894736841	0.95679012345679015
31	EC_L3	190	146	hit_ec4_margin	163	156	0.85789473684210527	0.95705521472392641
31	EC_L3	190	146	hit_ec4_margin	164	156	0.86315789473684212	0.95121951219512191
31	EC_L3	190	146	hit_ec4_margin	165	157	0.86842105263157898	0.95151515151515154
31	EC_L3	190	146	hit_ec4_margin	166	158	0.87368421052631584	0.95180722891566261
31	EC_L3	190	146	hit_ec4_margin	167	159	0.87894736842105259	0.95209580838323349
31	EC_L3	190	146	hit_ec4_margin	168	159	0.88421052631578945	0.9464285714285714
31	EC_L3	190	146	hit_ec4_margin	169	160	0.88947368421052631	0.94674556213017746
31	EC_L3	190	146	hit_ec4_margin	170	161	0.89473684210526316	0.94705882352941173
31	EC_L3	190	146	hit_ec4_margin	171	162	0.90000000000000002	0.94736842105263153
31	EC_L3	190	146	hit_ec4_margin	172	162	0.90526315789473688	0.94186046511627908
31	EC_L3	190	146	hit_ec4_margin	173	163	0.91052631578947374	0.94219653179190754
31	EC_L3	190	146	hit_ec4_margin	174	163	0.91578947368421049	0.93678160919540232
31	EC_L3	190	146	hit_ec4_margin	175	164	0.92105263157894735	0.93714285714285717
31	EC_L3	190	146	hit_ec4_margin	176	164	0.9263157894736842	0.93181818181818177
31	EC_L3	190	146	hit_ec4_margin	177	164	0.93157894736842106	0.92655367231638419
31	EC_L3	190	146	hit_ec4_margin	178	165	0.93684210526315792	0.9269662921348315
31	EC_L3	190	146	hit_ec4_margin	179	165	0.94210526315789478	0.92178770949720668
31	EC_L3	190	146	hit_ec4_margin	180	165	0.94736842105263153	0.91666666666666663
31	EC_L3	190	146	hit_ec4_margin	181	165	0.95263157894736838	0.91160220994475138
31	EC_L3	190	146	hit_ec4_margin	182	165	0.95789473684210524	0.90659340659340659
31	EC_L3	190	146	hit_ec4_margin	183	165	0.9631578947368421	0.90163934426229508
31	EC_L3	190	146	hit_ec4_margin	184	165	0.96842105263157896	0.89673913043478259
31	EC_L3	190	146	hit_ec4_margin	185	165	0.97368421052631582	0.89189189189189189
31	EC_L3	190	146	hit_ec4_margin	186	165	0.97894736842105268	0.88709677419354838
31	EC_L3	190	146	hit_ec4_margin	187	165	0.98421052631578942	0.88235294117647056
31	EC_L3	190	146	hit_ec4_margin	188	166	0.98947368421052628	0.88297872340425532
31	EC_L3	190	146	hit_ec4_margin	189	166	0.99473684210526314	0.87830687830687826
31	EC_L3	190	146	hit_ec4_margin	190	166	1	0.87368421052631584
31	EC_L3	190	146	hit_native_level_logit	1	1	0.005263157894736842	1
31	EC_L3	190	146	hit_native_level_logit	2	2	0.010526315789473684	1
31	EC_L3	190	146	hit_native_level_logit	3	3	0.015789473684210527	1
31	EC_L3	190	146	hit_native_level_logit	4	4	0.021052631578947368	1
31	EC_L3	190	146	hit_native_level_logit	5	5	0.026315789473684209	1
31	EC_L3	190	146	hit_native_level_logit	6	6	0.031578947368421054	1
31	EC_L3	190	146	hit_native_level_logit	7	7	0.036842105263157891	1
31	EC_L3	190	146	hit_native_level_logit	8	8	0.042105263157894736	1
31	EC_L3	190	146	hit_native_level_logit	9	9	0.04736842105263158	1
31	EC_L3	190	146	hit_native_level_logit	10	10	0.052631578947368418	1
31	EC_L3	190	146	hit_native_level_logit	11	11	0.057894736842105263	1
31	EC_L3	190	146	hit_native_level_logit	12	12	0.063157894736842107	1
31	EC_L3	190	146	hit_native_level_logit	13	13	0.068421052631578952	1
31	EC_L3	190	146	hit_native_level_logit	14	14	0.073684210526315783	1
31	EC_L3	190	146	hit_native_level_logit	15	15	0.078947368421052627	1
31	EC_L3	190	146	hit_native_level_logit	16	16	0.084210526315789472	1
31	EC_L3	190	146	hit_native_level_logit	17	17	0.089473684210526316	1
31	EC_L3	190	146	hit_native_level_logit	18	18	0.094736842105263161	1
31	EC_L3	190	146	hit_native_level_logit	19	19	0.10000000000000001	1
31	EC_L3	190	146	hit_native_level_logit	20	20	0.10526315789473684	1
31	EC_L3	190	146	hit_native_level_logit	21	21	0.11052631578947368	1
31	EC_L3	190	146	hit_native_level_logit	22	22	0.11578947368421053	1
31	EC_L3	190	146	hit_native_level_logit	23	23	0.12105263157894737	1
31	EC_L3	190	146	hit_native_level_logit	24	24	0.12631578947368421	1
31	EC_L3	190	146	hit_native_level_logit	25	25	0.13157894736842105	1
31	EC_L3	190	146	hit_native_level_logit	26	26	0.1368421052631579	1
31	EC_L3	190	146	hit_native_level_logit	27	27	0.14210526315789473	1
31	EC_L3	190	146	hit_native_level_logit	28	28	0.14736842105263157	1
31	EC_L3	190	146	hit_native_level_logit	29	29	0.15263157894736842	1
31	EC_L3	190	146	hit_native_level_logit	30	30	0.15789473684210525	1
31	EC_L3	190	146	hit_native_level_logit	31	31	0.16315789473684211	1
31	EC_L3	190	146	hit_native_level_logit	32	32	0.16842105263157894	1
31	EC_L3	190	146	hit_native_level_logit	33	33	0.1736842105263158	1
31	EC_L3	190	146	hit_native_level_logit	34	34	0.17894736842105263	1
31	EC_L3	190	146	hit_native_level_logit	35	35	0.18421052631578946	1
31	EC_L3	190	146	hit_native_level_logit	36	36	0.18947368421052632	1
31	EC_L3	190	146	hit_native_level_logit	37	37	0.19473684210526315	1
31	EC_L3	190	146	hit_native_level_logit	38	38	0.20000000000000001	1
31	EC_L3	190	146	hit_native_level_logit	39	39	0.20526315789473684	1
31	EC_L3	190	146	hit_native_level_logit	40	40	0.21052631578947367	1
31	EC_L3	190	146	hit_native_level_logit	41	41	0.21578947368421053	1
31	EC_L3	190	146	hit_native_level_logit	42	42	0.22105263157894736	1
31	EC_L3	190	146	hit_native_level_logit	43	43	0.22631578947368422	1
31	EC_L3	190	146	hit_native_level_logit	44	44	0.23157894736842105	1
31	EC_L3	190	146	hit_native_level_logit	45	45	0.23684210526315788	1
31	EC_L3	190	146	hit_native_level_logit	46	46	0.24210526315789474	1
31	EC_L3	190	146	hit_native_level_logit	47	47	0.24736842105263157	1
31	EC_L3	190	146	hit_native_level_logit	48	48	0.25263157894736843	1
31	EC_L3	190	146	hit_native_level_logit	49	49	0.25789473684210529	1
31	EC_L3	190	146	hit_native_level_logit	50	50	0.26315789473684209	1
31	EC_L3	190	146	hit_native_level_logit	51	51	0.26842105263157895	1
31	EC_L3	190	146	hit_native_level_logit	52	52	0.27368421052631581	1
31	EC_L3	190	146	hit_native_level_logit	53	53	0.27894736842105261	1
31	EC_L3	190	146	hit_native_level_logit	54	54	0.28421052631578947	1
31	EC_L3	190	146	hit_native_level_logit	55	55	0.28947368421052633	1
31	EC_L3	190	146	hit_native_level_logit	56	56	0.29473684210526313	1
31	EC_L3	190	146	hit_native_level_logit	57	57	0.29999999999999999	1
31	EC_L3	190	146	hit_native_level_logit	58	58	0.30526315789473685	1
31	EC_L3	190	146	hit_native_level_logit	59	59	0.31052631578947371	1
31	EC_L3	190	146	hit_native_level_logit	60	60	0.31578947368421051	1
31	EC_L3	190	146	hit_native_level_logit	61	61	0.32105263157894737	1
31	EC_L3	190	146	hit_native_level_logit	62	62	0.32631578947368423	1
31	EC_L3	190	146	hit_native_level_logit	63	63	0.33157894736842103	1
31	EC_L3	190	146	hit_native_level_logit	64	64	0.33684210526315789	1
31	EC_L3	190	146	hit_native_level_logit	65	65	0.34210526315789475	1
31	EC_L3	190	146	hit_native_level_logit	66	66	0.3473684210526316	1
31	EC_L3	190	146	hit_native_level_logit	67	67	0.35263157894736841	1
31	EC_L3	190	146	hit_native_level_logit	68	68	0.35789473684210527	1
31	EC_L3	190	146	hit_native_level_logit	69	69	0.36315789473684212	1
31	EC_L3	190	146	hit_native_level_logit	70	70	0.36842105263157893	1
31	EC_L3	190	146	hit_native_level_logit	71	71	0.37368421052631579	1
31	EC_L3	190	146	hit_native_level_logit	72	72	0.37894736842105264	1
31	EC_L3	190	146	hit_native_level_logit	73	73	0.38421052631578945	1
31	EC_L3	190	146	hit_native_level_logit	74	74	0.38947368421052631	1
31	EC_L3	190	146	hit_native_level_logit	75	75	0.39473684210526316	1
31	EC_L3	190	146	hit_native_level_logit	76	76	0.40000000000000002	1
31	EC_L3	190	146	hit_native_level_logit	77	77	0.40526315789473683	1
31	EC_L3	190	146	hit_native_level_logit	78	78	0.41052631578947368	1
31	EC_L3	190	146	hit_native_level_logit	79	79	0.41578947368421054	1
31	EC_L3	190	146	hit_native_level_logit	80	80	0.42105263157894735	1
31	EC_L3	190	146	hit_native_level_logit	81	81	0.4263157894736842	1
31	EC_L3	190	146	hit_native_level_logit	82	82	0.43157894736842106	1
31	EC_L3	190	146	hit_native_level_logit	83	83	0.43684210526315792	1
31	EC_L3	190	146	hit_native_level_logit	84	84	0.44210526315789472	1
31	EC_L3	190	146	hit_native_level_logit	85	85	0.44736842105263158	1
31	EC_L3	190	146	hit_native_level_logit	86	86	0.45263157894736844	1
31	EC_L3	190	146	hit_native_level_logit	87	87	0.45789473684210524	1
31	EC_L3	190	146	hit_native_level_logit	88	88	0.4631578947368421	1
31	EC_L3	190	146	hit_native_level_logit	89	89	0.46842105263157896	1
31	EC_L3	190	146	hit_native_level_logit	90	90	0.47368421052631576	1
31	EC_L3	190	146	hit_native_level_logit	91	91	0.47894736842105262	1
31	EC_L3	190	146	hit_native_level_logit	92	92	0.48421052631578948	1
31	EC_L3	190	146	hit_native_level_logit	93	93	0.48947368421052634	1
31	EC_L3	190	146	hit_native_level_logit	94	94	0.49473684210526314	1
31	EC_L3	190	146	hit_native_level_logit	95	95	0.5	1
31	EC_L3	190	146	hit_native_level_logit	96	96	0.50526315789473686	1
31	EC_L3	190	146	hit_native_level_logit	97	97	0.51052631578947372	1
31	EC_L3	190	146	hit_native_level_logit	98	98	0.51578947368421058	1
31	EC_L3	190	146	hit_native_level_logit	99	99	0.52105263157894732	1
31	EC_L3	190	146	hit_native_level_logit	100	100	0.52631578947368418	1
31	EC_L3	190	146	hit_native_level_logit	101	101	0.53157894736842104	1
31	EC_L3	190	146	hit_native_level_logit	102	102	0.5368421052631579	1
31	EC_L3	190	146	hit_native_level_logit	103	103	0.54210526315789476	1
31	EC_L3	190	146	hit_native_level_logit	104	104	0.54736842105263162	1
31	EC_L3	190	146	hit_native_level_logit	105	105	0.55263157894736847	1
31	EC_L3	190	146	hit_native_level_logit	106	106	0.55789473684210522	1
31	EC_L3	190	146	hit_native_level_logit	107	107	0.56315789473684208	1
31	EC_L3	190	146	hit_native_level_logit	108	108	0.56842105263157894	1
31	EC_L3	190	146	hit_native_level_logit	109	109	0.5736842105263158	1
31	EC_L3	190	146	hit_native_level_logit	110	110	0.57894736842105265	1
31	EC_L3	190	146	hit_native_level_logit	111	111	0.58421052631578951	1
31	EC_L3	190	146	hit_native_level_logit	112	112	0.58947368421052626	1
31	EC_L3	190	146	hit_native_level_logit	113	113	0.59473684210526312	1
31	EC_L3	190	146	hit_native_level_logit	114	114	0.59999999999999998	1
31	EC_L3	190	146	hit_native_level_logit	115	115	0.60526315789473684	1
31	EC_L3	190	146	hit_native_level_logit	116	116	0.61052631578947369	1
31	EC_L3	190	146	hit_native_level_logit	117	117	0.61578947368421055	1
31	EC_L3	190	146	hit_native_level_logit	118	118	0.62105263157894741	1
31	EC_L3	190	146	hit_native_level_logit	119	119	0.62631578947368416	1
31	EC_L3	190	146	hit_native_level_logit	120	120	0.63157894736842102	1
31	EC_L3	190	146	hit_native_level_logit	121	121	0.63684210526315788	1
31	EC_L3	190	146	hit_native_level_logit	122	122	0.64210526315789473	1
31	EC_L3	190	146	hit_native_level_logit	123	123	0.64736842105263159	1
31	EC_L3	190	146	hit_native_level_logit	124	124	0.65263157894736845	1
31	EC_L3	190	146	hit_native_level_logit	125	125	0.65789473684210531	1
31	EC_L3	190	146	hit_native_level_logit	126	126	0.66315789473684206	1
31	EC_L3	190	146	hit_native_level_logit	127	127	0.66842105263157892	1
31	EC_L3	190	146	hit_native_level_logit	128	128	0.67368421052631577	1
31	EC_L3	190	146	hit_native_level_logit	129	129	0.67894736842105263	1
31	EC_L3	190	146	hit_native_level_logit	130	130	0.68421052631578949	1
31	EC_L3	190	146	hit_native_level_logit	131	131	0.68947368421052635	1
31	EC_L3	190	146	hit_native_level_logit	132	132	0.69473684210526321	1
31	EC_L3	190	146	hit_native_level_logit	133	133	0.69999999999999996	1
31	EC_L3	190	146	hit_native_level_logit	134	134	0.70526315789473681	1
31	EC_L3	190	146	hit_native_level_logit	135	135	0.71052631578947367	1
31	EC_L3	190	146	hit_native_level_logit	136	136	0.71578947368421053	1
31	EC_L3	190	146	hit_native_level_logit	137	137	0.72105263157894739	1
31	EC_L3	190	146	hit_native_level_logit	138	138	0.72631578947368425	1
31	EC_L3	190	146	hit_native_level_logit	139	139	0.73157894736842111	1
31	EC_L3	190	146	hit_native_level_logit	140	140	0.73684210526315785	1
31	EC_L3	190	146	hit_native_level_logit	141	141	0.74210526315789471	1
31	EC_L3	190	146	hit_native_level_logit	142	142	0.74736842105263157	1
31	EC_L3	190	146	hit_native_level_logit	143	143	0.75263157894736843	1
31	EC_L3	190	146	hit_native_level_logit	144	144	0.75789473684210529	1
31	EC_L3	190	146	hit_native_level_logit	145	145	0.76315789473684215	1
31	EC_L3	190	146	hit_native_level_logit	146	146	0.76842105263157889	1
31	EC_L3	190	146	hit_native_level_logit	147	147	0.77368421052631575	1
31	EC_L3	190	146	hit_native_level_logit	148	148	0.77894736842105261	1
31	EC_L3	190	146	hit_native_level_logit	149	149	0.78421052631578947	1
31	EC_L3	190	146	hit_native_level_logit	150	150	0.78947368421052633	1
31	EC_L3	190	146	hit_native_level_logit	151	151	0.79473684210526319	1
31	EC_L3	190	146	hit_native_level_logit	152	152	0.80000000000000004	1
31	EC_L3	190	146	hit_native_level_logit	153	153	0.80526315789473679	1
31	EC_L3	190	146	hit_native_level_logit	154	154	0.81052631578947365	1
31	EC_L3	190	146	hit_native_level_logit	155	155	0.81578947368421051	1
31	EC_L3	190	146	hit_native_level_logit	156	156	0.82105263157894737	1
31	EC_L3	190	146	hit_native_level_logit	157	157	0.82631578947368423	1
31	EC_L3	190	146	hit_native_level_logit	158	158	0.83157894736842108	1
31	EC_L3	190	146	hit_native_level_logit	159	159	0.83684210526315794	1
31	EC_L3	190	146	hit_native_level_logit	160	160	0.84210526315789469	1
31	EC_L3	190	146	hit_native_level_logit	161	161	0.84736842105263155	1
31	EC_L3	190	146	hit_native_level_logit	162	162	0.85263157894736841	1
31	EC_L3	190	146	hit_native_level_logit	163	163	0.85789473684210527	1
31	EC_L3	190	146	hit_native_level_logit	164	163	0.86315789473684212	0.99390243902439024
31	EC_L3	190	146	hit_native_level_logit	165	164	0.86842105263157898	0.9939393939393939
31	EC_L3	190	146	hit_native_level_logit	166	164	0.87368421052631584	0.98795180722891562
31	EC_L3	190	146	hit_native_level_logit	167	165	0.87894736842105259	0.9880239520958084
31	EC_L3	190	146	hit_native_level_logit	168	165	0.88421052631578945	0.9821428571428571
31	EC_L3	190	146	hit_native_level_logit	169	165	0.88947368421052631	0.97633136094674555
31	EC_L3	190	146	hit_native_level_logit	170	165	0.89473684210526316	0.97058823529411764
31	EC_L3	190	146	hit_native_level_logit	171	165	0.90000000000000002	0.96491228070175439
31	EC_L3	190	146	hit_native_level_logit	172	165	0.90526315789473688	0.95930232558139539
31	EC_L3	190	146	hit_native_level_logit	173	165	0.91052631578947374	0.95375722543352603
31	EC_L3	190	146	hit_native_level_logit	174	165	0.91578947368421049	0.94827586206896552
31	EC_L3	190	146	hit_native_level_logit	175	165	0.92105263157894735	0.94285714285714284
31	EC_L3	190	146	hit_native_level_logit	176	165	0.9263157894736842	0.9375
31	EC_L3	190	146	hit_native_level_logit	177	165	0.93157894736842106	0.93220338983050843
31	EC_L3	190	146	hit_native_level_logit	178	165	0.93684210526315792	0.9269662921348315
31	EC_L3	190	146	hit_native_level_logit	179	166	0.94210526315789478	0.92737430167597767
31	EC_L3	190	146	hit_native_level_logit	180	166	0.94736842105263153	0.92222222222222228
31	EC_L3	190	146	hit_native_level_logit	181	166	0.95263157894736838	0.91712707182320441
31	EC_L3	190	146	hit_native_level_logit	182	166	0.95789473684210524	0.91208791208791207
31	EC_L3	190	146	hit_native_level_logit	183	166	0.9631578947368421	0.90710382513661203
31	EC_L3	190	146	hit_native_level_logit	184	166	0.96842105263157896	0.90217391304347827
31	EC_L3	190	146	hit_native_level_logit	185	166	0.97368421052631582	0.89729729729729735
31	EC_L3	190	146	hit_native_level_logit	186	166	0.97894736842105268	0.89247311827956988
31	EC_L3	190	146	hit_native_level_logit	187	166	0.98421052631578942	0.88770053475935828
31	EC_L3	190	146	hit_native_level_logit	188	166	0.98947368421052628	0.88297872340425532
31	EC_L3	190	146	hit_native_level_logit	189	166	0.99473684210526314	0.87830687830687826
31	EC_L3	190	146	hit_native_level_logit	190	166	1	0.87368421052631584
31	EC_L4	180	138	judge	1	1	0.0055555555555555558	1
31	EC_L4	180	138	judge	2	2	0.011111111111111112	1
31	EC_L4	180	138	judge	3	3	0.016666666666666666	1
31	EC_L4	180	138	judge	4	4	0.022222222222222223	1
31	EC_L4	180	138	judge	5	5	0.027777777777777776	1
31	EC_L4	180	138	judge	6	6	0.033333333333333333	1
31	EC_L4	180	138	judge	7	7	0.03888888888888889	1
31	EC_L4	180	138	judge	8	8	0.044444444444444446	1
31	EC_L4	180	138	judge	9	9	0.050000000000000003	1
31	EC_L4	180	138	judge	10	10	0.055555555555555552	1
31	EC_L4	180	138	judge	11	11	0.061111111111111109	1
31	EC_L4	180	138	judge	12	12	0.066666666666666666	1
31	EC_L4	180	138	judge	13	13	0.072222222222222215	1
31	EC_L4	180	138	judge	14	14	0.077777777777777779	1
31	EC_L4	180	138	judge	15	15	0.083333333333333329	1
31	EC_L4	180	138	judge	16	16	0.088888888888888892	1
31	EC_L4	180	138	judge	17	17	0.094444444444444442	1
31	EC_L4	180	138	judge	18	18	0.10000000000000001	1
31	EC_L4	180	138	judge	19	19	0.10555555555555556	1
31	EC_L4	180	138	judge	20	20	0.1111111111111111	1
31	EC_L4	180	138	judge	21	21	0.11666666666666667	1
31	EC_L4	180	138	judge	22	22	0.12222222222222222	1
31	EC_L4	180	138	judge	23	23	0.12777777777777777	1
31	EC_L4	180	138	judge	24	24	0.13333333333333333	1
31	EC_L4	180	138	judge	25	25	0.1388888888888889	1
31	EC_L4	180	138	judge	26	26	0.14444444444444443	1
31	EC_L4	180	138	judge	27	27	0.14999999999999999	1
31	EC_L4	180	138	judge	28	28	0.15555555555555556	1
31	EC_L4	180	138	judge	29	29	0.16111111111111112	1
31	EC_L4	180	138	judge	30	30	0.16666666666666666	1
31	EC_L4	180	138	judge	31	31	0.17222222222222222	1
31	EC_L4	180	138	judge	32	32	0.17777777777777778	1
31	EC_L4	180	138	judge	33	33	0.18333333333333332	1
31	EC_L4	180	138	judge	34	34	0.18888888888888888	1
31	EC_L4	180	138	judge	35	35	0.19444444444444445	1
31	EC_L4	180	138	judge	36	36	0.20000000000000001	1
31	EC_L4	180	138	judge	37	37	0.20555555555555555	1
31	EC_L4	180	138	judge	38	38	0.21111111111111111	1
31	EC_L4	180	138	judge	39	39	0.21666666666666667	1
31	EC_L4	180	138	judge	40	40	0.22222222222222221	1
31	EC_L4	180	138	judge	41	41	0.22777777777777777	1
31	EC_L4	180	138	judge	42	42	0.23333333333333334	1
31	EC_L4	180	138	judge	43	43	0.2388888888888889	1
31	EC_L4	180	138	judge	44	44	0.24444444444444444	1
31	EC_L4	180	138	judge	45	45	0.25	1
31	EC_L4	180	138	judge	46	46	0.25555555555555554	1
31	EC_L4	180	138	judge	47	47	0.26111111111111113	1
31	EC_L4	180	138	judge	48	48	0.26666666666666666	1
31	EC_L4	180	138	judge	49	49	0.2722222222222222	1
31	EC_L4	180	138	judge	50	50	0.27777777777777779	1
31	EC_L4	180	138	judge	51	51	0.28333333333333333	1
31	EC_L4	180	138	judge	52	52	0.28888888888888886	1
31	EC_L4	180	138	judge	53	53	0.29444444444444445	1
31	EC_L4	180	138	judge	54	54	0.29999999999999999	1
31	EC_L4	180	138	judge	55	55	0.30555555555555558	1
31	EC_L4	180	138	judge	56	56	0.31111111111111112	1
31	EC_L4	180	138	judge	57	57	0.31666666666666665	1
31	EC_L4	180	138	judge	58	58	0.32222222222222224	1
31	EC_L4	180	138	judge	59	59	0.32777777777777778	1
31	EC_L4	180	138	judge	60	60	0.33333333333333331	1
31	EC_L4	180	138	judge	61	61	0.33888888888888891	1
31	EC_L4	180	138	judge	62	62	0.34444444444444444	1
31	EC_L4	180	138	judge	63	63	0.34999999999999998	1
31	EC_L4	180	138	judge	64	64	0.35555555555555557	1
31	EC_L4	180	138	judge	65	65	0.3611111111111111	1
31	EC_L4	180	138	judge	66	66	0.36666666666666664	1
31	EC_L4	180	138	judge	67	67	0.37222222222222223	1
31	EC_L4	180	138	judge	68	68	0.37777777777777777	1
31	EC_L4	180	138	judge	69	69	0.38333333333333336	1
31	EC_L4	180	138	judge	70	70	0.3888888888888889	1
31	EC_L4	180	138	judge	71	71	0.39444444444444443	1
31	EC_L4	180	138	judge	72	72	0.40000000000000002	1
31	EC_L4	180	138	judge	73	73	0.40555555555555556	1
31	EC_L4	180	138	judge	74	74	0.41111111111111109	1
31	EC_L4	180	138	judge	75	75	0.41666666666666669	1
31	EC_L4	180	138	judge	76	76	0.42222222222222222	1
31	EC_L4	180	138	judge	77	77	0.42777777777777776	1
31	EC_L4	180	138	judge	78	78	0.43333333333333335	1
31	EC_L4	180	138	judge	79	79	0.43888888888888888	1
31	EC_L4	180	138	judge	80	80	0.44444444444444442	1
31	EC_L4	180	138	judge	81	81	0.45000000000000001	1
31	EC_L4	180	138	judge	82	82	0.45555555555555555	1
31	EC_L4	180	138	judge	83	83	0.46111111111111114	1
31	EC_L4	180	138	judge	84	84	0.46666666666666667	1
31	EC_L4	180	138	judge	85	85	0.47222222222222221	1
31	EC_L4	180	138	judge	86	86	0.4777777777777778	1
31	EC_L4	180	138	judge	87	87	0.48333333333333334	1
31	EC_L4	180	138	judge	88	88	0.48888888888888887	1
31	EC_L4	180	138	judge	89	89	0.49444444444444446	1
31	EC_L4	180	138	judge	90	90	0.5	1
31	EC_L4	180	138	judge	91	91	0.50555555555555554	1
31	EC_L4	180	138	judge	92	92	0.51111111111111107	1
31	EC_L4	180	138	judge	93	93	0.51666666666666672	1
31	EC_L4	180	138	judge	94	94	0.52222222222222225	1
31	EC_L4	180	138	judge	95	95	0.52777777777777779	1
31	EC_L4	180	138	judge	96	96	0.53333333333333333	1
31	EC_L4	180	138	judge	97	97	0.53888888888888886	1
31	EC_L4	180	138	judge	98	98	0.5444444444444444	1
31	EC_L4	180	138	judge	99	99	0.55000000000000004	1
31	EC_L4	180	138	judge	100	100	0.55555555555555558	1
31	EC_L4	180	138	judge	101	101	0.56111111111111112	1
31	EC_L4	180	138	judge	102	102	0.56666666666666665	1
31	EC_L4	180	138	judge	103	103	0.57222222222222219	1
31	EC_L4	180	138	judge	104	104	0.57777777777777772	1
31	EC_L4	180	138	judge	105	105	0.58333333333333337	1
31	EC_L4	180	138	judge	106	106	0.58888888888888891	1
31	EC_L4	180	138	judge	107	107	0.59444444444444444	1
31	EC_L4	180	138	judge	108	108	0.59999999999999998	1
31	EC_L4	180	138	judge	109	109	0.60555555555555551	1
31	EC_L4	180	138	judge	110	110	0.61111111111111116	1
31	EC_L4	180	138	judge	111	111	0.6166666666666667	1
31	EC_L4	180	138	judge	112	112	0.62222222222222223	1
31	EC_L4	180	138	judge	113	113	0.62777777777777777	1
31	EC_L4	180	138	judge	114	114	0.6333333333333333	1
31	EC_L4	180	138	judge	115	115	0.63888888888888884	1
31	EC_L4	180	138	judge	116	116	0.64444444444444449	1
31	EC_L4	180	138	judge	117	117	0.65000000000000002	1
31	EC_L4	180	138	judge	118	118	0.65555555555555556	1
31	EC_L4	180	138	judge	119	119	0.66111111111111109	1
31	EC_L4	180	138	judge	120	120	0.66666666666666663	1
31	EC_L4	180	138	judge	121	121	0.67222222222222228	1
31	EC_L4	180	138	judge	122	122	0.67777777777777781	1
31	EC_L4	180	138	judge	123	123	0.68333333333333335	1
31	EC_L4	180	138	judge	124	124	0.68888888888888888	1
31	EC_L4	180	138	judge	125	125	0.69444444444444442	1
31	EC_L4	180	138	judge	126	126	0.69999999999999996	1
31	EC_L4	180	138	judge	127	127	0.7055555555555556	1
31	EC_L4	180	138	judge	128	128	0.71111111111111114	1
31	EC_L4	180	138	judge	129	129	0.71666666666666667	1
31	EC_L4	180	138	judge	130	130	0.72222222222222221	1
31	EC_L4	180	138	judge	131	131	0.72777777777777775	1
31	EC_L4	180	138	judge	132	132	0.73333333333333328	1
31	EC_L4	180	138	judge	133	133	0.73888888888888893	1
31	EC_L4	180	138	judge	134	134	0.74444444444444446	1
31	EC_L4	180	138	judge	135	135	0.75	1
31	EC_L4	180	138	judge	136	136	0.75555555555555554	1
31	EC_L4	180	138	judge	137	137	0.76111111111111107	1
31	EC_L4	180	138	judge	138	138	0.76666666666666672	1
31	EC_L4	180	138	judge	139	139	0.77222222222222225	1
31	EC_L4	180	138	judge	140	140	0.77777777777777779	1
31	EC_L4	180	138	judge	141	141	0.78333333333333333	1
31	EC_L4	180	138	judge	142	142	0.78888888888888886	1
31	EC_L4	180	138	judge	143	143	0.7944444444444444	1
31	EC_L4	180	138	judge	144	144	0.80000000000000004	1
31	EC_L4	180	138	judge	145	145	0.80555555555555558	1
31	EC_L4	180	138	judge	146	146	0.81111111111111112	1
31	EC_L4	180	138	judge	147	147	0.81666666666666665	1
31	EC_L4	180	138	judge	148	148	0.82222222222222219	1
31	EC_L4	180	138	judge	149	148	0.82777777777777772	0.99328859060402686
31	EC_L4	180	138	judge	150	149	0.83333333333333337	0.99333333333333329
31	EC_L4	180	138	judge	151	150	0.83888888888888891	0.99337748344370858
31	EC_L4	180	138	judge	152	151	0.84444444444444444	0.99342105263157898
31	EC_L4	180	138	judge	153	151	0.84999999999999998	0.98692810457516345
31	EC_L4	180	138	judge	154	152	0.85555555555555551	0.98701298701298701
31	EC_L4	180	138	judge	155	153	0.86111111111111116	0.98709677419354835
31	EC_L4	180	138	judge	156	154	0.8666666666666667	0.98717948717948723
31	EC_L4	180	138	judge	157	155	0.87222222222222223	0.98726114649681529
31	EC_L4	180	138	judge	158	155	0.87777777777777777	0.98101265822784811
31	EC_L4	180	138	judge	159	155	0.8833333333333333	0.97484276729559749
31	EC_L4	180	138	judge	160	155	0.88888888888888884	0.96875
31	EC_L4	180	138	judge	161	155	0.89444444444444449	0.96273291925465843
31	EC_L4	180	138	judge	162	155	0.90000000000000002	0.95679012345679015
31	EC_L4	180	138	judge	163	155	0.90555555555555556	0.95092024539877296
31	EC_L4	180	138	judge	164	155	0.91111111111111109	0.94512195121951215
31	EC_L4	180	138	judge	165	155	0.91666666666666663	0.93939393939393945
31	EC_L4	180	138	judge	166	155	0.92222222222222228	0.9337349397590361
31	EC_L4	180	138	judge	167	155	0.92777777777777781	0.92814371257485029
31	EC_L4	180	138	judge	168	155	0.93333333333333335	0.92261904761904767
31	EC_L4	180	138	judge	169	155	0.93888888888888888	0.91715976331360949
31	EC_L4	180	138	judge	170	155	0.94444444444444442	0.91176470588235292
31	EC_L4	180	138	judge	171	155	0.94999999999999996	0.9064327485380117
31	EC_L4	180	138	judge	172	155	0.9555555555555556	0.90116279069767447
31	EC_L4	180	138	judge	173	155	0.96111111111111114	0.89595375722543358
31	EC_L4	180	138	judge	174	155	0.96666666666666667	0.89080459770114939
31	EC_L4	180	138	judge	175	155	0.97222222222222221	0.88571428571428568
31	EC_L4	180	138	judge	176	155	0.97777777777777775	0.88068181818181823
31	EC_L4	180	138	judge	177	155	0.98333333333333328	0.87570621468926557
31	EC_L4	180	138	judge	178	155	0.98888888888888893	0.8707865168539326
31	EC_L4	180	138	judge	179	155	0.99444444444444446	0.86592178770949724
31	EC_L4	180	138	judge	180	155	1	0.86111111111111116
31	EC_L4	180	138	hit_ec4_logit	1	1	0.0055555555555555558	1
31	EC_L4	180	138	hit_ec4_logit	2	2	0.011111111111111112	1
31	EC_L4	180	138	hit_ec4_logit	3	3	0.016666666666666666	1
31	EC_L4	180	138	hit_ec4_logit	4	4	0.022222222222222223	1
31	EC_L4	180	138	hit_ec4_logit	5	5	0.027777777777777776	1
31	EC_L4	180	138	hit_ec4_logit	6	6	0.033333333333333333	1
31	EC_L4	180	138	hit_ec4_logit	7	7	0.03888888888888889	1
31	EC_L4	180	138	hit_ec4_logit	8	8	0.044444444444444446	1
31	EC_L4	180	138	hit_ec4_logit	9	9	0.050000000000000003	1
31	EC_L4	180	138	hit_ec4_logit	10	10	0.055555555555555552	1
31	EC_L4	180	138	hit_ec4_logit	11	11	0.061111111111111109	1
31	EC_L4	180	138	hit_ec4_logit	12	12	0.066666666666666666	1
31	EC_L4	180	138	hit_ec4_logit	13	13	0.072222222222222215	1
31	EC_L4	180	138	hit_ec4_logit	14	14	0.077777777777777779	1
31	EC_L4	180	138	hit_ec4_logit	15	15	0.083333333333333329	1
31	EC_L4	180	138	hit_ec4_logit	16	16	0.088888888888888892	1
31	EC_L4	180	138	hit_ec4_logit	17	17	0.094444444444444442	1
31	EC_L4	180	138	hit_ec4_logit	18	18	0.10000000000000001	1
31	EC_L4	180	138	hit_ec4_logit	19	19	0.10555555555555556	1
31	EC_L4	180	138	hit_ec4_logit	20	20	0.1111111111111111	1
31	EC_L4	180	138	hit_ec4_logit	21	21	0.11666666666666667	1
31	EC_L4	180	138	hit_ec4_logit	22	22	0.12222222222222222	1
31	EC_L4	180	138	hit_ec4_logit	23	23	0.12777777777777777	1
31	EC_L4	180	138	hit_ec4_logit	24	24	0.13333333333333333	1
31	EC_L4	180	138	hit_ec4_logit	25	25	0.1388888888888889	1
31	EC_L4	180	138	hit_ec4_logit	26	26	0.14444444444444443	1
31	EC_L4	180	138	hit_ec4_logit	27	27	0.14999999999999999	1
31	EC_L4	180	138	hit_ec4_logit	28	28	0.15555555555555556	1
31	EC_L4	180	138	hit_ec4_logit	29	29	0.16111111111111112	1
31	EC_L4	180	138	hit_ec4_logit	30	30	0.16666666666666666	1
31	EC_L4	180	138	hit_ec4_logit	31	31	0.17222222222222222	1
31	EC_L4	180	138	hit_ec4_logit	32	32	0.17777777777777778	1
31	EC_L4	180	138	hit_ec4_logit	33	33	0.18333333333333332	1
31	EC_L4	180	138	hit_ec4_logit	34	34	0.18888888888888888	1
31	EC_L4	180	138	hit_ec4_logit	35	35	0.19444444444444445	1
31	EC_L4	180	138	hit_ec4_logit	36	36	0.20000000000000001	1
31	EC_L4	180	138	hit_ec4_logit	37	37	0.20555555555555555	1
31	EC_L4	180	138	hit_ec4_logit	38	38	0.21111111111111111	1
31	EC_L4	180	138	hit_ec4_logit	39	39	0.21666666666666667	1
31	EC_L4	180	138	hit_ec4_logit	40	40	0.22222222222222221	1
31	EC_L4	180	138	hit_ec4_logit	41	41	0.22777777777777777	1
31	EC_L4	180	138	hit_ec4_logit	42	42	0.23333333333333334	1
31	EC_L4	180	138	hit_ec4_logit	43	43	0.2388888888888889	1
31	EC_L4	180	138	hit_ec4_logit	44	44	0.24444444444444444	1
31	EC_L4	180	138	hit_ec4_logit	45	45	0.25	1
31	EC_L4	180	138	hit_ec4_logit	46	46	0.25555555555555554	1
31	EC_L4	180	138	hit_ec4_logit	47	47	0.26111111111111113	1
31	EC_L4	180	138	hit_ec4_logit	48	48	0.26666666666666666	1
31	EC_L4	180	138	hit_ec4_logit	49	49	0.2722222222222222	1
31	EC_L4	180	138	hit_ec4_logit	50	50	0.27777777777777779	1
31	EC_L4	180	138	hit_ec4_logit	51	51	0.28333333333333333	1
31	EC_L4	180	138	hit_ec4_logit	52	52	0.28888888888888886	1
31	EC_L4	180	138	hit_ec4_logit	53	53	0.29444444444444445	1
31	EC_L4	180	138	hit_ec4_logit	54	54	0.29999999999999999	1
31	EC_L4	180	138	hit_ec4_logit	55	55	0.30555555555555558	1
31	EC_L4	180	138	hit_ec4_logit	56	56	0.31111111111111112	1
31	EC_L4	180	138	hit_ec4_logit	57	57	0.31666666666666665	1
31	EC_L4	180	138	hit_ec4_logit	58	58	0.32222222222222224	1
31	EC_L4	180	138	hit_ec4_logit	59	59	0.32777777777777778	1
31	EC_L4	180	138	hit_ec4_logit	60	60	0.33333333333333331	1
31	EC_L4	180	138	hit_ec4_logit	61	61	0.33888888888888891	1
31	EC_L4	180	138	hit_ec4_logit	62	62	0.34444444444444444	1
31	EC_L4	180	138	hit_ec4_logit	63	63	0.34999999999999998	1
31	EC_L4	180	138	hit_ec4_logit	64	64	0.35555555555555557	1
31	EC_L4	180	138	hit_ec4_logit	65	65	0.3611111111111111	1
31	EC_L4	180	138	hit_ec4_logit	66	66	0.36666666666666664	1
31	EC_L4	180	138	hit_ec4_logit	67	67	0.37222222222222223	1
31	EC_L4	180	138	hit_ec4_logit	68	68	0.37777777777777777	1
31	EC_L4	180	138	hit_ec4_logit	69	69	0.38333333333333336	1
31	EC_L4	180	138	hit_ec4_logit	70	70	0.3888888888888889	1
31	EC_L4	180	138	hit_ec4_logit	71	71	0.39444444444444443	1
31	EC_L4	180	138	hit_ec4_logit	72	72	0.40000000000000002	1
31	EC_L4	180	138	hit_ec4_logit	73	73	0.40555555555555556	1
31	EC_L4	180	138	hit_ec4_logit	74	74	0.41111111111111109	1
31	EC_L4	180	138	hit_ec4_logit	75	75	0.41666666666666669	1
31	EC_L4	180	138	hit_ec4_logit	76	76	0.42222222222222222	1
31	EC_L4	180	138	hit_ec4_logit	77	77	0.42777777777777776	1
31	EC_L4	180	138	hit_ec4_logit	78	78	0.43333333333333335	1
31	EC_L4	180	138	hit_ec4_logit	79	79	0.43888888888888888	1
31	EC_L4	180	138	hit_ec4_logit	80	80	0.44444444444444442	1
31	EC_L4	180	138	hit_ec4_logit	81	81	0.45000000000000001	1
31	EC_L4	180	138	hit_ec4_logit	82	82	0.45555555555555555	1
31	EC_L4	180	138	hit_ec4_logit	83	83	0.46111111111111114	1
31	EC_L4	180	138	hit_ec4_logit	84	84	0.46666666666666667	1
31	EC_L4	180	138	hit_ec4_logit	85	85	0.47222222222222221	1
31	EC_L4	180	138	hit_ec4_logit	86	86	0.4777777777777778	1
31	EC_L4	180	138	hit_ec4_logit	87	87	0.48333333333333334	1
31	EC_L4	180	138	hit_ec4_logit	88	88	0.48888888888888887	1
31	EC_L4	180	138	hit_ec4_logit	89	89	0.49444444444444446	1
31	EC_L4	180	138	hit_ec4_logit	90	90	0.5	1
31	EC_L4	180	138	hit_ec4_logit	91	91	0.50555555555555554	1
31	EC_L4	180	138	hit_ec4_logit	92	92	0.51111111111111107	1
31	EC_L4	180	138	hit_ec4_logit	93	93	0.51666666666666672	1
31	EC_L4	180	138	hit_ec4_logit	94	94	0.52222222222222225	1
31	EC_L4	180	138	hit_ec4_logit	95	95	0.52777777777777779	1
31	EC_L4	180	138	hit_ec4_logit	96	96	0.53333333333333333	1
31	EC_L4	180	138	hit_ec4_logit	97	97	0.53888888888888886	1
31	EC_L4	180	138	hit_ec4_logit	98	98	0.5444444444444444	1
31	EC_L4	180	138	hit_ec4_logit	99	99	0.55000000000000004	1
31	EC_L4	180	138	hit_ec4_logit	100	100	0.55555555555555558	1
31	EC_L4	180	138	hit_ec4_logit	101	101	0.56111111111111112	1
31	EC_L4	180	138	hit_ec4_logit	102	102	0.56666666666666665	1
31	EC_L4	180	138	hit_ec4_logit	103	103	0.57222222222222219	1
31	EC_L4	180	138	hit_ec4_logit	104	104	0.57777777777777772	1
31	EC_L4	180	138	hit_ec4_logit	105	105	0.58333333333333337	1
31	EC_L4	180	138	hit_ec4_logit	106	106	0.58888888888888891	1
31	EC_L4	180	138	hit_ec4_logit	107	107	0.59444444444444444	1
31	EC_L4	180	138	hit_ec4_logit	108	108	0.59999999999999998	1
31	EC_L4	180	138	hit_ec4_logit	109	109	0.60555555555555551	1
31	EC_L4	180	138	hit_ec4_logit	110	110	0.61111111111111116	1
31	EC_L4	180	138	hit_ec4_logit	111	111	0.6166666666666667	1
31	EC_L4	180	138	hit_ec4_logit	112	112	0.62222222222222223	1
31	EC_L4	180	138	hit_ec4_logit	113	113	0.62777777777777777	1
31	EC_L4	180	138	hit_ec4_logit	114	114	0.6333333333333333	1
31	EC_L4	180	138	hit_ec4_logit	115	115	0.63888888888888884	1
31	EC_L4	180	138	hit_ec4_logit	116	116	0.64444444444444449	1
31	EC_L4	180	138	hit_ec4_logit	117	117	0.65000000000000002	1
31	EC_L4	180	138	hit_ec4_logit	118	118	0.65555555555555556	1
31	EC_L4	180	138	hit_ec4_logit	119	119	0.66111111111111109	1
31	EC_L4	180	138	hit_ec4_logit	120	120	0.66666666666666663	1
31	EC_L4	180	138	hit_ec4_logit	121	121	0.67222222222222228	1
31	EC_L4	180	138	hit_ec4_logit	122	122	0.67777777777777781	1
31	EC_L4	180	138	hit_ec4_logit	123	123	0.68333333333333335	1
31	EC_L4	180	138	hit_ec4_logit	124	124	0.68888888888888888	1
31	EC_L4	180	138	hit_ec4_logit	125	125	0.69444444444444442	1
31	EC_L4	180	138	hit_ec4_logit	126	126	0.69999999999999996	1
31	EC_L4	180	138	hit_ec4_logit	127	127	0.7055555555555556	1
31	EC_L4	180	138	hit_ec4_logit	128	128	0.71111111111111114	1
31	EC_L4	180	138	hit_ec4_logit	129	129	0.71666666666666667	1
31	EC_L4	180	138	hit_ec4_logit	130	130	0.72222222222222221	1
31	EC_L4	180	138	hit_ec4_logit	131	131	0.72777777777777775	1
31	EC_L4	180	138	hit_ec4_logit	132	132	0.73333333333333328	1
31	EC_L4	180	138	hit_ec4_logit	133	133	0.73888888888888893	1
31	EC_L4	180	138	hit_ec4_logit	134	134	0.74444444444444446	1
31	EC_L4	180	138	hit_ec4_logit	135	135	0.75	1
31	EC_L4	180	138	hit_ec4_logit	136	136	0.75555555555555554	1
31	EC_L4	180	138	hit_ec4_logit	137	137	0.76111111111111107	1
31	EC_L4	180	138	hit_ec4_logit	138	138	0.76666666666666672	1
31	EC_L4	180	138	hit_ec4_logit	139	139	0.77222222222222225	1
31	EC_L4	180	138	hit_ec4_logit	140	140	0.77777777777777779	1
31	EC_L4	180	138	hit_ec4_logit	141	141	0.78333333333333333	1
31	EC_L4	180	138	hit_ec4_logit	142	142	0.78888888888888886	1
31	EC_L4	180	138	hit_ec4_logit	143	143	0.7944444444444444	1
31	EC_L4	180	138	hit_ec4_logit	144	144	0.80000000000000004	1
31	EC_L4	180	138	hit_ec4_logit	145	145	0.80555555555555558	1
31	EC_L4	180	138	hit_ec4_logit	146	146	0.81111111111111112	1
31	EC_L4	180	138	hit_ec4_logit	147	147	0.81666666666666665	1
31	EC_L4	180	138	hit_ec4_logit	148	148	0.82222222222222219	1
31	EC_L4	180	138	hit_ec4_logit	149	149	0.82777777777777772	1
31	EC_L4	180	138	hit_ec4_logit	150	149	0.83333333333333337	0.99333333333333329
31	EC_L4	180	138	hit_ec4_logit	151	150	0.83888888888888891	0.99337748344370858
31	EC_L4	180	138	hit_ec4_logit	152	151	0.84444444444444444	0.99342105263157898
31	EC_L4	180	138	hit_ec4_logit	153	151	0.84999999999999998	0.98692810457516345
31	EC_L4	180	138	hit_ec4_logit	154	152	0.85555555555555551	0.98701298701298701
31	EC_L4	180	138	hit_ec4_logit	155	152	0.86111111111111116	0.98064516129032253
31	EC_L4	180	138	hit_ec4_logit	156	152	0.8666666666666667	0.97435897435897434
31	EC_L4	180	138	hit_ec4_logit	157	152	0.87222222222222223	0.96815286624203822
31	EC_L4	180	138	hit_ec4_logit	158	152	0.87777777777777777	0.96202531645569622
31	EC_L4	180	138	hit_ec4_logit	159	153	0.8833333333333333	0.96226415094339623
31	EC_L4	180	138	hit_ec4_logit	160	153	0.88888888888888884	0.95625000000000004
31	EC_L4	180	138	hit_ec4_logit	161	154	0.89444444444444449	0.95652173913043481
31	EC_L4	180	138	hit_ec4_logit	162	155	0.90000000000000002	0.95679012345679015
31	EC_L4	180	138	hit_ec4_logit	163	155	0.90555555555555556	0.95092024539877296
31	EC_L4	180	138	hit_ec4_logit	164	155	0.91111111111111109	0.94512195121951215
31	EC_L4	180	138	hit_ec4_logit	165	155	0.91666666666666663	0.93939393939393945
31	EC_L4	180	138	hit_ec4_logit	166	155	0.92222222222222228	0.9337349397590361
31	EC_L4	180	138	hit_ec4_logit	167	155	0.92777777777777781	0.92814371257485029
31	EC_L4	180	138	hit_ec4_logit	168	155	0.93333333333333335	0.92261904761904767
31	EC_L4	180	138	hit_ec4_logit	169	155	0.93888888888888888	0.91715976331360949
31	EC_L4	180	138	hit_ec4_logit	170	155	0.94444444444444442	0.91176470588235292
31	EC_L4	180	138	hit_ec4_logit	171	155	0.94999999999999996	0.9064327485380117
31	EC_L4	180	138	hit_ec4_logit	172	155	0.9555555555555556	0.90116279069767447
31	EC_L4	180	138	hit_ec4_logit	173	155	0.96111111111111114	0.89595375722543358
31	EC_L4	180	138	hit_ec4_logit	174	155	0.96666666666666667	0.89080459770114939
31	EC_L4	180	138	hit_ec4_logit	175	155	0.97222222222222221	0.88571428571428568
31	EC_L4	180	138	hit_ec4_logit	176	155	0.97777777777777775	0.88068181818181823
31	EC_L4	180	138	hit_ec4_logit	177	155	0.98333333333333328	0.87570621468926557
31	EC_L4	180	138	hit_ec4_logit	178	155	0.98888888888888893	0.8707865168539326
31	EC_L4	180	138	hit_ec4_logit	179	155	0.99444444444444446	0.86592178770949724
31	EC_L4	180	138	hit_ec4_logit	180	155	1	0.86111111111111116
31	EC_L4	180	138	hit_ec4_softmax	1	1	0.0055555555555555558	1
31	EC_L4	180	138	hit_ec4_softmax	2	2	0.011111111111111112	1
31	EC_L4	180	138	hit_ec4_softmax	3	3	0.016666666666666666	1
31	EC_L4	180	138	hit_ec4_softmax	4	4	0.022222222222222223	1
31	EC_L4	180	138	hit_ec4_softmax	5	5	0.027777777777777776	1
31	EC_L4	180	138	hit_ec4_softmax	6	6	0.033333333333333333	1
31	EC_L4	180	138	hit_ec4_softmax	7	7	0.03888888888888889	1
31	EC_L4	180	138	hit_ec4_softmax	8	8	0.044444444444444446	1
31	EC_L4	180	138	hit_ec4_softmax	9	9	0.050000000000000003	1
31	EC_L4	180	138	hit_ec4_softmax	10	10	0.055555555555555552	1
31	EC_L4	180	138	hit_ec4_softmax	11	11	0.061111111111111109	1
31	EC_L4	180	138	hit_ec4_softmax	12	12	0.066666666666666666	1
31	EC_L4	180	138	hit_ec4_softmax	13	13	0.072222222222222215	1
31	EC_L4	180	138	hit_ec4_softmax	14	14	0.077777777777777779	1
31	EC_L4	180	138	hit_ec4_softmax	15	15	0.083333333333333329	1
31	EC_L4	180	138	hit_ec4_softmax	16	16	0.088888888888888892	1
31	EC_L4	180	138	hit_ec4_softmax	17	17	0.094444444444444442	1
31	EC_L4	180	138	hit_ec4_softmax	18	18	0.10000000000000001	1
31	EC_L4	180	138	hit_ec4_softmax	19	19	0.10555555555555556	1
31	EC_L4	180	138	hit_ec4_softmax	20	20	0.1111111111111111	1
31	EC_L4	180	138	hit_ec4_softmax	21	21	0.11666666666666667	1
31	EC_L4	180	138	hit_ec4_softmax	22	22	0.12222222222222222	1
31	EC_L4	180	138	hit_ec4_softmax	23	23	0.12777777777777777	1
31	EC_L4	180	138	hit_ec4_softmax	24	24	0.13333333333333333	1
31	EC_L4	180	138	hit_ec4_softmax	25	25	0.1388888888888889	1
31	EC_L4	180	138	hit_ec4_softmax	26	26	0.14444444444444443	1
31	EC_L4	180	138	hit_ec4_softmax	27	27	0.14999999999999999	1
31	EC_L4	180	138	hit_ec4_softmax	28	28	0.15555555555555556	1
31	EC_L4	180	138	hit_ec4_softmax	29	29	0.16111111111111112	1
31	EC_L4	180	138	hit_ec4_softmax	30	30	0.16666666666666666	1
31	EC_L4	180	138	hit_ec4_softmax	31	31	0.17222222222222222	1
31	EC_L4	180	138	hit_ec4_softmax	32	32	0.17777777777777778	1
31	EC_L4	180	138	hit_ec4_softmax	33	33	0.18333333333333332	1
31	EC_L4	180	138	hit_ec4_softmax	34	34	0.18888888888888888	1
31	EC_L4	180	138	hit_ec4_softmax	35	35	0.19444444444444445	1
31	EC_L4	180	138	hit_ec4_softmax	36	36	0.20000000000000001	1
31	EC_L4	180	138	hit_ec4_softmax	37	37	0.20555555555555555	1
31	EC_L4	180	138	hit_ec4_softmax	38	38	0.21111111111111111	1
31	EC_L4	180	138	hit_ec4_softmax	39	39	0.21666666666666667	1
31	EC_L4	180	138	hit_ec4_softmax	40	40	0.22222222222222221	1
31	EC_L4	180	138	hit_ec4_softmax	41	41	0.22777777777777777	1
31	EC_L4	180	138	hit_ec4_softmax	42	42	0.23333333333333334	1
31	EC_L4	180	138	hit_ec4_softmax	43	43	0.2388888888888889	1
31	EC_L4	180	138	hit_ec4_softmax	44	44	0.24444444444444444	1
31	EC_L4	180	138	hit_ec4_softmax	45	45	0.25	1
31	EC_L4	180	138	hit_ec4_softmax	46	46	0.25555555555555554	1
31	EC_L4	180	138	hit_ec4_softmax	47	47	0.26111111111111113	1
31	EC_L4	180	138	hit_ec4_softmax	48	48	0.26666666666666666	1
31	EC_L4	180	138	hit_ec4_softmax	49	49	0.2722222222222222	1
31	EC_L4	180	138	hit_ec4_softmax	50	50	0.27777777777777779	1
31	EC_L4	180	138	hit_ec4_softmax	51	51	0.28333333333333333	1
31	EC_L4	180	138	hit_ec4_softmax	52	52	0.28888888888888886	1
31	EC_L4	180	138	hit_ec4_softmax	53	53	0.29444444444444445	1
31	EC_L4	180	138	hit_ec4_softmax	54	54	0.29999999999999999	1
31	EC_L4	180	138	hit_ec4_softmax	55	55	0.30555555555555558	1
31	EC_L4	180	138	hit_ec4_softmax	56	56	0.31111111111111112	1
31	EC_L4	180	138	hit_ec4_softmax	57	57	0.31666666666666665	1
31	EC_L4	180	138	hit_ec4_softmax	58	58	0.32222222222222224	1
31	EC_L4	180	138	hit_ec4_softmax	59	59	0.32777777777777778	1
31	EC_L4	180	138	hit_ec4_softmax	60	60	0.33333333333333331	1
31	EC_L4	180	138	hit_ec4_softmax	61	61	0.33888888888888891	1
31	EC_L4	180	138	hit_ec4_softmax	62	62	0.34444444444444444	1
31	EC_L4	180	138	hit_ec4_softmax	63	63	0.34999999999999998	1
31	EC_L4	180	138	hit_ec4_softmax	64	64	0.35555555555555557	1
31	EC_L4	180	138	hit_ec4_softmax	65	65	0.3611111111111111	1
31	EC_L4	180	138	hit_ec4_softmax	66	66	0.36666666666666664	1
31	EC_L4	180	138	hit_ec4_softmax	67	67	0.37222222222222223	1
31	EC_L4	180	138	hit_ec4_softmax	68	68	0.37777777777777777	1
31	EC_L4	180	138	hit_ec4_softmax	69	69	0.38333333333333336	1
31	EC_L4	180	138	hit_ec4_softmax	70	70	0.3888888888888889	1
31	EC_L4	180	138	hit_ec4_softmax	71	71	0.39444444444444443	1
31	EC_L4	180	138	hit_ec4_softmax	72	72	0.40000000000000002	1
31	EC_L4	180	138	hit_ec4_softmax	73	73	0.40555555555555556	1
31	EC_L4	180	138	hit_ec4_softmax	74	74	0.41111111111111109	1
31	EC_L4	180	138	hit_ec4_softmax	75	75	0.41666666666666669	1
31	EC_L4	180	138	hit_ec4_softmax	76	76	0.42222222222222222	1
31	EC_L4	180	138	hit_ec4_softmax	77	77	0.42777777777777776	1
31	EC_L4	180	138	hit_ec4_softmax	78	78	0.43333333333333335	1
31	EC_L4	180	138	hit_ec4_softmax	79	79	0.43888888888888888	1
31	EC_L4	180	138	hit_ec4_softmax	80	80	0.44444444444444442	1
31	EC_L4	180	138	hit_ec4_softmax	81	81	0.45000000000000001	1
31	EC_L4	180	138	hit_ec4_softmax	82	82	0.45555555555555555	1
31	EC_L4	180	138	hit_ec4_softmax	83	83	0.46111111111111114	1
31	EC_L4	180	138	hit_ec4_softmax	84	84	0.46666666666666667	1
31	EC_L4	180	138	hit_ec4_softmax	85	85	0.47222222222222221	1
31	EC_L4	180	138	hit_ec4_softmax	86	86	0.4777777777777778	1
31	EC_L4	180	138	hit_ec4_softmax	87	87	0.48333333333333334	1
31	EC_L4	180	138	hit_ec4_softmax	88	88	0.48888888888888887	1
31	EC_L4	180	138	hit_ec4_softmax	89	89	0.49444444444444446	1
31	EC_L4	180	138	hit_ec4_softmax	90	90	0.5	1
31	EC_L4	180	138	hit_ec4_softmax	91	91	0.50555555555555554	1
31	EC_L4	180	138	hit_ec4_softmax	92	92	0.51111111111111107	1
31	EC_L4	180	138	hit_ec4_softmax	93	93	0.51666666666666672	1
31	EC_L4	180	138	hit_ec4_softmax	94	94	0.52222222222222225	1
31	EC_L4	180	138	hit_ec4_softmax	95	95	0.52777777777777779	1
31	EC_L4	180	138	hit_ec4_softmax	96	96	0.53333333333333333	1
31	EC_L4	180	138	hit_ec4_softmax	97	97	0.53888888888888886	1
31	EC_L4	180	138	hit_ec4_softmax	98	98	0.5444444444444444	1
31	EC_L4	180	138	hit_ec4_softmax	99	99	0.55000000000000004	1
31	EC_L4	180	138	hit_ec4_softmax	100	100	0.55555555555555558	1
31	EC_L4	180	138	hit_ec4_softmax	101	101	0.56111111111111112	1
31	EC_L4	180	138	hit_ec4_softmax	102	102	0.56666666666666665	1
31	EC_L4	180	138	hit_ec4_softmax	103	103	0.57222222222222219	1
31	EC_L4	180	138	hit_ec4_softmax	104	104	0.57777777777777772	1
31	EC_L4	180	138	hit_ec4_softmax	105	105	0.58333333333333337	1
31	EC_L4	180	138	hit_ec4_softmax	106	106	0.58888888888888891	1
31	EC_L4	180	138	hit_ec4_softmax	107	107	0.59444444444444444	1
31	EC_L4	180	138	hit_ec4_softmax	108	108	0.59999999999999998	1
31	EC_L4	180	138	hit_ec4_softmax	109	109	0.60555555555555551	1
31	EC_L4	180	138	hit_ec4_softmax	110	110	0.61111111111111116	1
31	EC_L4	180	138	hit_ec4_softmax	111	111	0.6166666666666667	1
31	EC_L4	180	138	hit_ec4_softmax	112	112	0.62222222222222223	1
31	EC_L4	180	138	hit_ec4_softmax	113	113	0.62777777777777777	1
31	EC_L4	180	138	hit_ec4_softmax	114	114	0.6333333333333333	1
31	EC_L4	180	138	hit_ec4_softmax	115	115	0.63888888888888884	1
31	EC_L4	180	138	hit_ec4_softmax	116	116	0.64444444444444449	1
31	EC_L4	180	138	hit_ec4_softmax	117	117	0.65000000000000002	1
31	EC_L4	180	138	hit_ec4_softmax	118	118	0.65555555555555556	1
31	EC_L4	180	138	hit_ec4_softmax	119	119	0.66111111111111109	1
31	EC_L4	180	138	hit_ec4_softmax	120	120	0.66666666666666663	1
31	EC_L4	180	138	hit_ec4_softmax	121	121	0.67222222222222228	1
31	EC_L4	180	138	hit_ec4_softmax	122	122	0.67777777777777781	1
31	EC_L4	180	138	hit_ec4_softmax	123	123	0.68333333333333335	1
31	EC_L4	180	138	hit_ec4_softmax	124	124	0.68888888888888888	1
31	EC_L4	180	138	hit_ec4_softmax	125	125	0.69444444444444442	1
31	EC_L4	180	138	hit_ec4_softmax	126	126	0.69999999999999996	1
31	EC_L4	180	138	hit_ec4_softmax	127	127	0.7055555555555556	1
31	EC_L4	180	138	hit_ec4_softmax	128	128	0.71111111111111114	1
31	EC_L4	180	138	hit_ec4_softmax	129	129	0.71666666666666667	1
31	EC_L4	180	138	hit_ec4_softmax	130	130	0.72222222222222221	1
31	EC_L4	180	138	hit_ec4_softmax	131	131	0.72777777777777775	1
31	EC_L4	180	138	hit_ec4_softmax	132	132	0.73333333333333328	1
31	EC_L4	180	138	hit_ec4_softmax	133	133	0.73888888888888893	1
31	EC_L4	180	138	hit_ec4_softmax	134	134	0.74444444444444446	1
31	EC_L4	180	138	hit_ec4_softmax	135	135	0.75	1
31	EC_L4	180	138	hit_ec4_softmax	136	136	0.75555555555555554	1
31	EC_L4	180	138	hit_ec4_softmax	137	137	0.76111111111111107	1
31	EC_L4	180	138	hit_ec4_softmax	138	138	0.76666666666666672	1
31	EC_L4	180	138	hit_ec4_softmax	139	139	0.77222222222222225	1
31	EC_L4	180	138	hit_ec4_softmax	140	140	0.77777777777777779	1
31	EC_L4	180	138	hit_ec4_softmax	141	141	0.78333333333333333	1
31	EC_L4	180	138	hit_ec4_softmax	142	142	0.78888888888888886	1
31	EC_L4	180	138	hit_ec4_softmax	143	143	0.7944444444444444	1
31	EC_L4	180	138	hit_ec4_softmax	144	143	0.80000000000000004	0.99305555555555558
31	EC_L4	180	138	hit_ec4_softmax	145	144	0.80555555555555558	0.99310344827586206
31	EC_L4	180	138	hit_ec4_softmax	146	145	0.81111111111111112	0.99315068493150682
31	EC_L4	180	138	hit_ec4_softmax	147	146	0.81666666666666665	0.99319727891156462
31	EC_L4	180	138	hit_ec4_softmax	148	147	0.82222222222222219	0.9932432432432432
31	EC_L4	180	138	hit_ec4_softmax	149	148	0.82777777777777772	0.99328859060402686
31	EC_L4	180	138	hit_ec4_softmax	150	148	0.83333333333333337	0.98666666666666669
31	EC_L4	180	138	hit_ec4_softmax	151	148	0.83888888888888891	0.98013245033112584
31	EC_L4	180	138	hit_ec4_softmax	152	148	0.84444444444444444	0.97368421052631582
31	EC_L4	180	138	hit_ec4_softmax	153	148	0.84999999999999998	0.9673202614379085
31	EC_L4	180	138	hit_ec4_softmax	154	148	0.85555555555555551	0.96103896103896103
31	EC_L4	180	138	hit_ec4_softmax	155	149	0.86111111111111116	0.96129032258064517
31	EC_L4	180	138	hit_ec4_softmax	156	150	0.8666666666666667	0.96153846153846156
31	EC_L4	180	138	hit_ec4_softmax	157	150	0.87222222222222223	0.95541401273885351
31	EC_L4	180	138	hit_ec4_softmax	158	150	0.87777777777777777	0.94936708860759489
31	EC_L4	180	138	hit_ec4_softmax	159	151	0.8833333333333333	0.94968553459119498
31	EC_L4	180	138	hit_ec4_softmax	160	152	0.88888888888888884	0.94999999999999996
31	EC_L4	180	138	hit_ec4_softmax	161	153	0.89444444444444449	0.9503105590062112
31	EC_L4	180	138	hit_ec4_softmax	162	153	0.90000000000000002	0.94444444444444442
31	EC_L4	180	138	hit_ec4_softmax	163	153	0.90555555555555556	0.93865030674846628
31	EC_L4	180	138	hit_ec4_softmax	164	154	0.91111111111111109	0.93902439024390238
31	EC_L4	180	138	hit_ec4_softmax	165	155	0.91666666666666663	0.93939393939393945
31	EC_L4	180	138	hit_ec4_softmax	166	155	0.92222222222222228	0.9337349397590361
31	EC_L4	180	138	hit_ec4_softmax	167	155	0.92777777777777781	0.92814371257485029
31	EC_L4	180	138	hit_ec4_softmax	168	155	0.93333333333333335	0.92261904761904767
31	EC_L4	180	138	hit_ec4_softmax	169	155	0.93888888888888888	0.91715976331360949
31	EC_L4	180	138	hit_ec4_softmax	170	155	0.94444444444444442	0.91176470588235292
31	EC_L4	180	138	hit_ec4_softmax	171	155	0.94999999999999996	0.9064327485380117
31	EC_L4	180	138	hit_ec4_softmax	172	155	0.9555555555555556	0.90116279069767447
31	EC_L4	180	138	hit_ec4_softmax	173	155	0.96111111111111114	0.89595375722543358
31	EC_L4	180	138	hit_ec4_softmax	174	155	0.96666666666666667	0.89080459770114939
31	EC_L4	180	138	hit_ec4_softmax	175	155	0.97222222222222221	0.88571428571428568
31	EC_L4	180	138	hit_ec4_softmax	176	155	0.97777777777777775	0.88068181818181823
31	EC_L4	180	138	hit_ec4_softmax	177	155	0.98333333333333328	0.87570621468926557
31	EC_L4	180	138	hit_ec4_softmax	178	155	0.98888888888888893	0.8707865168539326
31	EC_L4	180	138	hit_ec4_softmax	179	155	0.99444444444444446	0.86592178770949724
31	EC_L4	180	138	hit_ec4_softmax	180	155	1	0.86111111111111116
31	EC_L4	180	138	hit_ec4_margin	1	1	0.0055555555555555558	1
31	EC_L4	180	138	hit_ec4_margin	2	2	0.011111111111111112	1
31	EC_L4	180	138	hit_ec4_margin	3	3	0.016666666666666666	1
31	EC_L4	180	138	hit_ec4_margin	4	4	0.022222222222222223	1
31	EC_L4	180	138	hit_ec4_margin	5	5	0.027777777777777776	1
31	EC_L4	180	138	hit_ec4_margin	6	6	0.033333333333333333	1
31	EC_L4	180	138	hit_ec4_margin	7	7	0.03888888888888889	1
31	EC_L4	180	138	hit_ec4_margin	8	8	0.044444444444444446	1
31	EC_L4	180	138	hit_ec4_margin	9	9	0.050000000000000003	1
31	EC_L4	180	138	hit_ec4_margin	10	10	0.055555555555555552	1
31	EC_L4	180	138	hit_ec4_margin	11	11	0.061111111111111109	1
31	EC_L4	180	138	hit_ec4_margin	12	12	0.066666666666666666	1
31	EC_L4	180	138	hit_ec4_margin	13	13	0.072222222222222215	1
31	EC_L4	180	138	hit_ec4_margin	14	14	0.077777777777777779	1
31	EC_L4	180	138	hit_ec4_margin	15	15	0.083333333333333329	1
31	EC_L4	180	138	hit_ec4_margin	16	16	0.088888888888888892	1
31	EC_L4	180	138	hit_ec4_margin	17	17	0.094444444444444442	1
31	EC_L4	180	138	hit_ec4_margin	18	18	0.10000000000000001	1
31	EC_L4	180	138	hit_ec4_margin	19	19	0.10555555555555556	1
31	EC_L4	180	138	hit_ec4_margin	20	20	0.1111111111111111	1
31	EC_L4	180	138	hit_ec4_margin	21	21	0.11666666666666667	1
31	EC_L4	180	138	hit_ec4_margin	22	22	0.12222222222222222	1
31	EC_L4	180	138	hit_ec4_margin	23	23	0.12777777777777777	1
31	EC_L4	180	138	hit_ec4_margin	24	24	0.13333333333333333	1
31	EC_L4	180	138	hit_ec4_margin	25	25	0.1388888888888889	1
31	EC_L4	180	138	hit_ec4_margin	26	26	0.14444444444444443	1
31	EC_L4	180	138	hit_ec4_margin	27	27	0.14999999999999999	1
31	EC_L4	180	138	hit_ec4_margin	28	28	0.15555555555555556	1
31	EC_L4	180	138	hit_ec4_margin	29	29	0.16111111111111112	1
31	EC_L4	180	138	hit_ec4_margin	30	30	0.16666666666666666	1
31	EC_L4	180	138	hit_ec4_margin	31	31	0.17222222222222222	1
31	EC_L4	180	138	hit_ec4_margin	32	32	0.17777777777777778	1
31	EC_L4	180	138	hit_ec4_margin	33	33	0.18333333333333332	1
31	EC_L4	180	138	hit_ec4_margin	34	34	0.18888888888888888	1
31	EC_L4	180	138	hit_ec4_margin	35	35	0.19444444444444445	1
31	EC_L4	180	138	hit_ec4_margin	36	36	0.20000000000000001	1
31	EC_L4	180	138	hit_ec4_margin	37	37	0.20555555555555555	1
31	EC_L4	180	138	hit_ec4_margin	38	38	0.21111111111111111	1
31	EC_L4	180	138	hit_ec4_margin	39	39	0.21666666666666667	1
31	EC_L4	180	138	hit_ec4_margin	40	40	0.22222222222222221	1
31	EC_L4	180	138	hit_ec4_margin	41	41	0.22777777777777777	1
31	EC_L4	180	138	hit_ec4_margin	42	42	0.23333333333333334	1
31	EC_L4	180	138	hit_ec4_margin	43	43	0.2388888888888889	1
31	EC_L4	180	138	hit_ec4_margin	44	44	0.24444444444444444	1
31	EC_L4	180	138	hit_ec4_margin	45	45	0.25	1
31	EC_L4	180	138	hit_ec4_margin	46	46	0.25555555555555554	1
31	EC_L4	180	138	hit_ec4_margin	47	47	0.26111111111111113	1
31	EC_L4	180	138	hit_ec4_margin	48	48	0.26666666666666666	1
31	EC_L4	180	138	hit_ec4_margin	49	49	0.2722222222222222	1
31	EC_L4	180	138	hit_ec4_margin	50	50	0.27777777777777779	1
31	EC_L4	180	138	hit_ec4_margin	51	51	0.28333333333333333	1
31	EC_L4	180	138	hit_ec4_margin	52	52	0.28888888888888886	1
31	EC_L4	180	138	hit_ec4_margin	53	53	0.29444444444444445	1
31	EC_L4	180	138	hit_ec4_margin	54	54	0.29999999999999999	1
31	EC_L4	180	138	hit_ec4_margin	55	55	0.30555555555555558	1
31	EC_L4	180	138	hit_ec4_margin	56	56	0.31111111111111112	1
31	EC_L4	180	138	hit_ec4_margin	57	57	0.31666666666666665	1
31	EC_L4	180	138	hit_ec4_margin	58	58	0.32222222222222224	1
31	EC_L4	180	138	hit_ec4_margin	59	59	0.32777777777777778	1
31	EC_L4	180	138	hit_ec4_margin	60	60	0.33333333333333331	1
31	EC_L4	180	138	hit_ec4_margin	61	61	0.33888888888888891	1
31	EC_L4	180	138	hit_ec4_margin	62	62	0.34444444444444444	1
31	EC_L4	180	138	hit_ec4_margin	63	63	0.34999999999999998	1
31	EC_L4	180	138	hit_ec4_margin	64	64	0.35555555555555557	1
31	EC_L4	180	138	hit_ec4_margin	65	65	0.3611111111111111	1
31	EC_L4	180	138	hit_ec4_margin	66	66	0.36666666666666664	1
31	EC_L4	180	138	hit_ec4_margin	67	67	0.37222222222222223	1
31	EC_L4	180	138	hit_ec4_margin	68	68	0.37777777777777777	1
31	EC_L4	180	138	hit_ec4_margin	69	69	0.38333333333333336	1
31	EC_L4	180	138	hit_ec4_margin	70	70	0.3888888888888889	1
31	EC_L4	180	138	hit_ec4_margin	71	71	0.39444444444444443	1
31	EC_L4	180	138	hit_ec4_margin	72	72	0.40000000000000002	1
31	EC_L4	180	138	hit_ec4_margin	73	73	0.40555555555555556	1
31	EC_L4	180	138	hit_ec4_margin	74	74	0.41111111111111109	1
31	EC_L4	180	138	hit_ec4_margin	75	75	0.41666666666666669	1
31	EC_L4	180	138	hit_ec4_margin	76	76	0.42222222222222222	1
31	EC_L4	180	138	hit_ec4_margin	77	77	0.42777777777777776	1
31	EC_L4	180	138	hit_ec4_margin	78	78	0.43333333333333335	1
31	EC_L4	180	138	hit_ec4_margin	79	79	0.43888888888888888	1
31	EC_L4	180	138	hit_ec4_margin	80	80	0.44444444444444442	1
31	EC_L4	180	138	hit_ec4_margin	81	81	0.45000000000000001	1
31	EC_L4	180	138	hit_ec4_margin	82	82	0.45555555555555555	1
31	EC_L4	180	138	hit_ec4_margin	83	83	0.46111111111111114	1
31	EC_L4	180	138	hit_ec4_margin	84	84	0.46666666666666667	1
31	EC_L4	180	138	hit_ec4_margin	85	85	0.47222222222222221	1
31	EC_L4	180	138	hit_ec4_margin	86	86	0.4777777777777778	1
31	EC_L4	180	138	hit_ec4_margin	87	87	0.48333333333333334	1
31	EC_L4	180	138	hit_ec4_margin	88	88	0.48888888888888887	1
31	EC_L4	180	138	hit_ec4_margin	89	89	0.49444444444444446	1
31	EC_L4	180	138	hit_ec4_margin	90	90	0.5	1
31	EC_L4	180	138	hit_ec4_margin	91	91	0.50555555555555554	1
31	EC_L4	180	138	hit_ec4_margin	92	92	0.51111111111111107	1
31	EC_L4	180	138	hit_ec4_margin	93	93	0.51666666666666672	1
31	EC_L4	180	138	hit_ec4_margin	94	94	0.52222222222222225	1
31	EC_L4	180	138	hit_ec4_margin	95	95	0.52777777777777779	1
31	EC_L4	180	138	hit_ec4_margin	96	96	0.53333333333333333	1
31	EC_L4	180	138	hit_ec4_margin	97	97	0.53888888888888886	1
31	EC_L4	180	138	hit_ec4_margin	98	98	0.5444444444444444	1
31	EC_L4	180	138	hit_ec4_margin	99	99	0.55000000000000004	1
31	EC_L4	180	138	hit_ec4_margin	100	100	0.55555555555555558	1
31	EC_L4	180	138	hit_ec4_margin	101	101	0.56111111111111112	1
31	EC_L4	180	138	hit_ec4_margin	102	102	0.56666666666666665	1
31	EC_L4	180	138	hit_ec4_margin	103	103	0.57222222222222219	1
31	EC_L4	180	138	hit_ec4_margin	104	104	0.57777777777777772	1
31	EC_L4	180	138	hit_ec4_margin	105	105	0.58333333333333337	1
31	EC_L4	180	138	hit_ec4_margin	106	106	0.58888888888888891	1
31	EC_L4	180	138	hit_ec4_margin	107	107	0.59444444444444444	1
31	EC_L4	180	138	hit_ec4_margin	108	108	0.59999999999999998	1
31	EC_L4	180	138	hit_ec4_margin	109	109	0.60555555555555551	1
31	EC_L4	180	138	hit_ec4_margin	110	110	0.61111111111111116	1
31	EC_L4	180	138	hit_ec4_margin	111	111	0.6166666666666667	1
31	EC_L4	180	138	hit_ec4_margin	112	112	0.62222222222222223	1
31	EC_L4	180	138	hit_ec4_margin	113	113	0.62777777777777777	1
31	EC_L4	180	138	hit_ec4_margin	114	114	0.6333333333333333	1
31	EC_L4	180	138	hit_ec4_margin	115	115	0.63888888888888884	1
31	EC_L4	180	138	hit_ec4_margin	116	116	0.64444444444444449	1
31	EC_L4	180	138	hit_ec4_margin	117	117	0.65000000000000002	1
31	EC_L4	180	138	hit_ec4_margin	118	118	0.65555555555555556	1
31	EC_L4	180	138	hit_ec4_margin	119	119	0.66111111111111109	1
31	EC_L4	180	138	hit_ec4_margin	120	120	0.66666666666666663	1
31	EC_L4	180	138	hit_ec4_margin	121	121	0.67222222222222228	1
31	EC_L4	180	138	hit_ec4_margin	122	122	0.67777777777777781	1
31	EC_L4	180	138	hit_ec4_margin	123	123	0.68333333333333335	1
31	EC_L4	180	138	hit_ec4_margin	124	124	0.68888888888888888	1
31	EC_L4	180	138	hit_ec4_margin	125	125	0.69444444444444442	1
31	EC_L4	180	138	hit_ec4_margin	126	126	0.69999999999999996	1
31	EC_L4	180	138	hit_ec4_margin	127	127	0.7055555555555556	1
31	EC_L4	180	138	hit_ec4_margin	128	128	0.71111111111111114	1
31	EC_L4	180	138	hit_ec4_margin	129	129	0.71666666666666667	1
31	EC_L4	180	138	hit_ec4_margin	130	130	0.72222222222222221	1
31	EC_L4	180	138	hit_ec4_margin	131	131	0.72777777777777775	1
31	EC_L4	180	138	hit_ec4_margin	132	132	0.73333333333333328	1
31	EC_L4	180	138	hit_ec4_margin	133	133	0.73888888888888893	1
31	EC_L4	180	138	hit_ec4_margin	134	134	0.74444444444444446	1
31	EC_L4	180	138	hit_ec4_margin	135	135	0.75	1
31	EC_L4	180	138	hit_ec4_margin	136	136	0.75555555555555554	1
31	EC_L4	180	138	hit_ec4_margin	137	137	0.76111111111111107	1
31	EC_L4	180	138	hit_ec4_margin	138	138	0.76666666666666672	1
31	EC_L4	180	138	hit_ec4_margin	139	139	0.77222222222222225	1
31	EC_L4	180	138	hit_ec4_margin	140	140	0.77777777777777779	1
31	EC_L4	180	138	hit_ec4_margin	141	141	0.78333333333333333	1
31	EC_L4	180	138	hit_ec4_margin	142	142	0.78888888888888886	1
31	EC_L4	180	138	hit_ec4_margin	143	142	0.7944444444444444	0.99300699300699302
31	EC_L4	180	138	hit_ec4_margin	144	143	0.80000000000000004	0.99305555555555558
31	EC_L4	180	138	hit_ec4_margin	145	144	0.80555555555555558	0.99310344827586206
31	EC_L4	180	138	hit_ec4_margin	146	145	0.81111111111111112	0.99315068493150682
31	EC_L4	180	138	hit_ec4_margin	147	146	0.81666666666666665	0.99319727891156462
31	EC_L4	180	138	hit_ec4_margin	148	147	0.82222222222222219	0.9932432432432432
31	EC_L4	180	138	hit_ec4_margin	149	148	0.82777777777777772	0.99328859060402686
31	EC_L4	180	138	hit_ec4_margin	150	148	0.83333333333333337	0.98666666666666669
31	EC_L4	180	138	hit_ec4_margin	151	148	0.83888888888888891	0.98013245033112584
31	EC_L4	180	138	hit_ec4_margin	152	148	0.84444444444444444	0.97368421052631582
31	EC_L4	180	138	hit_ec4_margin	153	148	0.84999999999999998	0.9673202614379085
31	EC_L4	180	138	hit_ec4_margin	154	148	0.85555555555555551	0.96103896103896103
31	EC_L4	180	138	hit_ec4_margin	155	149	0.86111111111111116	0.96129032258064517
31	EC_L4	180	138	hit_ec4_margin	156	149	0.8666666666666667	0.95512820512820518
31	EC_L4	180	138	hit_ec4_margin	157	150	0.87222222222222223	0.95541401273885351
31	EC_L4	180	138	hit_ec4_margin	158	150	0.87777777777777777	0.94936708860759489
31	EC_L4	180	138	hit_ec4_margin	159	151	0.8833333333333333	0.94968553459119498
31	EC_L4	180	138	hit_ec4_margin	160	151	0.88888888888888884	0.94374999999999998
31	EC_L4	180	138	hit_ec4_margin	161	152	0.89444444444444449	0.94409937888198758
31	EC_L4	180	138	hit_ec4_margin	162	153	0.90000000000000002	0.94444444444444442
31	EC_L4	180	138	hit_ec4_margin	163	153	0.90555555555555556	0.93865030674846628
31	EC_L4	180	138	hit_ec4_margin	164	154	0.91111111111111109	0.93902439024390238
31	EC_L4	180	138	hit_ec4_margin	165	154	0.91666666666666663	0.93333333333333335
31	EC_L4	180	138	hit_ec4_margin	166	155	0.92222222222222228	0.9337349397590361
31	EC_L4	180	138	hit_ec4_margin	167	155	0.92777777777777781	0.92814371257485029
31	EC_L4	180	138	hit_ec4_margin	168	155	0.93333333333333335	0.92261904761904767
31	EC_L4	180	138	hit_ec4_margin	169	155	0.93888888888888888	0.91715976331360949
31	EC_L4	180	138	hit_ec4_margin	170	155	0.94444444444444442	0.91176470588235292
31	EC_L4	180	138	hit_ec4_margin	171	155	0.94999999999999996	0.9064327485380117
31	EC_L4	180	138	hit_ec4_margin	172	155	0.9555555555555556	0.90116279069767447
31	EC_L4	180	138	hit_ec4_margin	173	155	0.96111111111111114	0.89595375722543358
31	EC_L4	180	138	hit_ec4_margin	174	155	0.96666666666666667	0.89080459770114939
31	EC_L4	180	138	hit_ec4_margin	175	155	0.97222222222222221	0.88571428571428568
31	EC_L4	180	138	hit_ec4_margin	176	155	0.97777777777777775	0.88068181818181823
31	EC_L4	180	138	hit_ec4_margin	177	155	0.98333333333333328	0.87570621468926557
31	EC_L4	180	138	hit_ec4_margin	178	155	0.98888888888888893	0.8707865168539326
31	EC_L4	180	138	hit_ec4_margin	179	155	0.99444444444444446	0.86592178770949724
31	EC_L4	180	138	hit_ec4_margin	180	155	1	0.86111111111111116
31	EC_L4	180	138	hit_native_level_logit	1	1	0.0055555555555555558	1
31	EC_L4	180	138	hit_native_level_logit	2	2	0.011111111111111112	1
31	EC_L4	180	138	hit_native_level_logit	3	3	0.016666666666666666	1
31	EC_L4	180	138	hit_native_level_logit	4	4	0.022222222222222223	1
31	EC_L4	180	138	hit_native_level_logit	5	5	0.027777777777777776	1
31	EC_L4	180	138	hit_native_level_logit	6	6	0.033333333333333333	1
31	EC_L4	180	138	hit_native_level_logit	7	7	0.03888888888888889	1
31	EC_L4	180	138	hit_native_level_logit	8	8	0.044444444444444446	1
31	EC_L4	180	138	hit_native_level_logit	9	9	0.050000000000000003	1
31	EC_L4	180	138	hit_native_level_logit	10	10	0.055555555555555552	1
31	EC_L4	180	138	hit_native_level_logit	11	11	0.061111111111111109	1
31	EC_L4	180	138	hit_native_level_logit	12	12	0.066666666666666666	1
31	EC_L4	180	138	hit_native_level_logit	13	13	0.072222222222222215	1
31	EC_L4	180	138	hit_native_level_logit	14	14	0.077777777777777779	1
31	EC_L4	180	138	hit_native_level_logit	15	15	0.083333333333333329	1
31	EC_L4	180	138	hit_native_level_logit	16	16	0.088888888888888892	1
31	EC_L4	180	138	hit_native_level_logit	17	17	0.094444444444444442	1
31	EC_L4	180	138	hit_native_level_logit	18	18	0.10000000000000001	1
31	EC_L4	180	138	hit_native_level_logit	19	19	0.10555555555555556	1
31	EC_L4	180	138	hit_native_level_logit	20	20	0.1111111111111111	1
31	EC_L4	180	138	hit_native_level_logit	21	21	0.11666666666666667	1
31	EC_L4	180	138	hit_native_level_logit	22	22	0.12222222222222222	1
31	EC_L4	180	138	hit_native_level_logit	23	23	0.12777777777777777	1
31	EC_L4	180	138	hit_native_level_logit	24	24	0.13333333333333333	1
31	EC_L4	180	138	hit_native_level_logit	25	25	0.1388888888888889	1
31	EC_L4	180	138	hit_native_level_logit	26	26	0.14444444444444443	1
31	EC_L4	180	138	hit_native_level_logit	27	27	0.14999999999999999	1
31	EC_L4	180	138	hit_native_level_logit	28	28	0.15555555555555556	1
31	EC_L4	180	138	hit_native_level_logit	29	29	0.16111111111111112	1
31	EC_L4	180	138	hit_native_level_logit	30	30	0.16666666666666666	1
31	EC_L4	180	138	hit_native_level_logit	31	31	0.17222222222222222	1
31	EC_L4	180	138	hit_native_level_logit	32	32	0.17777777777777778	1
31	EC_L4	180	138	hit_native_level_logit	33	33	0.18333333333333332	1
31	EC_L4	180	138	hit_native_level_logit	34	34	0.18888888888888888	1
31	EC_L4	180	138	hit_native_level_logit	35	35	0.19444444444444445	1
31	EC_L4	180	138	hit_native_level_logit	36	36	0.20000000000000001	1
31	EC_L4	180	138	hit_native_level_logit	37	37	0.20555555555555555	1
31	EC_L4	180	138	hit_native_level_logit	38	38	0.21111111111111111	1
31	EC_L4	180	138	hit_native_level_logit	39	39	0.21666666666666667	1
31	EC_L4	180	138	hit_native_level_logit	40	40	0.22222222222222221	1
31	EC_L4	180	138	hit_native_level_logit	41	41	0.22777777777777777	1
31	EC_L4	180	138	hit_native_level_logit	42	42	0.23333333333333334	1
31	EC_L4	180	138	hit_native_level_logit	43	43	0.2388888888888889	1
31	EC_L4	180	138	hit_native_level_logit	44	44	0.24444444444444444	1
31	EC_L4	180	138	hit_native_level_logit	45	45	0.25	1
31	EC_L4	180	138	hit_native_level_logit	46	46	0.25555555555555554	1
31	EC_L4	180	138	hit_native_level_logit	47	47	0.26111111111111113	1
31	EC_L4	180	138	hit_native_level_logit	48	48	0.26666666666666666	1
31	EC_L4	180	138	hit_native_level_logit	49	49	0.2722222222222222	1
31	EC_L4	180	138	hit_native_level_logit	50	50	0.27777777777777779	1
31	EC_L4	180	138	hit_native_level_logit	51	51	0.28333333333333333	1
31	EC_L4	180	138	hit_native_level_logit	52	52	0.28888888888888886	1
31	EC_L4	180	138	hit_native_level_logit	53	53	0.29444444444444445	1
31	EC_L4	180	138	hit_native_level_logit	54	54	0.29999999999999999	1
31	EC_L4	180	138	hit_native_level_logit	55	55	0.30555555555555558	1
31	EC_L4	180	138	hit_native_level_logit	56	56	0.31111111111111112	1
31	EC_L4	180	138	hit_native_level_logit	57	57	0.31666666666666665	1
31	EC_L4	180	138	hit_native_level_logit	58	58	0.32222222222222224	1
31	EC_L4	180	138	hit_native_level_logit	59	59	0.32777777777777778	1
31	EC_L4	180	138	hit_native_level_logit	60	60	0.33333333333333331	1
31	EC_L4	180	138	hit_native_level_logit	61	61	0.33888888888888891	1
31	EC_L4	180	138	hit_native_level_logit	62	62	0.34444444444444444	1
31	EC_L4	180	138	hit_native_level_logit	63	63	0.34999999999999998	1
31	EC_L4	180	138	hit_native_level_logit	64	64	0.35555555555555557	1
31	EC_L4	180	138	hit_native_level_logit	65	65	0.3611111111111111	1
31	EC_L4	180	138	hit_native_level_logit	66	66	0.36666666666666664	1
31	EC_L4	180	138	hit_native_level_logit	67	67	0.37222222222222223	1
31	EC_L4	180	138	hit_native_level_logit	68	68	0.37777777777777777	1
31	EC_L4	180	138	hit_native_level_logit	69	69	0.38333333333333336	1
31	EC_L4	180	138	hit_native_level_logit	70	70	0.3888888888888889	1
31	EC_L4	180	138	hit_native_level_logit	71	71	0.39444444444444443	1
31	EC_L4	180	138	hit_native_level_logit	72	72	0.40000000000000002	1
31	EC_L4	180	138	hit_native_level_logit	73	73	0.40555555555555556	1
31	EC_L4	180	138	hit_native_level_logit	74	74	0.41111111111111109	1
31	EC_L4	180	138	hit_native_level_logit	75	75	0.41666666666666669	1
31	EC_L4	180	138	hit_native_level_logit	76	76	0.42222222222222222	1
31	EC_L4	180	138	hit_native_level_logit	77	77	0.42777777777777776	1
31	EC_L4	180	138	hit_native_level_logit	78	78	0.43333333333333335	1
31	EC_L4	180	138	hit_native_level_logit	79	79	0.43888888888888888	1
31	EC_L4	180	138	hit_native_level_logit	80	80	0.44444444444444442	1
31	EC_L4	180	138	hit_native_level_logit	81	81	0.45000000000000001	1
31	EC_L4	180	138	hit_native_level_logit	82	82	0.45555555555555555	1
31	EC_L4	180	138	hit_native_level_logit	83	83	0.46111111111111114	1
31	EC_L4	180	138	hit_native_level_logit	84	84	0.46666666666666667	1
31	EC_L4	180	138	hit_native_level_logit	85	85	0.47222222222222221	1
31	EC_L4	180	138	hit_native_level_logit	86	86	0.4777777777777778	1
31	EC_L4	180	138	hit_native_level_logit	87	87	0.48333333333333334	1
31	EC_L4	180	138	hit_native_level_logit	88	88	0.48888888888888887	1
31	EC_L4	180	138	hit_native_level_logit	89	89	0.49444444444444446	1
31	EC_L4	180	138	hit_native_level_logit	90	90	0.5	1
31	EC_L4	180	138	hit_native_level_logit	91	91	0.50555555555555554	1
31	EC_L4	180	138	hit_native_level_logit	92	92	0.51111111111111107	1
31	EC_L4	180	138	hit_native_level_logit	93	93	0.51666666666666672	1
31	EC_L4	180	138	hit_native_level_logit	94	94	0.52222222222222225	1
31	EC_L4	180	138	hit_native_level_logit	95	95	0.52777777777777779	1
31	EC_L4	180	138	hit_native_level_logit	96	96	0.53333333333333333	1
31	EC_L4	180	138	hit_native_level_logit	97	97	0.53888888888888886	1
31	EC_L4	180	138	hit_native_level_logit	98	98	0.5444444444444444	1
31	EC_L4	180	138	hit_native_level_logit	99	99	0.55000000000000004	1
31	EC_L4	180	138	hit_native_level_logit	100	100	0.55555555555555558	1
31	EC_L4	180	138	hit_native_level_logit	101	101	0.56111111111111112	1
31	EC_L4	180	138	hit_native_level_logit	102	102	0.56666666666666665	1
31	EC_L4	180	138	hit_native_level_logit	103	103	0.57222222222222219	1
31	EC_L4	180	138	hit_native_level_logit	104	104	0.57777777777777772	1
31	EC_L4	180	138	hit_native_level_logit	105	105	0.58333333333333337	1
31	EC_L4	180	138	hit_native_level_logit	106	106	0.58888888888888891	1
31	EC_L4	180	138	hit_native_level_logit	107	107	0.59444444444444444	1
31	EC_L4	180	138	hit_native_level_logit	108	108	0.59999999999999998	1
31	EC_L4	180	138	hit_native_level_logit	109	109	0.60555555555555551	1
31	EC_L4	180	138	hit_native_level_logit	110	110	0.61111111111111116	1
31	EC_L4	180	138	hit_native_level_logit	111	111	0.6166666666666667	1
31	EC_L4	180	138	hit_native_level_logit	112	112	0.62222222222222223	1
31	EC_L4	180	138	hit_native_level_logit	113	113	0.62777777777777777	1
31	EC_L4	180	138	hit_native_level_logit	114	114	0.6333333333333333	1
31	EC_L4	180	138	hit_native_level_logit	115	115	0.63888888888888884	1
31	EC_L4	180	138	hit_native_level_logit	116	116	0.64444444444444449	1
31	EC_L4	180	138	hit_native_level_logit	117	117	0.65000000000000002	1
31	EC_L4	180	138	hit_native_level_logit	118	118	0.65555555555555556	1
31	EC_L4	180	138	hit_native_level_logit	119	119	0.66111111111111109	1
31	EC_L4	180	138	hit_native_level_logit	120	120	0.66666666666666663	1
31	EC_L4	180	138	hit_native_level_logit	121	121	0.67222222222222228	1
31	EC_L4	180	138	hit_native_level_logit	122	122	0.67777777777777781	1
31	EC_L4	180	138	hit_native_level_logit	123	123	0.68333333333333335	1
31	EC_L4	180	138	hit_native_level_logit	124	124	0.68888888888888888	1
31	EC_L4	180	138	hit_native_level_logit	125	125	0.69444444444444442	1
31	EC_L4	180	138	hit_native_level_logit	126	126	0.69999999999999996	1
31	EC_L4	180	138	hit_native_level_logit	127	127	0.7055555555555556	1
31	EC_L4	180	138	hit_native_level_logit	128	128	0.71111111111111114	1
31	EC_L4	180	138	hit_native_level_logit	129	129	0.71666666666666667	1
31	EC_L4	180	138	hit_native_level_logit	130	130	0.72222222222222221	1
31	EC_L4	180	138	hit_native_level_logit	131	131	0.72777777777777775	1
31	EC_L4	180	138	hit_native_level_logit	132	132	0.73333333333333328	1
31	EC_L4	180	138	hit_native_level_logit	133	133	0.73888888888888893	1
31	EC_L4	180	138	hit_native_level_logit	134	134	0.74444444444444446	1
31	EC_L4	180	138	hit_native_level_logit	135	135	0.75	1
31	EC_L4	180	138	hit_native_level_logit	136	136	0.75555555555555554	1
31	EC_L4	180	138	hit_native_level_logit	137	137	0.76111111111111107	1
31	EC_L4	180	138	hit_native_level_logit	138	138	0.76666666666666672	1
31	EC_L4	180	138	hit_native_level_logit	139	139	0.77222222222222225	1
31	EC_L4	180	138	hit_native_level_logit	140	140	0.77777777777777779	1
31	EC_L4	180	138	hit_native_level_logit	141	141	0.78333333333333333	1
31	EC_L4	180	138	hit_native_level_logit	142	142	0.78888888888888886	1
31	EC_L4	180	138	hit_native_level_logit	143	143	0.7944444444444444	1
31	EC_L4	180	138	hit_native_level_logit	144	144	0.80000000000000004	1
31	EC_L4	180	138	hit_native_level_logit	145	145	0.80555555555555558	1
31	EC_L4	180	138	hit_native_level_logit	146	146	0.81111111111111112	1
31	EC_L4	180	138	hit_native_level_logit	147	147	0.81666666666666665	1
31	EC_L4	180	138	hit_native_level_logit	148	148	0.82222222222222219	1
31	EC_L4	180	138	hit_native_level_logit	149	149	0.82777777777777772	1
31	EC_L4	180	138	hit_native_level_logit	150	149	0.83333333333333337	0.99333333333333329
31	EC_L4	180	138	hit_native_level_logit	151	150	0.83888888888888891	0.99337748344370858
31	EC_L4	180	138	hit_native_level_logit	152	151	0.84444444444444444	0.99342105263157898
31	EC_L4	180	138	hit_native_level_logit	153	151	0.84999999999999998	0.98692810457516345
31	EC_L4	180	138	hit_native_level_logit	154	152	0.85555555555555551	0.98701298701298701
31	EC_L4	180	138	hit_native_level_logit	155	152	0.86111111111111116	0.98064516129032253
31	EC_L4	180	138	hit_native_level_logit	156	152	0.8666666666666667	0.97435897435897434
31	EC_L4	180	138	hit_native_level_logit	157	152	0.87222222222222223	0.96815286624203822
31	EC_L4	180	138	hit_native_level_logit	158	152	0.87777777777777777	0.96202531645569622
31	EC_L4	180	138	hit_native_level_logit	159	153	0.8833333333333333	0.96226415094339623
31	EC_L4	180	138	hit_native_level_logit	160	153	0.88888888888888884	0.95625000000000004
31	EC_L4	180	138	hit_native_level_logit	161	154	0.89444444444444449	0.95652173913043481
31	EC_L4	180	138	hit_native_level_logit	162	155	0.90000000000000002	0.95679012345679015
31	EC_L4	180	138	hit_native_level_logit	163	155	0.90555555555555556	0.95092024539877296
31	EC_L4	180	138	hit_native_level_logit	164	155	0.91111111111111109	0.94512195121951215
31	EC_L4	180	138	hit_native_level_logit	165	155	0.91666666666666663	0.93939393939393945
31	EC_L4	180	138	hit_native_level_logit	166	155	0.92222222222222228	0.9337349397590361
31	EC_L4	180	138	hit_native_level_logit	167	155	0.92777777777777781	0.92814371257485029
31	EC_L4	180	138	hit_native_level_logit	168	155	0.93333333333333335	0.92261904761904767
31	EC_L4	180	138	hit_native_level_logit	169	155	0.93888888888888888	0.91715976331360949
31	EC_L4	180	138	hit_native_level_logit	170	155	0.94444444444444442	0.91176470588235292
31	EC_L4	180	138	hit_native_level_logit	171	155	0.94999999999999996	0.9064327485380117
31	EC_L4	180	138	hit_native_level_logit	172	155	0.9555555555555556	0.90116279069767447
31	EC_L4	180	138	hit_native_level_logit	173	155	0.96111111111111114	0.89595375722543358
31	EC_L4	180	138	hit_native_level_logit	174	155	0.96666666666666667	0.89080459770114939
31	EC_L4	180	138	hit_native_level_logit	175	155	0.97222222222222221	0.88571428571428568
31	EC_L4	180	138	hit_native_level_logit	176	155	0.97777777777777775	0.88068181818181823
31	EC_L4	180	138	hit_native_level_logit	177	155	0.98333333333333328	0.87570621468926557
31	EC_L4	180	138	hit_native_level_logit	178	155	0.98888888888888893	0.8707865168539326
31	EC_L4	180	138	hit_native_level_logit	179	155	0.99444444444444446	0.86592178770949724
31	EC_L4	180	138	hit_native_level_logit	180	155	1	0.86111111111111116
33	EC_L3	309	252	judge	1	1	0.0032362459546925568	1
33	EC_L3	309	252	judge	2	2	0.0064724919093851136	1
33	EC_L3	309	252	judge	3	3	0.0097087378640776691	1
33	EC_L3	309	252	judge	4	4	0.012944983818770227	1
33	EC_L3	309	252	judge	5	5	0.016181229773462782	1
33	EC_L3	309	252	judge	6	6	0.019417475728155338	1
33	EC_L3	309	252	judge	7	7	0.022653721682847898	1
33	EC_L3	309	252	judge	8	8	0.025889967637540454	1
33	EC_L3	309	252	judge	9	9	0.029126213592233011	1
33	EC_L3	309	252	judge	10	10	0.032362459546925564	1
33	EC_L3	309	252	judge	11	11	0.035598705501618123	1
33	EC_L3	309	252	judge	12	12	0.038834951456310676	1
33	EC_L3	309	252	judge	13	13	0.042071197411003236	1
33	EC_L3	309	252	judge	14	14	0.045307443365695796	1
33	EC_L3	309	252	judge	15	15	0.048543689320388349	1
33	EC_L3	309	252	judge	16	16	0.051779935275080909	1
33	EC_L3	309	252	judge	17	17	0.055016181229773461	1
33	EC_L3	309	252	judge	18	18	0.058252427184466021	1
33	EC_L3	309	252	judge	19	19	0.061488673139158574	1
33	EC_L3	309	252	judge	20	20	0.064724919093851127	1
33	EC_L3	309	252	judge	21	21	0.067961165048543687	1
33	EC_L3	309	252	judge	22	22	0.071197411003236247	1
33	EC_L3	309	252	judge	23	23	0.074433656957928807	1
33	EC_L3	309	252	judge	24	24	0.077669902912621352	1
33	EC_L3	309	252	judge	25	25	0.080906148867313912	1
33	EC_L3	309	252	judge	26	26	0.084142394822006472	1
33	EC_L3	309	252	judge	27	27	0.087378640776699032	1
33	EC_L3	309	252	judge	28	28	0.090614886731391592	1
33	EC_L3	309	252	judge	29	29	0.093851132686084138	1
33	EC_L3	309	252	judge	30	30	0.097087378640776698	1
33	EC_L3	309	252	judge	31	31	0.10032362459546926	1
33	EC_L3	309	252	judge	32	32	0.10355987055016182	1
33	EC_L3	309	252	judge	33	33	0.10679611650485436	1
33	EC_L3	309	252	judge	34	34	0.11003236245954692	1
33	EC_L3	309	252	judge	35	35	0.11326860841423948	1
33	EC_L3	309	252	judge	36	36	0.11650485436893204	1
33	EC_L3	309	252	judge	37	37	0.11974110032362459	1
33	EC_L3	309	252	judge	38	38	0.12297734627831715	1
33	EC_L3	309	252	judge	39	39	0.12621359223300971	1
33	EC_L3	309	252	judge	40	40	0.12944983818770225	1
33	EC_L3	309	252	judge	41	41	0.13268608414239483	1
33	EC_L3	309	252	judge	42	42	0.13592233009708737	1
33	EC_L3	309	252	judge	43	43	0.13915857605177995	1
33	EC_L3	309	252	judge	44	44	0.14239482200647249	1
33	EC_L3	309	252	judge	45	45	0.14563106796116504	1
33	EC_L3	309	252	judge	46	46	0.14886731391585761	1
33	EC_L3	309	252	judge	47	47	0.15210355987055016	1
33	EC_L3	309	252	judge	48	48	0.1553398058252427	1
33	EC_L3	309	252	judge	49	49	0.15857605177993528	1
33	EC_L3	309	252	judge	50	50	0.16181229773462782	1
33	EC_L3	309	252	judge	51	51	0.1650485436893204	1
33	EC_L3	309	252	judge	52	52	0.16828478964401294	1
33	EC_L3	309	252	judge	53	53	0.17152103559870549	1
33	EC_L3	309	252	judge	54	54	0.17475728155339806	1
33	EC_L3	309	252	judge	55	55	0.17799352750809061	1
33	EC_L3	309	252	judge	56	56	0.18122977346278318	1
33	EC_L3	309	252	judge	57	57	0.18446601941747573	1
33	EC_L3	309	252	judge	58	58	0.18770226537216828	1
33	EC_L3	309	252	judge	59	59	0.19093851132686085	1
33	EC_L3	309	252	judge	60	60	0.1941747572815534	1
33	EC_L3	309	252	judge	61	61	0.19741100323624594	1
33	EC_L3	309	252	judge	62	62	0.20064724919093851	1
33	EC_L3	309	252	judge	63	63	0.20388349514563106	1
33	EC_L3	309	252	judge	64	64	0.20711974110032363	1
33	EC_L3	309	252	judge	65	65	0.21035598705501618	1
33	EC_L3	309	252	judge	66	66	0.21359223300970873	1
33	EC_L3	309	252	judge	67	67	0.2168284789644013	1
33	EC_L3	309	252	judge	68	68	0.22006472491909385	1
33	EC_L3	309	252	judge	69	69	0.22330097087378642	1
33	EC_L3	309	252	judge	70	70	0.22653721682847897	1
33	EC_L3	309	252	judge	71	71	0.22977346278317151	1
33	EC_L3	309	252	judge	72	72	0.23300970873786409	1
33	EC_L3	309	252	judge	73	72	0.23624595469255663	0.98630136986301364
33	EC_L3	309	252	judge	74	73	0.23948220064724918	0.98648648648648651
33	EC_L3	309	252	judge	75	74	0.24271844660194175	0.98666666666666669
33	EC_L3	309	252	judge	76	75	0.2459546925566343	0.98684210526315785
33	EC_L3	309	252	judge	77	76	0.24919093851132687	0.98701298701298701
33	EC_L3	309	252	judge	78	77	0.25242718446601942	0.98717948717948723
33	EC_L3	309	252	judge	79	78	0.25566343042071199	0.98734177215189878
33	EC_L3	309	252	judge	80	79	0.25889967637540451	0.98750000000000004
33	EC_L3	309	252	judge	81	80	0.26213592233009708	0.98765432098765427
33	EC_L3	309	252	judge	82	81	0.26537216828478966	0.98780487804878048
33	EC_L3	309	252	judge	83	82	0.26860841423948217	0.98795180722891562
33	EC_L3	309	252	judge	84	83	0.27184466019417475	0.98809523809523814
33	EC_L3	309	252	judge	85	84	0.27508090614886732	0.9882352941176471
33	EC_L3	309	252	judge	86	84	0.27831715210355989	0.97674418604651159
33	EC_L3	309	252	judge	87	85	0.28155339805825241	0.97701149425287359
33	EC_L3	309	252	judge	88	86	0.28478964401294499	0.97727272727272729
33	EC_L3	309	252	judge	89	87	0.28802588996763756	0.97752808988764039
33	EC_L3	309	252	judge	90	88	0.29126213592233008	0.97777777777777775
33	EC_L3	309	252	judge	91	89	0.29449838187702265	0.97802197802197799
33	EC_L3	309	252	judge	92	90	0.29773462783171523	0.97826086956521741
33	EC_L3	309	252	judge	93	91	0.30097087378640774	0.978494623655914
33	EC_L3	309	252	judge	94	92	0.30420711974110032	0.97872340425531912
33	EC_L3	309	252	judge	95	93	0.30744336569579289	0.97894736842105268
33	EC_L3	309	252	judge	96	94	0.31067961165048541	0.97916666666666663
33	EC_L3	309	252	judge	97	95	0.31391585760517798	0.97938144329896903
33	EC_L3	309	252	judge	98	96	0.31715210355987056	0.97959183673469385
33	EC_L3	309	252	judge	99	97	0.32038834951456313	0.97979797979797978
33	EC_L3	309	252	judge	100	98	0.32362459546925565	0.97999999999999998
33	EC_L3	309	252	judge	101	99	0.32686084142394822	0.98019801980198018
33	EC_L3	309	252	judge	102	100	0.3300970873786408	0.98039215686274506
33	EC_L3	309	252	judge	103	101	0.33333333333333331	0.98058252427184467
33	EC_L3	309	252	judge	104	102	0.33656957928802589	0.98076923076923073
33	EC_L3	309	252	judge	105	103	0.33980582524271846	0.98095238095238091
33	EC_L3	309	252	judge	106	104	0.34304207119741098	0.98113207547169812
33	EC_L3	309	252	judge	107	105	0.34627831715210355	0.98130841121495327
33	EC_L3	309	252	judge	108	106	0.34951456310679613	0.98148148148148151
33	EC_L3	309	252	judge	109	107	0.35275080906148865	0.98165137614678899
33	EC_L3	309	252	judge	110	108	0.35598705501618122	0.98181818181818181
33	EC_L3	309	252	judge	111	109	0.35922330097087379	0.98198198198198194
33	EC_L3	309	252	judge	112	110	0.36245954692556637	0.9821428571428571
33	EC_L3	309	252	judge	113	111	0.36569579288025889	0.98230088495575218
33	EC_L3	309	252	judge	114	112	0.36893203883495146	0.98245614035087714
33	EC_L3	309	252	judge	115	113	0.37216828478964403	0.9826086956521739
33	EC_L3	309	252	judge	116	114	0.37540453074433655	0.98275862068965514
33	EC_L3	309	252	judge	117	115	0.37864077669902912	0.98290598290598286
33	EC_L3	309	252	judge	118	116	0.3818770226537217	0.98305084745762716
33	EC_L3	309	252	judge	119	117	0.38511326860841422	0.98319327731092432
33	EC_L3	309	252	judge	120	118	0.38834951456310679	0.98333333333333328
33	EC_L3	309	252	judge	121	119	0.39158576051779936	0.98347107438016534
33	EC_L3	309	252	judge	122	120	0.39482200647249188	0.98360655737704916
33	EC_L3	309	252	judge	123	120	0.39805825242718446	0.97560975609756095
33	EC_L3	309	252	judge	124	121	0.40129449838187703	0.97580645161290325
33	EC_L3	309	252	judge	125	122	0.4045307443365696	0.97599999999999998
33	EC_L3	309	252	judge	126	123	0.40776699029126212	0.97619047619047616
33	EC_L3	309	252	judge	127	124	0.4110032362459547	0.97637795275590555
33	EC_L3	309	252	judge	128	125	0.41423948220064727	0.9765625
33	EC_L3	309	252	judge	129	126	0.41747572815533979	0.97674418604651159
33	EC_L3	309	252	judge	130	127	0.42071197411003236	0.97692307692307689
33	EC_L3	309	252	judge	131	128	0.42394822006472493	0.97709923664122134
33	EC_L3	309	252	judge	132	129	0.42718446601941745	0.97727272727272729
33	EC_L3	309	252	judge	133	129	0.43042071197411003	0.96992481203007519
33	EC_L3	309	252	judge	134	130	0.4336569579288026	0.97014925373134331
33	EC_L3	309	252	judge	135	131	0.43689320388349512	0.97037037037037033
33	EC_L3	309	252	judge	136	132	0.44012944983818769	0.97058823529411764
33	EC_L3	309	252	judge	137	133	0.44336569579288027	0.97080291970802923
33	EC_L3	309	252	judge	138	134	0.44660194174757284	0.97101449275362317
33	EC_L3	309	252	judge	139	135	0.44983818770226536	0.97122302158273377
33	EC_L3	309	252	judge	140	136	0.45307443365695793	0.97142857142857142
33	EC_L3	309	252	judge	141	137	0.4563106796116505	0.97163120567375882
33	EC_L3	309	252	judge	142	138	0.45954692556634302	0.971830985915493
33	EC_L3	309	252	judge	143	139	0.4627831715210356	0.97202797202797198
33	EC_L3	309	252	judge	144	139	0.46601941747572817	0.96527777777777779
33	EC_L3	309	252	judge	145	140	0.46925566343042069	0.96551724137931039
33	EC_L3	309	252	judge	146	141	0.47249190938511326	0.96575342465753422
33	EC_L3	309	252	judge	147	142	0.47572815533980584	0.96598639455782309
33	EC_L3	309	252	judge	148	142	0.47896440129449835	0.95945945945945943
33	EC_L3	309	252	judge	149	143	0.48220064724919093	0.95973154362416102
33	EC_L3	309	252	judge	150	144	0.4854368932038835	0.95999999999999996
33	EC_L3	309	252	judge	151	145	0.48867313915857608	0.96026490066225167
33	EC_L3	309	252	judge	152	146	0.49190938511326859	0.96052631578947367
33	EC_L3	309	252	judge	153	147	0.49514563106796117	0.96078431372549022
33	EC_L3	309	252	judge	154	148	0.49838187702265374	0.96103896103896103
33	EC_L3	309	252	judge	155	149	0.50161812297734631	0.96129032258064517
33	EC_L3	309	252	judge	156	150	0.50485436893203883	0.96153846153846156
33	EC_L3	309	252	judge	157	151	0.50809061488673135	0.96178343949044587
33	EC_L3	309	252	judge	158	152	0.51132686084142398	0.96202531645569622
33	EC_L3	309	252	judge	159	153	0.5145631067961165	0.96226415094339623
33	EC_L3	309	252	judge	160	154	0.51779935275080902	0.96250000000000002
33	EC_L3	309	252	judge	161	154	0.52103559870550165	0.95652173913043481
33	EC_L3	309	252	judge	162	155	0.52427184466019416	0.95679012345679015
33	EC_L3	309	252	judge	163	156	0.52750809061488668	0.95705521472392641
33	EC_L3	309	252	judge	164	157	0.53074433656957931	0.95731707317073167
33	EC_L3	309	252	judge	165	158	0.53398058252427183	0.95757575757575752
33	EC_L3	309	252	judge	166	159	0.53721682847896435	0.95783132530120485
33	EC_L3	309	252	judge	167	160	0.54045307443365698	0.95808383233532934
33	EC_L3	309	252	judge	168	161	0.5436893203883495	0.95833333333333337
33	EC_L3	309	252	judge	169	162	0.54692556634304212	0.95857988165680474
33	EC_L3	309	252	judge	170	163	0.55016181229773464	0.95882352941176474
33	EC_L3	309	252	judge	171	164	0.55339805825242716	0.95906432748538006
33	EC_L3	309	252	judge	172	165	0.55663430420711979	0.95930232558139539
33	EC_L3	309	252	judge	173	166	0.55987055016181231	0.95953757225433522
33	EC_L3	309	252	judge	174	167	0.56310679611650483	0.95977011494252873
33	EC_L3	309	252	judge	175	168	0.56634304207119746	0.95999999999999996
33	EC_L3	309	252	judge	176	169	0.56957928802588997	0.96022727272727271
33	EC_L3	309	252	judge	177	170	0.57281553398058249	0.96045197740112997
33	EC_L3	309	252	judge	178	171	0.57605177993527512	0.9606741573033708
33	EC_L3	309	252	judge	179	172	0.57928802588996764	0.96089385474860334
33	EC_L3	309	252	judge	180	173	0.58252427184466016	0.96111111111111114
33	EC_L3	309	252	judge	181	174	0.58576051779935279	0.96132596685082872
33	EC_L3	309	252	judge	182	175	0.5889967637540453	0.96153846153846156
33	EC_L3	309	252	judge	183	176	0.59223300970873782	0.96174863387978138
33	EC_L3	309	252	judge	184	177	0.59546925566343045	0.96195652173913049
33	EC_L3	309	252	judge	185	177	0.59870550161812297	0.95675675675675675
33	EC_L3	309	252	judge	186	178	0.60194174757281549	0.956989247311828
33	EC_L3	309	252	judge	187	179	0.60517799352750812	0.95721925133689845
33	EC_L3	309	252	judge	188	180	0.60841423948220064	0.95744680851063835
33	EC_L3	309	252	judge	189	181	0.61165048543689315	0.95767195767195767
33	EC_L3	309	252	judge	190	182	0.61488673139158578	0.95789473684210524
33	EC_L3	309	252	judge	191	183	0.6181229773462783	0.95811518324607325
33	EC_L3	309	252	judge	192	184	0.62135922330097082	0.95833333333333337
33	EC_L3	309	252	judge	193	185	0.62459546925566345	0.95854922279792742
33	EC_L3	309	252	judge	194	186	0.62783171521035597	0.95876288659793818
33	EC_L3	309	252	judge	195	187	0.6310679611650486	0.95897435897435901
33	EC_L3	309	252	judge	196	188	0.63430420711974111	0.95918367346938771
33	EC_L3	309	252	judge	197	188	0.63754045307443363	0.95431472081218272
33	EC_L3	309	252	judge	198	189	0.64077669902912626	0.95454545454545459
33	EC_L3	309	252	judge	199	190	0.64401294498381878	0.95477386934673369
33	EC_L3	309	252	judge	200	191	0.6472491909385113	0.95499999999999996
33	EC_L3	309	252	judge	201	192	0.65048543689320393	0.95522388059701491
33	EC_L3	309	252	judge	202	192	0.65372168284789645	0.95049504950495045
33	EC_L3	309	252	judge	203	192	0.65695792880258896	0.94581280788177335
33	EC_L3	309	252	judge	204	193	0.66019417475728159	0.94607843137254899
33	EC_L3	309	252	judge	205	194	0.66343042071197411	0.9463414634146341
33	EC_L3	309	252	judge	206	195	0.66666666666666663	0.94660194174757284
33	EC_L3	309	252	judge	207	196	0.66990291262135926	0.9468599033816425
33	EC_L3	309	252	judge	208	197	0.67313915857605178	0.94711538461538458
33	EC_L3	309	252	judge	209	198	0.6763754045307443	0.94736842105263153
33	EC_L3	309	252	judge	210	199	0.67961165048543692	0.94761904761904758
33	EC_L3	309	252	judge	211	200	0.68284789644012944	0.94786729857819907
33	EC_L3	309	252	judge	212	201	0.68608414239482196	0.94811320754716977
33	EC_L3	309	252	judge	213	202	0.68932038834951459	0.94835680751173712
33	EC_L3	309	252	judge	214	203	0.69255663430420711	0.94859813084112155
33	EC_L3	309	252	judge	215	204	0.69579288025889963	0.94883720930232562
33	EC_L3	309	252	judge	216	205	0.69902912621359226	0.94907407407407407
33	EC_L3	309	252	judge	217	206	0.70226537216828477	0.94930875576036866
33	EC_L3	309	252	judge	218	207	0.70550161812297729	0.94954128440366969
33	EC_L3	309	252	judge	219	208	0.70873786407766992	0.94977168949771684
33	EC_L3	309	252	judge	220	209	0.71197411003236244	0.94999999999999996
33	EC_L3	309	252	judge	221	210	0.71521035598705507	0.95022624434389136
33	EC_L3	309	252	judge	222	211	0.71844660194174759	0.9504504504504504
33	EC_L3	309	252	judge	223	212	0.72168284789644011	0.95067264573991028
33	EC_L3	309	252	judge	224	213	0.72491909385113273	0.9508928571428571
33	EC_L3	309	252	judge	225	214	0.72815533980582525	0.95111111111111113
33	EC_L3	309	252	judge	226	215	0.73139158576051777	0.95132743362831862
33	EC_L3	309	252	judge	227	216	0.7346278317152104	0.95154185022026427
33	EC_L3	309	252	judge	228	217	0.73786407766990292	0.95175438596491224
33	EC_L3	309	252	judge	229	218	0.74110032362459544	0.95196506550218341
33	EC_L3	309	252	judge	230	219	0.74433656957928807	0.95217391304347831
33	EC_L3	309	252	judge	231	220	0.74757281553398058	0.95238095238095233
33	EC_L3	309	252	judge	232	221	0.7508090614886731	0.95258620689655171
33	EC_L3	309	252	judge	233	222	0.75404530744336573	0.9527896995708155
33	EC_L3	309	252	judge	234	223	0.75728155339805825	0.95299145299145294
33	EC_L3	309	252	judge	235	224	0.76051779935275077	0.95319148936170217
33	EC_L3	309	252	judge	236	225	0.7637540453074434	0.95338983050847459
33	EC_L3	309	252	judge	237	226	0.76699029126213591	0.95358649789029537
33	EC_L3	309	252	judge	238	227	0.77022653721682843	0.95378151260504207
33	EC_L3	309	252	judge	239	228	0.77346278317152106	0.95397489539748959
33	EC_L3	309	252	judge	240	229	0.77669902912621358	0.95416666666666672
33	EC_L3	309	252	judge	241	230	0.7799352750809061	0.9543568464730291
33	EC_L3	309	252	judge	242	231	0.78317152103559873	0.95454545454545459
33	EC_L3	309	252	judge	243	232	0.78640776699029125	0.95473251028806583
33	EC_L3	309	252	judge	244	233	0.78964401294498376	0.95491803278688525
33	EC_L3	309	252	judge	245	234	0.79288025889967639	0.95510204081632655
33	EC_L3	309	252	judge	246	235	0.79611650485436891	0.95528455284552849
33	EC_L3	309	252	judge	247	236	0.79935275080906154	0.95546558704453444
33	EC_L3	309	252	judge	248	237	0.80258899676375406	0.95564516129032262
33	EC_L3	309	252	judge	249	238	0.80582524271844658	0.95582329317269077
33	EC_L3	309	252	judge	250	239	0.80906148867313921	0.95599999999999996
33	EC_L3	309	252	judge	251	240	0.81229773462783172	0.95617529880478092
33	EC_L3	309	252	judge	252	241	0.81553398058252424	0.95634920634920639
33	EC_L3	309	252	judge	253	242	0.81877022653721687	0.95652173913043481
33	EC_L3	309	252	judge	254	243	0.82200647249190939	0.95669291338582674
33	EC_L3	309	252	judge	255	244	0.82524271844660191	0.95686274509803926
33	EC_L3	309	252	judge	256	245	0.82847896440129454	0.95703125
33	EC_L3	309	252	judge	257	246	0.83171521035598706	0.95719844357976658
33	EC_L3	309	252	judge	258	247	0.83495145631067957	0.95736434108527135
33	EC_L3	309	252	judge	259	247	0.8381877022653722	0.95366795366795365
33	EC_L3	309	252	judge	260	248	0.84142394822006472	0.9538461538461539
33	EC_L3	309	252	judge	261	249	0.84466019417475724	0.95402298850574707
33	EC_L3	309	252	judge	262	250	0.84789644012944987	0.95419847328244278
33	EC_L3	309	252	judge	263	251	0.85113268608414239	0.95437262357414454
33	EC_L3	309	252	judge	264	252	0.85436893203883491	0.95454545454545459
33	EC_L3	309	252	judge	265	253	0.85760517799352753	0.95471698113207548
33	EC_L3	309	252	judge	266	254	0.86084142394822005	0.95488721804511278
33	EC_L3	309	252	judge	267	255	0.86407766990291257	0.9550561797752809
33	EC_L3	309	252	judge	268	256	0.8673139158576052	0.95522388059701491
33	EC_L3	309	252	judge	269	257	0.87055016181229772	0.95539033457249067
33	EC_L3	309	252	judge	270	258	0.87378640776699024	0.9555555555555556
33	EC_L3	309	252	judge	271	259	0.87702265372168287	0.955719557195572
33	EC_L3	309	252	judge	272	260	0.88025889967637538	0.95588235294117652
33	EC_L3	309	252	judge	273	261	0.88349514563106801	0.95604395604395609
33	EC_L3	309	252	judge	274	261	0.88673139158576053	0.95255474452554745
33	EC_L3	309	252	judge	275	262	0.88996763754045305	0.95272727272727276
33	EC_L3	309	252	judge	276	263	0.89320388349514568	0.95289855072463769
33	EC_L3	309	252	judge	277	264	0.8964401294498382	0.95306859205776173
33	EC_L3	309	252	judge	278	265	0.89967637540453071	0.9532374100719424
33	EC_L3	309	252	judge	279	266	0.90291262135922334	0.95340501792114696
33	EC_L3	309	252	judge	280	267	0.90614886731391586	0.95357142857142863
33	EC_L3	309	252	judge	281	268	0.90938511326860838	0.9537366548042705
33	EC_L3	309	252	judge	282	269	0.91262135922330101	0.95390070921985815
33	EC_L3	309	252	judge	283	269	0.91585760517799353	0.95053003533568903
33	EC_L3	309	252	judge	284	270	0.91909385113268605	0.95070422535211263
33	EC_L3	309	252	judge	285	270	0.92233009708737868	0.94736842105263153
33	EC_L3	309	252	judge	286	271	0.92556634304207119	0.94755244755244761
33	EC_L3	309	252	judge	287	271	0.92880258899676371	0.94425087108013939
33	EC_L3	309	252	judge	288	271	0.93203883495145634	0.94097222222222221
33	EC_L3	309	252	judge	289	272	0.93527508090614886	0.94117647058823528
33	EC_L3	309	252	judge	290	272	0.93851132686084138	0.93793103448275861
33	EC_L3	309	252	judge	291	273	0.94174757281553401	0.93814432989690721
33	EC_L3	309	252	judge	292	274	0.94498381877022652	0.93835616438356162
33	EC_L3	309	252	judge	293	274	0.94822006472491904	0.93515358361774747
33	EC_L3	309	252	judge	294	274	0.95145631067961167	0.93197278911564629
33	EC_L3	309	252	judge	295	274	0.95469255663430419	0.92881355932203391
33	EC_L3	309	252	judge	296	275	0.95792880258899671	0.92905405405405406
33	EC_L3	309	252	judge	297	275	0.96116504854368934	0.92592592592592593
33	EC_L3	309	252	judge	298	276	0.96440129449838186	0.9261744966442953
33	EC_L3	309	252	judge	299	276	0.96763754045307449	0.92307692307692313
33	EC_L3	309	252	judge	300	277	0.970873786407767	0.92333333333333334
33	EC_L3	309	252	judge	301	277	0.97411003236245952	0.92026578073089704
33	EC_L3	309	252	judge	302	277	0.97734627831715215	0.91721854304635764
33	EC_L3	309	252	judge	303	277	0.98058252427184467	0.91419141914191415
33	EC_L3	309	252	judge	304	277	0.98381877022653719	0.91118421052631582
33	EC_L3	309	252	judge	305	277	0.98705501618122982	0.90819672131147544
33	EC_L3	309	252	judge	306	277	0.99029126213592233	0.90522875816993464
33	EC_L3	309	252	judge	307	277	0.99352750809061485	0.90228013029315957
33	EC_L3	309	252	judge	308	277	0.99676375404530748	0.89935064935064934
33	EC_L3	309	252	judge	309	277	1	0.8964401294498382
33	EC_L3	309	252	hit_ec4_logit	1	1	0.0032362459546925568	1
33	EC_L3	309	252	hit_ec4_logit	2	2	0.0064724919093851136	1
33	EC_L3	309	252	hit_ec4_logit	3	3	0.0097087378640776691	1
33	EC_L3	309	252	hit_ec4_logit	4	4	0.012944983818770227	1
33	EC_L3	309	252	hit_ec4_logit	5	5	0.016181229773462782	1
33	EC_L3	309	252	hit_ec4_logit	6	6	0.019417475728155338	1
33	EC_L3	309	252	hit_ec4_logit	7	7	0.022653721682847898	1
33	EC_L3	309	252	hit_ec4_logit	8	8	0.025889967637540454	1
33	EC_L3	309	252	hit_ec4_logit	9	9	0.029126213592233011	1
33	EC_L3	309	252	hit_ec4_logit	10	10	0.032362459546925564	1
33	EC_L3	309	252	hit_ec4_logit	11	11	0.035598705501618123	1
33	EC_L3	309	252	hit_ec4_logit	12	12	0.038834951456310676	1
33	EC_L3	309	252	hit_ec4_logit	13	13	0.042071197411003236	1
33	EC_L3	309	252	hit_ec4_logit	14	14	0.045307443365695796	1
33	EC_L3	309	252	hit_ec4_logit	15	15	0.048543689320388349	1
33	EC_L3	309	252	hit_ec4_logit	16	16	0.051779935275080909	1
33	EC_L3	309	252	hit_ec4_logit	17	17	0.055016181229773461	1
33	EC_L3	309	252	hit_ec4_logit	18	18	0.058252427184466021	1
33	EC_L3	309	252	hit_ec4_logit	19	19	0.061488673139158574	1
33	EC_L3	309	252	hit_ec4_logit	20	20	0.064724919093851127	1
33	EC_L3	309	252	hit_ec4_logit	21	21	0.067961165048543687	1
33	EC_L3	309	252	hit_ec4_logit	22	22	0.071197411003236247	1
33	EC_L3	309	252	hit_ec4_logit	23	23	0.074433656957928807	1
33	EC_L3	309	252	hit_ec4_logit	24	24	0.077669902912621352	1
33	EC_L3	309	252	hit_ec4_logit	25	25	0.080906148867313912	1
33	EC_L3	309	252	hit_ec4_logit	26	26	0.084142394822006472	1
33	EC_L3	309	252	hit_ec4_logit	27	27	0.087378640776699032	1
33	EC_L3	309	252	hit_ec4_logit	28	28	0.090614886731391592	1
33	EC_L3	309	252	hit_ec4_logit	29	29	0.093851132686084138	1
33	EC_L3	309	252	hit_ec4_logit	30	30	0.097087378640776698	1
33	EC_L3	309	252	hit_ec4_logit	31	31	0.10032362459546926	1
33	EC_L3	309	252	hit_ec4_logit	32	32	0.10355987055016182	1
33	EC_L3	309	252	hit_ec4_logit	33	33	0.10679611650485436	1
33	EC_L3	309	252	hit_ec4_logit	34	34	0.11003236245954692	1
33	EC_L3	309	252	hit_ec4_logit	35	35	0.11326860841423948	1
33	EC_L3	309	252	hit_ec4_logit	36	36	0.11650485436893204	1
33	EC_L3	309	252	hit_ec4_logit	37	37	0.11974110032362459	1
33	EC_L3	309	252	hit_ec4_logit	38	38	0.12297734627831715	1
33	EC_L3	309	252	hit_ec4_logit	39	39	0.12621359223300971	1
33	EC_L3	309	252	hit_ec4_logit	40	40	0.12944983818770225	1
33	EC_L3	309	252	hit_ec4_logit	41	41	0.13268608414239483	1
33	EC_L3	309	252	hit_ec4_logit	42	42	0.13592233009708737	1
33	EC_L3	309	252	hit_ec4_logit	43	43	0.13915857605177995	1
33	EC_L3	309	252	hit_ec4_logit	44	44	0.14239482200647249	1
33	EC_L3	309	252	hit_ec4_logit	45	45	0.14563106796116504	1
33	EC_L3	309	252	hit_ec4_logit	46	46	0.14886731391585761	1
33	EC_L3	309	252	hit_ec4_logit	47	47	0.15210355987055016	1
33	EC_L3	309	252	hit_ec4_logit	48	48	0.1553398058252427	1
33	EC_L3	309	252	hit_ec4_logit	49	49	0.15857605177993528	1
33	EC_L3	309	252	hit_ec4_logit	50	50	0.16181229773462782	1
33	EC_L3	309	252	hit_ec4_logit	51	51	0.1650485436893204	1
33	EC_L3	309	252	hit_ec4_logit	52	52	0.16828478964401294	1
33	EC_L3	309	252	hit_ec4_logit	53	53	0.17152103559870549	1
33	EC_L3	309	252	hit_ec4_logit	54	54	0.17475728155339806	1
33	EC_L3	309	252	hit_ec4_logit	55	55	0.17799352750809061	1
33	EC_L3	309	252	hit_ec4_logit	56	56	0.18122977346278318	1
33	EC_L3	309	252	hit_ec4_logit	57	57	0.18446601941747573	1
33	EC_L3	309	252	hit_ec4_logit	58	58	0.18770226537216828	1
33	EC_L3	309	252	hit_ec4_logit	59	59	0.19093851132686085	1
33	EC_L3	309	252	hit_ec4_logit	60	60	0.1941747572815534	1
33	EC_L3	309	252	hit_ec4_logit	61	61	0.19741100323624594	1
33	EC_L3	309	252	hit_ec4_logit	62	62	0.20064724919093851	1
33	EC_L3	309	252	hit_ec4_logit	63	63	0.20388349514563106	1
33	EC_L3	309	252	hit_ec4_logit	64	64	0.20711974110032363	1
33	EC_L3	309	252	hit_ec4_logit	65	65	0.21035598705501618	1
33	EC_L3	309	252	hit_ec4_logit	66	66	0.21359223300970873	1
33	EC_L3	309	252	hit_ec4_logit	67	67	0.2168284789644013	1
33	EC_L3	309	252	hit_ec4_logit	68	68	0.22006472491909385	1
33	EC_L3	309	252	hit_ec4_logit	69	69	0.22330097087378642	1
33	EC_L3	309	252	hit_ec4_logit	70	70	0.22653721682847897	1
33	EC_L3	309	252	hit_ec4_logit	71	71	0.22977346278317151	1
33	EC_L3	309	252	hit_ec4_logit	72	72	0.23300970873786409	1
33	EC_L3	309	252	hit_ec4_logit	73	73	0.23624595469255663	1
33	EC_L3	309	252	hit_ec4_logit	74	74	0.23948220064724918	1
33	EC_L3	309	252	hit_ec4_logit	75	75	0.24271844660194175	1
33	EC_L3	309	252	hit_ec4_logit	76	76	0.2459546925566343	1
33	EC_L3	309	252	hit_ec4_logit	77	77	0.24919093851132687	1
33	EC_L3	309	252	hit_ec4_logit	78	78	0.25242718446601942	1
33	EC_L3	309	252	hit_ec4_logit	79	79	0.25566343042071199	1
33	EC_L3	309	252	hit_ec4_logit	80	80	0.25889967637540451	1
33	EC_L3	309	252	hit_ec4_logit	81	81	0.26213592233009708	1
33	EC_L3	309	252	hit_ec4_logit	82	82	0.26537216828478966	1
33	EC_L3	309	252	hit_ec4_logit	83	83	0.26860841423948217	1
33	EC_L3	309	252	hit_ec4_logit	84	84	0.27184466019417475	1
33	EC_L3	309	252	hit_ec4_logit	85	85	0.27508090614886732	1
33	EC_L3	309	252	hit_ec4_logit	86	86	0.27831715210355989	1
33	EC_L3	309	252	hit_ec4_logit	87	87	0.28155339805825241	1
33	EC_L3	309	252	hit_ec4_logit	88	88	0.28478964401294499	1
33	EC_L3	309	252	hit_ec4_logit	89	89	0.28802588996763756	1
33	EC_L3	309	252	hit_ec4_logit	90	90	0.29126213592233008	1
33	EC_L3	309	252	hit_ec4_logit	91	91	0.29449838187702265	1
33	EC_L3	309	252	hit_ec4_logit	92	92	0.29773462783171523	1
33	EC_L3	309	252	hit_ec4_logit	93	93	0.30097087378640774	1
33	EC_L3	309	252	hit_ec4_logit	94	94	0.30420711974110032	1
33	EC_L3	309	252	hit_ec4_logit	95	95	0.30744336569579289	1
33	EC_L3	309	252	hit_ec4_logit	96	95	0.31067961165048541	0.98958333333333337
33	EC_L3	309	252	hit_ec4_logit	97	96	0.31391585760517798	0.98969072164948457
33	EC_L3	309	252	hit_ec4_logit	98	97	0.31715210355987056	0.98979591836734693
33	EC_L3	309	252	hit_ec4_logit	99	98	0.32038834951456313	0.98989898989898994
33	EC_L3	309	252	hit_ec4_logit	100	99	0.32362459546925565	0.98999999999999999
33	EC_L3	309	252	hit_ec4_logit	101	100	0.32686084142394822	0.99009900990099009
33	EC_L3	309	252	hit_ec4_logit	102	100	0.3300970873786408	0.98039215686274506
33	EC_L3	309	252	hit_ec4_logit	103	101	0.33333333333333331	0.98058252427184467
33	EC_L3	309	252	hit_ec4_logit	104	102	0.33656957928802589	0.98076923076923073
33	EC_L3	309	252	hit_ec4_logit	105	103	0.33980582524271846	0.98095238095238091
33	EC_L3	309	252	hit_ec4_logit	106	104	0.34304207119741098	0.98113207547169812
33	EC_L3	309	252	hit_ec4_logit	107	105	0.34627831715210355	0.98130841121495327
33	EC_L3	309	252	hit_ec4_logit	108	106	0.34951456310679613	0.98148148148148151
33	EC_L3	309	252	hit_ec4_logit	109	107	0.35275080906148865	0.98165137614678899
33	EC_L3	309	252	hit_ec4_logit	110	108	0.35598705501618122	0.98181818181818181
33	EC_L3	309	252	hit_ec4_logit	111	109	0.35922330097087379	0.98198198198198194
33	EC_L3	309	252	hit_ec4_logit	112	110	0.36245954692556637	0.9821428571428571
33	EC_L3	309	252	hit_ec4_logit	113	111	0.36569579288025889	0.98230088495575218
33	EC_L3	309	252	hit_ec4_logit	114	112	0.36893203883495146	0.98245614035087714
33	EC_L3	309	252	hit_ec4_logit	115	113	0.37216828478964403	0.9826086956521739
33	EC_L3	309	252	hit_ec4_logit	116	114	0.37540453074433655	0.98275862068965514
33	EC_L3	309	252	hit_ec4_logit	117	115	0.37864077669902912	0.98290598290598286
33	EC_L3	309	252	hit_ec4_logit	118	116	0.3818770226537217	0.98305084745762716
33	EC_L3	309	252	hit_ec4_logit	119	117	0.38511326860841422	0.98319327731092432
33	EC_L3	309	252	hit_ec4_logit	120	118	0.38834951456310679	0.98333333333333328
33	EC_L3	309	252	hit_ec4_logit	121	119	0.39158576051779936	0.98347107438016534
33	EC_L3	309	252	hit_ec4_logit	122	120	0.39482200647249188	0.98360655737704916
33	EC_L3	309	252	hit_ec4_logit	123	121	0.39805825242718446	0.98373983739837401
33	EC_L3	309	252	hit_ec4_logit	124	122	0.40129449838187703	0.9838709677419355
33	EC_L3	309	252	hit_ec4_logit	125	123	0.4045307443365696	0.98399999999999999
33	EC_L3	309	252	hit_ec4_logit	126	124	0.40776699029126212	0.98412698412698407
33	EC_L3	309	252	hit_ec4_logit	127	125	0.4110032362459547	0.98425196850393704
33	EC_L3	309	252	hit_ec4_logit	128	126	0.41423948220064727	0.984375
33	EC_L3	309	252	hit_ec4_logit	129	127	0.41747572815533979	0.98449612403100772
33	EC_L3	309	252	hit_ec4_logit	130	128	0.42071197411003236	0.98461538461538467
33	EC_L3	309	252	hit_ec4_logit	131	129	0.42394822006472493	0.98473282442748089
33	EC_L3	309	252	hit_ec4_logit	132	130	0.42718446601941745	0.98484848484848486
33	EC_L3	309	252	hit_ec4_logit	133	131	0.43042071197411003	0.98496240601503759
33	EC_L3	309	252	hit_ec4_logit	134	132	0.4336569579288026	0.9850746268656716
33	EC_L3	309	252	hit_ec4_logit	135	133	0.43689320388349512	0.98518518518518516
33	EC_L3	309	252	hit_ec4_logit	136	134	0.44012944983818769	0.98529411764705888
33	EC_L3	309	252	hit_ec4_logit	137	135	0.44336569579288027	0.98540145985401462
33	EC_L3	309	252	hit_ec4_logit	138	136	0.44660194174757284	0.98550724637681164
33	EC_L3	309	252	hit_ec4_logit	139	137	0.44983818770226536	0.98561151079136688
33	EC_L3	309	252	hit_ec4_logit	140	138	0.45307443365695793	0.98571428571428577
33	EC_L3	309	252	hit_ec4_logit	141	139	0.4563106796116505	0.98581560283687941
33	EC_L3	309	252	hit_ec4_logit	142	140	0.45954692556634302	0.9859154929577465
33	EC_L3	309	252	hit_ec4_logit	143	141	0.4627831715210356	0.98601398601398604
33	EC_L3	309	252	hit_ec4_logit	144	142	0.46601941747572817	0.98611111111111116
33	EC_L3	309	252	hit_ec4_logit	145	143	0.46925566343042069	0.98620689655172411
33	EC_L3	309	252	hit_ec4_logit	146	144	0.47249190938511326	0.98630136986301364
33	EC_L3	309	252	hit_ec4_logit	147	145	0.47572815533980584	0.98639455782312924
33	EC_L3	309	252	hit_ec4_logit	148	146	0.47896440129449835	0.98648648648648651
33	EC_L3	309	252	hit_ec4_logit	149	147	0.48220064724919093	0.98657718120805371
33	EC_L3	309	252	hit_ec4_logit	150	148	0.4854368932038835	0.98666666666666669
33	EC_L3	309	252	hit_ec4_logit	151	149	0.48867313915857608	0.98675496688741726
33	EC_L3	309	252	hit_ec4_logit	152	150	0.49190938511326859	0.98684210526315785
33	EC_L3	309	252	hit_ec4_logit	153	151	0.49514563106796117	0.98692810457516345
33	EC_L3	309	252	hit_ec4_logit	154	152	0.49838187702265374	0.98701298701298701
33	EC_L3	309	252	hit_ec4_logit	155	153	0.50161812297734631	0.98709677419354835
33	EC_L3	309	252	hit_ec4_logit	156	154	0.50485436893203883	0.98717948717948723
33	EC_L3	309	252	hit_ec4_logit	157	154	0.50809061488673135	0.98089171974522293
33	EC_L3	309	252	hit_ec4_logit	158	155	0.51132686084142398	0.98101265822784811
33	EC_L3	309	252	hit_ec4_logit	159	156	0.5145631067961165	0.98113207547169812
33	EC_L3	309	252	hit_ec4_logit	160	157	0.51779935275080902	0.98124999999999996
33	EC_L3	309	252	hit_ec4_logit	161	158	0.52103559870550165	0.98136645962732916
33	EC_L3	309	252	hit_ec4_logit	162	159	0.52427184466019416	0.98148148148148151
33	EC_L3	309	252	hit_ec4_logit	163	160	0.52750809061488668	0.98159509202453987
33	EC_L3	309	252	hit_ec4_logit	164	161	0.53074433656957931	0.98170731707317072
33	EC_L3	309	252	hit_ec4_logit	165	162	0.53398058252427183	0.98181818181818181
33	EC_L3	309	252	hit_ec4_logit	166	163	0.53721682847896435	0.98192771084337349
33	EC_L3	309	252	hit_ec4_logit	167	164	0.54045307443365698	0.98203592814371254
33	EC_L3	309	252	hit_ec4_logit	168	165	0.5436893203883495	0.9821428571428571
33	EC_L3	309	252	hit_ec4_logit	169	166	0.54692556634304212	0.98224852071005919
33	EC_L3	309	252	hit_ec4_logit	170	167	0.55016181229773464	0.98235294117647054
33	EC_L3	309	252	hit_ec4_logit	171	168	0.55339805825242716	0.98245614035087714
33	EC_L3	309	252	hit_ec4_logit	172	169	0.55663430420711979	0.98255813953488369
33	EC_L3	309	252	hit_ec4_logit	173	170	0.55987055016181231	0.98265895953757221
33	EC_L3	309	252	hit_ec4_logit	174	170	0.56310679611650483	0.97701149425287359
33	EC_L3	309	252	hit_ec4_logit	175	171	0.56634304207119746	0.97714285714285709
33	EC_L3	309	252	hit_ec4_logit	176	172	0.56957928802588997	0.97727272727272729
33	EC_L3	309	252	hit_ec4_logit	177	173	0.57281553398058249	0.97740112994350281
33	EC_L3	309	252	hit_ec4_logit	178	174	0.57605177993527512	0.97752808988764039
33	EC_L3	309	252	hit_ec4_logit	179	175	0.57928802588996764	0.97765363128491622
33	EC_L3	309	252	hit_ec4_logit	180	176	0.58252427184466016	0.97777777777777775
33	EC_L3	309	252	hit_ec4_logit	181	177	0.58576051779935279	0.97790055248618779
33	EC_L3	309	252	hit_ec4_logit	182	178	0.5889967637540453	0.97802197802197799
33	EC_L3	309	252	hit_ec4_logit	183	179	0.59223300970873782	0.97814207650273222
33	EC_L3	309	252	hit_ec4_logit	184	180	0.59546925566343045	0.97826086956521741
33	EC_L3	309	252	hit_ec4_logit	185	181	0.59870550161812297	0.97837837837837838
33	EC_L3	309	252	hit_ec4_logit	186	182	0.60194174757281549	0.978494623655914
33	EC_L3	309	252	hit_ec4_logit	187	183	0.60517799352750812	0.97860962566844922
33	EC_L3	309	252	hit_ec4_logit	188	184	0.60841423948220064	0.97872340425531912
33	EC_L3	309	252	hit_ec4_logit	189	185	0.61165048543689315	0.97883597883597884
33	EC_L3	309	252	hit_ec4_logit	190	186	0.61488673139158578	0.97894736842105268
33	EC_L3	309	252	hit_ec4_logit	191	187	0.6181229773462783	0.97905759162303663
33	EC_L3	309	252	hit_ec4_logit	192	188	0.62135922330097082	0.97916666666666663
33	EC_L3	309	252	hit_ec4_logit	193	189	0.62459546925566345	0.97927461139896377
33	EC_L3	309	252	hit_ec4_logit	194	190	0.62783171521035597	0.97938144329896903
33	EC_L3	309	252	hit_ec4_logit	195	191	0.6310679611650486	0.97948717948717945
33	EC_L3	309	252	hit_ec4_logit	196	192	0.63430420711974111	0.97959183673469385
33	EC_L3	309	252	hit_ec4_logit	197	193	0.63754045307443363	0.97969543147208127
33	EC_L3	309	252	hit_ec4_logit	198	194	0.64077669902912626	0.97979797979797978
33	EC_L3	309	252	hit_ec4_logit	199	195	0.64401294498381878	0.97989949748743721
33	EC_L3	309	252	hit_ec4_logit	200	196	0.6472491909385113	0.97999999999999998
33	EC_L3	309	252	hit_ec4_logit	201	197	0.65048543689320393	0.98009950248756217
33	EC_L3	309	252	hit_ec4_logit	202	198	0.65372168284789645	0.98019801980198018
33	EC_L3	309	252	hit_ec4_logit	203	199	0.65695792880258896	0.98029556650246308
33	EC_L3	309	252	hit_ec4_logit	204	200	0.66019417475728159	0.98039215686274506
33	EC_L3	309	252	hit_ec4_logit	205	201	0.66343042071197411	0.98048780487804876
33	EC_L3	309	252	hit_ec4_logit	206	202	0.66666666666666663	0.98058252427184467
33	EC_L3	309	252	hit_ec4_logit	207	203	0.66990291262135926	0.98067632850241548
33	EC_L3	309	252	hit_ec4_logit	208	204	0.67313915857605178	0.98076923076923073
33	EC_L3	309	252	hit_ec4_logit	209	205	0.6763754045307443	0.98086124401913877
33	EC_L3	309	252	hit_ec4_logit	210	206	0.67961165048543692	0.98095238095238091
33	EC_L3	309	252	hit_ec4_logit	211	207	0.68284789644012944	0.98104265402843605
33	EC_L3	309	252	hit_ec4_logit	212	208	0.68608414239482196	0.98113207547169812
33	EC_L3	309	252	hit_ec4_logit	213	209	0.68932038834951459	0.98122065727699526
33	EC_L3	309	252	hit_ec4_logit	214	210	0.69255663430420711	0.98130841121495327
33	EC_L3	309	252	hit_ec4_logit	215	211	0.69579288025889963	0.98139534883720925
33	EC_L3	309	252	hit_ec4_logit	216	212	0.69902912621359226	0.98148148148148151
33	EC_L3	309	252	hit_ec4_logit	217	213	0.70226537216828477	0.98156682027649766
33	EC_L3	309	252	hit_ec4_logit	218	214	0.70550161812297729	0.98165137614678899
33	EC_L3	309	252	hit_ec4_logit	219	215	0.70873786407766992	0.9817351598173516
33	EC_L3	309	252	hit_ec4_logit	220	216	0.71197411003236244	0.98181818181818181
33	EC_L3	309	252	hit_ec4_logit	221	217	0.71521035598705507	0.98190045248868774
33	EC_L3	309	252	hit_ec4_logit	222	218	0.71844660194174759	0.98198198198198194
33	EC_L3	309	252	hit_ec4_logit	223	219	0.72168284789644011	0.98206278026905824
33	EC_L3	309	252	hit_ec4_logit	224	220	0.72491909385113273	0.9821428571428571
33	EC_L3	309	252	hit_ec4_logit	225	221	0.72815533980582525	0.98222222222222222
33	EC_L3	309	252	hit_ec4_logit	226	222	0.73139158576051777	0.98230088495575218
33	EC_L3	309	252	hit_ec4_logit	227	223	0.7346278317152104	0.98237885462555063
33	EC_L3	309	252	hit_ec4_logit	228	224	0.73786407766990292	0.98245614035087714
33	EC_L3	309	252	hit_ec4_logit	229	225	0.74110032362459544	0.98253275109170302
33	EC_L3	309	252	hit_ec4_logit	230	226	0.74433656957928807	0.9826086956521739
33	EC_L3	309	252	hit_ec4_logit	231	227	0.74757281553398058	0.98268398268398272
33	EC_L3	309	252	hit_ec4_logit	232	228	0.7508090614886731	0.98275862068965514
33	EC_L3	309	252	hit_ec4_logit	233	229	0.75404530744336573	0.98283261802575106
33	EC_L3	309	252	hit_ec4_logit	234	230	0.75728155339805825	0.98290598290598286
33	EC_L3	309	252	hit_ec4_logit	235	231	0.76051779935275077	0.98297872340425529
33	EC_L3	309	252	hit_ec4_logit	236	232	0.7637540453074434	0.98305084745762716
33	EC_L3	309	252	hit_ec4_logit	237	233	0.76699029126213591	0.9831223628691983
33	EC_L3	309	252	hit_ec4_logit	238	234	0.77022653721682843	0.98319327731092432
33	EC_L3	309	252	hit_ec4_logit	239	235	0.77346278317152106	0.98326359832635979
33	EC_L3	309	252	hit_ec4_logit	240	236	0.77669902912621358	0.98333333333333328
33	EC_L3	309	252	hit_ec4_logit	241	237	0.7799352750809061	0.98340248962655596
33	EC_L3	309	252	hit_ec4_logit	242	238	0.78317152103559873	0.98347107438016534
33	EC_L3	309	252	hit_ec4_logit	243	239	0.78640776699029125	0.98353909465020573
33	EC_L3	309	252	hit_ec4_logit	244	239	0.78964401294498376	0.97950819672131151
33	EC_L3	309	252	hit_ec4_logit	245	240	0.79288025889967639	0.97959183673469385
33	EC_L3	309	252	hit_ec4_logit	246	241	0.79611650485436891	0.97967479674796742
33	EC_L3	309	252	hit_ec4_logit	247	242	0.79935275080906154	0.97975708502024295
33	EC_L3	309	252	hit_ec4_logit	248	243	0.80258899676375406	0.97983870967741937
33	EC_L3	309	252	hit_ec4_logit	249	244	0.80582524271844658	0.97991967871485941
33	EC_L3	309	252	hit_ec4_logit	250	245	0.80906148867313921	0.97999999999999998
33	EC_L3	309	252	hit_ec4_logit	251	246	0.81229773462783172	0.98007968127490042
33	EC_L3	309	252	hit_ec4_logit	252	247	0.81553398058252424	0.98015873015873012
33	EC_L3	309	252	hit_ec4_logit	253	248	0.81877022653721687	0.98023715415019763
33	EC_L3	309	252	hit_ec4_logit	254	249	0.82200647249190939	0.98031496062992129
33	EC_L3	309	252	hit_ec4_logit	255	250	0.82524271844660191	0.98039215686274506
33	EC_L3	309	252	hit_ec4_logit	256	251	0.82847896440129454	0.98046875
33	EC_L3	309	252	hit_ec4_logit	257	252	0.83171521035598706	0.98054474708171202
33	EC_L3	309	252	hit_ec4_logit	258	253	0.83495145631067957	0.98062015503875966
33	EC_L3	309	252	hit_ec4_logit	259	254	0.8381877022653722	0.98069498069498073
33	EC_L3	309	252	hit_ec4_logit	260	255	0.84142394822006472	0.98076923076923073
33	EC_L3	309	252	hit_ec4_logit	261	256	0.84466019417475724	0.98084291187739459
33	EC_L3	309	252	hit_ec4_logit	262	257	0.84789644012944987	0.98091603053435117
33	EC_L3	309	252	hit_ec4_logit	263	258	0.85113268608414239	0.98098859315589348
33	EC_L3	309	252	hit_ec4_logit	264	259	0.85436893203883491	0.98106060606060608
33	EC_L3	309	252	hit_ec4_logit	265	260	0.85760517799352753	0.98113207547169812
33	EC_L3	309	252	hit_ec4_logit	266	261	0.86084142394822005	0.98120300751879697
33	EC_L3	309	252	hit_ec4_logit	267	262	0.86407766990291257	0.98127340823970033
33	EC_L3	309	252	hit_ec4_logit	268	262	0.8673139158576052	0.97761194029850751
33	EC_L3	309	252	hit_ec4_logit	269	263	0.87055016181229772	0.97769516728624539
33	EC_L3	309	252	hit_ec4_logit	270	264	0.87378640776699024	0.97777777777777775
33	EC_L3	309	252	hit_ec4_logit	271	265	0.87702265372168287	0.97785977859778594
33	EC_L3	309	252	hit_ec4_logit	272	266	0.88025889967637538	0.9779411764705882
33	EC_L3	309	252	hit_ec4_logit	273	267	0.88349514563106801	0.97802197802197799
33	EC_L3	309	252	hit_ec4_logit	274	268	0.88673139158576053	0.97810218978102192
33	EC_L3	309	252	hit_ec4_logit	275	269	0.88996763754045305	0.97818181818181815
33	EC_L3	309	252	hit_ec4_logit	276	270	0.89320388349514568	0.97826086956521741
33	EC_L3	309	252	hit_ec4_logit	277	271	0.8964401294498382	0.97833935018050544
33	EC_L3	309	252	hit_ec4_logit	278	272	0.89967637540453071	0.97841726618705038
33	EC_L3	309	252	hit_ec4_logit	279	273	0.90291262135922334	0.978494623655914
33	EC_L3	309	252	hit_ec4_logit	280	273	0.90614886731391586	0.97499999999999998
33	EC_L3	309	252	hit_ec4_logit	281	274	0.90938511326860838	0.97508896797153022
33	EC_L3	309	252	hit_ec4_logit	282	275	0.91262135922330101	0.97517730496453903
33	EC_L3	309	252	hit_ec4_logit	283	275	0.91585760517799353	0.9717314487632509
33	EC_L3	309	252	hit_ec4_logit	284	275	0.91909385113268605	0.96830985915492962
33	EC_L3	309	252	hit_ec4_logit	285	275	0.92233009708737868	0.96491228070175439
33	EC_L3	309	252	hit_ec4_logit	286	275	0.92556634304207119	0.96153846153846156
33	EC_L3	309	252	hit_ec4_logit	287	275	0.92880258899676371	0.95818815331010454
33	EC_L3	309	252	hit_ec4_logit	288	275	0.93203883495145634	0.95486111111111116
33	EC_L3	309	252	hit_ec4_logit	289	275	0.93527508090614886	0.95155709342560557
33	EC_L3	309	252	hit_ec4_logit	290	275	0.93851132686084138	0.94827586206896552
33	EC_L3	309	252	hit_ec4_logit	291	275	0.94174757281553401	0.94501718213058417
33	EC_L3	309	252	hit_ec4_logit	292	275	0.94498381877022652	0.94178082191780821
33	EC_L3	309	252	hit_ec4_logit	293	275	0.94822006472491904	0.93856655290102387
33	EC_L3	309	252	hit_ec4_logit	294	275	0.95145631067961167	0.93537414965986398
33	EC_L3	309	252	hit_ec4_logit	295	275	0.95469255663430419	0.93220338983050843
33	EC_L3	309	252	hit_ec4_logit	296	275	0.95792880258899671	0.92905405405405406
33	EC_L3	309	252	hit_ec4_logit	297	275	0.96116504854368934	0.92592592592592593
33	EC_L3	309	252	hit_ec4_logit	298	275	0.96440129449838186	0.92281879194630867
33	EC_L3	309	252	hit_ec4_logit	299	276	0.96763754045307449	0.92307692307692313
33	EC_L3	309	252	hit_ec4_logit	300	276	0.970873786407767	0.92000000000000004
33	EC_L3	309	252	hit_ec4_logit	301	276	0.97411003236245952	0.9169435215946844
33	EC_L3	309	252	hit_ec4_logit	302	276	0.97734627831715215	0.91390728476821192
33	EC_L3	309	252	hit_ec4_logit	303	276	0.98058252427184467	0.91089108910891092
33	EC_L3	309	252	hit_ec4_logit	304	276	0.98381877022653719	0.90789473684210531
33	EC_L3	309	252	hit_ec4_logit	305	276	0.98705501618122982	0.90491803278688521
33	EC_L3	309	252	hit_ec4_logit	306	276	0.99029126213592233	0.90196078431372551
33	EC_L3	309	252	hit_ec4_logit	307	276	0.99352750809061485	0.89902280130293155
33	EC_L3	309	252	hit_ec4_logit	308	277	0.99676375404530748	0.89935064935064934
33	EC_L3	309	252	hit_ec4_logit	309	277	1	0.8964401294498382
33	EC_L3	309	252	hit_ec4_softmax	1	1	0.0032362459546925568	1
33	EC_L3	309	252	hit_ec4_softmax	2	2	0.0064724919093851136	1
33	EC_L3	309	252	hit_ec4_softmax	3	3	0.0097087378640776691	1
33	EC_L3	309	252	hit_ec4_softmax	4	4	0.012944983818770227	1
33	EC_L3	309	252	hit_ec4_softmax	5	5	0.016181229773462782	1
33	EC_L3	309	252	hit_ec4_softmax	6	6	0.019417475728155338	1
33	EC_L3	309	252	hit_ec4_softmax	7	7	0.022653721682847898	1
33	EC_L3	309	252	hit_ec4_softmax	8	8	0.025889967637540454	1
33	EC_L3	309	252	hit_ec4_softmax	9	9	0.029126213592233011	1
33	EC_L3	309	252	hit_ec4_softmax	10	10	0.032362459546925564	1
33	EC_L3	309	252	hit_ec4_softmax	11	11	0.035598705501618123	1
33	EC_L3	309	252	hit_ec4_softmax	12	12	0.038834951456310676	1
33	EC_L3	309	252	hit_ec4_softmax	13	13	0.042071197411003236	1
33	EC_L3	309	252	hit_ec4_softmax	14	14	0.045307443365695796	1
33	EC_L3	309	252	hit_ec4_softmax	15	15	0.048543689320388349	1
33	EC_L3	309	252	hit_ec4_softmax	16	16	0.051779935275080909	1
33	EC_L3	309	252	hit_ec4_softmax	17	17	0.055016181229773461	1
33	EC_L3	309	252	hit_ec4_softmax	18	18	0.058252427184466021	1
33	EC_L3	309	252	hit_ec4_softmax	19	19	0.061488673139158574	1
33	EC_L3	309	252	hit_ec4_softmax	20	20	0.064724919093851127	1
33	EC_L3	309	252	hit_ec4_softmax	21	21	0.067961165048543687	1
33	EC_L3	309	252	hit_ec4_softmax	22	22	0.071197411003236247	1
33	EC_L3	309	252	hit_ec4_softmax	23	23	0.074433656957928807	1
33	EC_L3	309	252	hit_ec4_softmax	24	24	0.077669902912621352	1
33	EC_L3	309	252	hit_ec4_softmax	25	25	0.080906148867313912	1
33	EC_L3	309	252	hit_ec4_softmax	26	26	0.084142394822006472	1
33	EC_L3	309	252	hit_ec4_softmax	27	27	0.087378640776699032	1
33	EC_L3	309	252	hit_ec4_softmax	28	28	0.090614886731391592	1
33	EC_L3	309	252	hit_ec4_softmax	29	29	0.093851132686084138	1
33	EC_L3	309	252	hit_ec4_softmax	30	30	0.097087378640776698	1
33	EC_L3	309	252	hit_ec4_softmax	31	31	0.10032362459546926	1
33	EC_L3	309	252	hit_ec4_softmax	32	32	0.10355987055016182	1
33	EC_L3	309	252	hit_ec4_softmax	33	33	0.10679611650485436	1
33	EC_L3	309	252	hit_ec4_softmax	34	34	0.11003236245954692	1
33	EC_L3	309	252	hit_ec4_softmax	35	34	0.11326860841423948	0.97142857142857142
33	EC_L3	309	252	hit_ec4_softmax	36	35	0.11650485436893204	0.97222222222222221
33	EC_L3	309	252	hit_ec4_softmax	37	36	0.11974110032362459	0.97297297297297303
33	EC_L3	309	252	hit_ec4_softmax	38	37	0.12297734627831715	0.97368421052631582
33	EC_L3	309	252	hit_ec4_softmax	39	38	0.12621359223300971	0.97435897435897434
33	EC_L3	309	252	hit_ec4_softmax	40	39	0.12944983818770225	0.97499999999999998
33	EC_L3	309	252	hit_ec4_softmax	41	40	0.13268608414239483	0.97560975609756095
33	EC_L3	309	252	hit_ec4_softmax	42	41	0.13592233009708737	0.97619047619047616
33	EC_L3	309	252	hit_ec4_softmax	43	42	0.13915857605177995	0.97674418604651159
33	EC_L3	309	252	hit_ec4_softmax	44	43	0.14239482200647249	0.97727272727272729
33	EC_L3	309	252	hit_ec4_softmax	45	44	0.14563106796116504	0.97777777777777775
33	EC_L3	309	252	hit_ec4_softmax	46	45	0.14886731391585761	0.97826086956521741
33	EC_L3	309	252	hit_ec4_softmax	47	46	0.15210355987055016	0.97872340425531912
33	EC_L3	309	252	hit_ec4_softmax	48	47	0.1553398058252427	0.97916666666666663
33	EC_L3	309	252	hit_ec4_softmax	49	48	0.15857605177993528	0.97959183673469385
33	EC_L3	309	252	hit_ec4_softmax	50	49	0.16181229773462782	0.97999999999999998
33	EC_L3	309	252	hit_ec4_softmax	51	50	0.1650485436893204	0.98039215686274506
33	EC_L3	309	252	hit_ec4_softmax	52	51	0.16828478964401294	0.98076923076923073
33	EC_L3	309	252	hit_ec4_softmax	53	52	0.17152103559870549	0.98113207547169812
33	EC_L3	309	252	hit_ec4_softmax	54	53	0.17475728155339806	0.98148148148148151
33	EC_L3	309	252	hit_ec4_softmax	55	54	0.17799352750809061	0.98181818181818181
33	EC_L3	309	252	hit_ec4_softmax	56	55	0.18122977346278318	0.9821428571428571
33	EC_L3	309	252	hit_ec4_softmax	57	56	0.18446601941747573	0.98245614035087714
33	EC_L3	309	252	hit_ec4_softmax	58	57	0.18770226537216828	0.98275862068965514
33	EC_L3	309	252	hit_ec4_softmax	59	58	0.19093851132686085	0.98305084745762716
33	EC_L3	309	252	hit_ec4_softmax	60	59	0.1941747572815534	0.98333333333333328
33	EC_L3	309	252	hit_ec4_softmax	61	60	0.19741100323624594	0.98360655737704916
33	EC_L3	309	252	hit_ec4_softmax	62	61	0.20064724919093851	0.9838709677419355
33	EC_L3	309	252	hit_ec4_softmax	63	62	0.20388349514563106	0.98412698412698407
33	EC_L3	309	252	hit_ec4_softmax	64	63	0.20711974110032363	0.984375
33	EC_L3	309	252	hit_ec4_softmax	65	64	0.21035598705501618	0.98461538461538467
33	EC_L3	309	252	hit_ec4_softmax	66	65	0.21359223300970873	0.98484848484848486
33	EC_L3	309	252	hit_ec4_softmax	67	66	0.2168284789644013	0.9850746268656716
33	EC_L3	309	252	hit_ec4_softmax	68	67	0.22006472491909385	0.98529411764705888
33	EC_L3	309	252	hit_ec4_softmax	69	68	0.22330097087378642	0.98550724637681164
33	EC_L3	309	252	hit_ec4_softmax	70	69	0.22653721682847897	0.98571428571428577
33	EC_L3	309	252	hit_ec4_softmax	71	70	0.22977346278317151	0.9859154929577465
33	EC_L3	309	252	hit_ec4_softmax	72	71	0.23300970873786409	0.98611111111111116
33	EC_L3	309	252	hit_ec4_softmax	73	72	0.23624595469255663	0.98630136986301364
33	EC_L3	309	252	hit_ec4_softmax	74	73	0.23948220064724918	0.98648648648648651
33	EC_L3	309	252	hit_ec4_softmax	75	74	0.24271844660194175	0.98666666666666669
33	EC_L3	309	252	hit_ec4_softmax	76	75	0.2459546925566343	0.98684210526315785
33	EC_L3	309	252	hit_ec4_softmax	77	76	0.24919093851132687	0.98701298701298701
33	EC_L3	309	252	hit_ec4_softmax	78	77	0.25242718446601942	0.98717948717948723
33	EC_L3	309	252	hit_ec4_softmax	79	78	0.25566343042071199	0.98734177215189878
33	EC_L3	309	252	hit_ec4_softmax	80	79	0.25889967637540451	0.98750000000000004
33	EC_L3	309	252	hit_ec4_softmax	81	80	0.26213592233009708	0.98765432098765427
33	EC_L3	309	252	hit_ec4_softmax	82	81	0.26537216828478966	0.98780487804878048
33	EC_L3	309	252	hit_ec4_softmax	83	82	0.26860841423948217	0.98795180722891562
33	EC_L3	309	252	hit_ec4_softmax	84	83	0.27184466019417475	0.98809523809523814
33	EC_L3	309	252	hit_ec4_softmax	85	84	0.27508090614886732	0.9882352941176471
33	EC_L3	309	252	hit_ec4_softmax	86	85	0.27831715210355989	0.98837209302325579
33	EC_L3	309	252	hit_ec4_softmax	87	86	0.28155339805825241	0.9885057471264368
33	EC_L3	309	252	hit_ec4_softmax	88	87	0.28478964401294499	0.98863636363636365
33	EC_L3	309	252	hit_ec4_softmax	89	88	0.28802588996763756	0.9887640449438202
33	EC_L3	309	252	hit_ec4_softmax	90	89	0.29126213592233008	0.98888888888888893
33	EC_L3	309	252	hit_ec4_softmax	91	90	0.29449838187702265	0.98901098901098905
33	EC_L3	309	252	hit_ec4_softmax	92	91	0.29773462783171523	0.98913043478260865
33	EC_L3	309	252	hit_ec4_softmax	93	92	0.30097087378640774	0.989247311827957
33	EC_L3	309	252	hit_ec4_softmax	94	93	0.30420711974110032	0.98936170212765961
33	EC_L3	309	252	hit_ec4_softmax	95	94	0.30744336569579289	0.98947368421052628
33	EC_L3	309	252	hit_ec4_softmax	96	95	0.31067961165048541	0.98958333333333337
33	EC_L3	309	252	hit_ec4_softmax	97	96	0.31391585760517798	0.98969072164948457
33	EC_L3	309	252	hit_ec4_softmax	98	97	0.31715210355987056	0.98979591836734693
33	EC_L3	309	252	hit_ec4_softmax	99	98	0.32038834951456313	0.98989898989898994
33	EC_L3	309	252	hit_ec4_softmax	100	99	0.32362459546925565	0.98999999999999999
33	EC_L3	309	252	hit_ec4_softmax	101	100	0.32686084142394822	0.99009900990099009
33	EC_L3	309	252	hit_ec4_softmax	102	101	0.3300970873786408	0.99019607843137258
33	EC_L3	309	252	hit_ec4_softmax	103	102	0.33333333333333331	0.99029126213592233
33	EC_L3	309	252	hit_ec4_softmax	104	103	0.33656957928802589	0.99038461538461542
33	EC_L3	309	252	hit_ec4_softmax	105	104	0.33980582524271846	0.99047619047619051
33	EC_L3	309	252	hit_ec4_softmax	106	105	0.34304207119741098	0.99056603773584906
33	EC_L3	309	252	hit_ec4_softmax	107	106	0.34627831715210355	0.99065420560747663
33	EC_L3	309	252	hit_ec4_softmax	108	107	0.34951456310679613	0.9907407407407407
33	EC_L3	309	252	hit_ec4_softmax	109	108	0.35275080906148865	0.99082568807339455
33	EC_L3	309	252	hit_ec4_softmax	110	109	0.35598705501618122	0.99090909090909096
33	EC_L3	309	252	hit_ec4_softmax	111	110	0.35922330097087379	0.99099099099099097
33	EC_L3	309	252	hit_ec4_softmax	112	111	0.36245954692556637	0.9910714285714286
33	EC_L3	309	252	hit_ec4_softmax	113	112	0.36569579288025889	0.99115044247787609
33	EC_L3	309	252	hit_ec4_softmax	114	113	0.36893203883495146	0.99122807017543857
33	EC_L3	309	252	hit_ec4_softmax	115	114	0.37216828478964403	0.99130434782608701
33	EC_L3	309	252	hit_ec4_softmax	116	115	0.37540453074433655	0.99137931034482762
33	EC_L3	309	252	hit_ec4_softmax	117	116	0.37864077669902912	0.99145299145299148
33	EC_L3	309	252	hit_ec4_softmax	118	117	0.3818770226537217	0.99152542372881358
33	EC_L3	309	252	hit_ec4_softmax	119	118	0.38511326860841422	0.99159663865546221
33	EC_L3	309	252	hit_ec4_softmax	120	119	0.38834951456310679	0.9916666666666667
33	EC_L3	309	252	hit_ec4_softmax	121	120	0.39158576051779936	0.99173553719008267
33	EC_L3	309	252	hit_ec4_softmax	122	121	0.39482200647249188	0.99180327868852458
33	EC_L3	309	252	hit_ec4_softmax	123	122	0.39805825242718446	0.99186991869918695
33	EC_L3	309	252	hit_ec4_softmax	124	123	0.40129449838187703	0.99193548387096775
33	EC_L3	309	252	hit_ec4_softmax	125	124	0.4045307443365696	0.99199999999999999
33	EC_L3	309	252	hit_ec4_softmax	126	125	0.40776699029126212	0.99206349206349209
33	EC_L3	309	252	hit_ec4_softmax	127	126	0.4110032362459547	0.99212598425196852
33	EC_L3	309	252	hit_ec4_softmax	128	127	0.41423948220064727	0.9921875
33	EC_L3	309	252	hit_ec4_softmax	129	128	0.41747572815533979	0.99224806201550386
33	EC_L3	309	252	hit_ec4_softmax	130	129	0.42071197411003236	0.99230769230769234
33	EC_L3	309	252	hit_ec4_softmax	131	130	0.42394822006472493	0.99236641221374045
33	EC_L3	309	252	hit_ec4_softmax	132	131	0.42718446601941745	0.99242424242424243
33	EC_L3	309	252	hit_ec4_softmax	133	132	0.43042071197411003	0.99248120300751874
33	EC_L3	309	252	hit_ec4_softmax	134	133	0.4336569579288026	0.9925373134328358
33	EC_L3	309	252	hit_ec4_softmax	135	134	0.43689320388349512	0.99259259259259258
33	EC_L3	309	252	hit_ec4_softmax	136	135	0.44012944983818769	0.99264705882352944
33	EC_L3	309	252	hit_ec4_softmax	137	136	0.44336569579288027	0.99270072992700731
33	EC_L3	309	252	hit_ec4_softmax	138	137	0.44660194174757284	0.99275362318840576
33	EC_L3	309	252	hit_ec4_softmax	139	138	0.44983818770226536	0.9928057553956835
33	EC_L3	309	252	hit_ec4_softmax	140	139	0.45307443365695793	0.99285714285714288
33	EC_L3	309	252	hit_ec4_softmax	141	140	0.4563106796116505	0.99290780141843971
33	EC_L3	309	252	hit_ec4_softmax	142	141	0.45954692556634302	0.99295774647887325
33	EC_L3	309	252	hit_ec4_softmax	143	142	0.4627831715210356	0.99300699300699302
33	EC_L3	309	252	hit_ec4_softmax	144	143	0.46601941747572817	0.99305555555555558
33	EC_L3	309	252	hit_ec4_softmax	145	144	0.46925566343042069	0.99310344827586206
33	EC_L3	309	252	hit_ec4_softmax	146	145	0.47249190938511326	0.99315068493150682
33	EC_L3	309	252	hit_ec4_softmax	147	146	0.47572815533980584	0.99319727891156462
33	EC_L3	309	252	hit_ec4_softmax	148	147	0.47896440129449835	0.9932432432432432
33	EC_L3	309	252	hit_ec4_softmax	149	148	0.48220064724919093	0.99328859060402686
33	EC_L3	309	252	hit_ec4_softmax	150	149	0.4854368932038835	0.99333333333333329
33	EC_L3	309	252	hit_ec4_softmax	151	150	0.48867313915857608	0.99337748344370858
33	EC_L3	309	252	hit_ec4_softmax	152	151	0.49190938511326859	0.99342105263157898
33	EC_L3	309	252	hit_ec4_softmax	153	152	0.49514563106796117	0.99346405228758172
33	EC_L3	309	252	hit_ec4_softmax	154	153	0.49838187702265374	0.99350649350649356
33	EC_L3	309	252	hit_ec4_softmax	155	153	0.50161812297734631	0.98709677419354835
33	EC_L3	309	252	hit_ec4_softmax	156	154	0.50485436893203883	0.98717948717948723
33	EC_L3	309	252	hit_ec4_softmax	157	155	0.50809061488673135	0.98726114649681529
33	EC_L3	309	252	hit_ec4_softmax	158	156	0.51132686084142398	0.98734177215189878
33	EC_L3	309	252	hit_ec4_softmax	159	157	0.5145631067961165	0.98742138364779874
33	EC_L3	309	252	hit_ec4_softmax	160	158	0.51779935275080902	0.98750000000000004
33	EC_L3	309	252	hit_ec4_softmax	161	159	0.52103559870550165	0.98757763975155277
33	EC_L3	309	252	hit_ec4_softmax	162	160	0.52427184466019416	0.98765432098765427
33	EC_L3	309	252	hit_ec4_softmax	163	161	0.52750809061488668	0.98773006134969321
33	EC_L3	309	252	hit_ec4_softmax	164	162	0.53074433656957931	0.98780487804878048
33	EC_L3	309	252	hit_ec4_softmax	165	163	0.53398058252427183	0.98787878787878791
33	EC_L3	309	252	hit_ec4_softmax	166	164	0.53721682847896435	0.98795180722891562
33	EC_L3	309	252	hit_ec4_softmax	167	165	0.54045307443365698	0.9880239520958084
33	EC_L3	309	252	hit_ec4_softmax	168	166	0.5436893203883495	0.98809523809523814
33	EC_L3	309	252	hit_ec4_softmax	169	167	0.54692556634304212	0.98816568047337283
33	EC_L3	309	252	hit_ec4_softmax	170	168	0.55016181229773464	0.9882352941176471
33	EC_L3	309	252	hit_ec4_softmax	171	169	0.55339805825242716	0.98830409356725146
33	EC_L3	309	252	hit_ec4_softmax	172	170	0.55663430420711979	0.98837209302325579
33	EC_L3	309	252	hit_ec4_softmax	173	171	0.55987055016181231	0.98843930635838151
33	EC_L3	309	252	hit_ec4_softmax	174	172	0.56310679611650483	0.9885057471264368
33	EC_L3	309	252	hit_ec4_softmax	175	173	0.56634304207119746	0.98857142857142855
33	EC_L3	309	252	hit_ec4_softmax	176	174	0.56957928802588997	0.98863636363636365
33	EC_L3	309	252	hit_ec4_softmax	177	175	0.57281553398058249	0.98870056497175141
33	EC_L3	309	252	hit_ec4_softmax	178	176	0.57605177993527512	0.9887640449438202
33	EC_L3	309	252	hit_ec4_softmax	179	177	0.57928802588996764	0.98882681564245811
33	EC_L3	309	252	hit_ec4_softmax	180	178	0.58252427184466016	0.98888888888888893
33	EC_L3	309	252	hit_ec4_softmax	181	179	0.58576051779935279	0.98895027624309395
33	EC_L3	309	252	hit_ec4_softmax	182	180	0.5889967637540453	0.98901098901098905
33	EC_L3	309	252	hit_ec4_softmax	183	181	0.59223300970873782	0.98907103825136611
33	EC_L3	309	252	hit_ec4_softmax	184	182	0.59546925566343045	0.98913043478260865
33	EC_L3	309	252	hit_ec4_softmax	185	183	0.59870550161812297	0.98918918918918919
33	EC_L3	309	252	hit_ec4_softmax	186	184	0.60194174757281549	0.989247311827957
33	EC_L3	309	252	hit_ec4_softmax	187	185	0.60517799352750812	0.98930481283422456
33	EC_L3	309	252	hit_ec4_softmax	188	186	0.60841423948220064	0.98936170212765961
33	EC_L3	309	252	hit_ec4_softmax	189	187	0.61165048543689315	0.98941798941798942
33	EC_L3	309	252	hit_ec4_softmax	190	188	0.61488673139158578	0.98947368421052628
33	EC_L3	309	252	hit_ec4_softmax	191	189	0.6181229773462783	0.98952879581151831
33	EC_L3	309	252	hit_ec4_softmax	192	190	0.62135922330097082	0.98958333333333337
33	EC_L3	309	252	hit_ec4_softmax	193	191	0.62459546925566345	0.98963730569948183
33	EC_L3	309	252	hit_ec4_softmax	194	192	0.62783171521035597	0.98969072164948457
33	EC_L3	309	252	hit_ec4_softmax	195	193	0.6310679611650486	0.98974358974358978
33	EC_L3	309	252	hit_ec4_softmax	196	194	0.63430420711974111	0.98979591836734693
33	EC_L3	309	252	hit_ec4_softmax	197	195	0.63754045307443363	0.98984771573604058
33	EC_L3	309	252	hit_ec4_softmax	198	196	0.64077669902912626	0.98989898989898994
33	EC_L3	309	252	hit_ec4_softmax	199	197	0.64401294498381878	0.98994974874371855
33	EC_L3	309	252	hit_ec4_softmax	200	198	0.6472491909385113	0.98999999999999999
33	EC_L3	309	252	hit_ec4_softmax	201	199	0.65048543689320393	0.99004975124378114
33	EC_L3	309	252	hit_ec4_softmax	202	200	0.65372168284789645	0.99009900990099009
33	EC_L3	309	252	hit_ec4_softmax	203	201	0.65695792880258896	0.99014778325123154
33	EC_L3	309	252	hit_ec4_softmax	204	202	0.66019417475728159	0.99019607843137258
33	EC_L3	309	252	hit_ec4_softmax	205	203	0.66343042071197411	0.99024390243902438
33	EC_L3	309	252	hit_ec4_softmax	206	204	0.66666666666666663	0.99029126213592233
33	EC_L3	309	252	hit_ec4_softmax	207	205	0.66990291262135926	0.99033816425120769
33	EC_L3	309	252	hit_ec4_softmax	208	206	0.67313915857605178	0.99038461538461542
33	EC_L3	309	252	hit_ec4_softmax	209	207	0.6763754045307443	0.99043062200956933
33	EC_L3	309	252	hit_ec4_softmax	210	208	0.67961165048543692	0.99047619047619051
33	EC_L3	309	252	hit_ec4_softmax	211	209	0.68284789644012944	0.99052132701421802
33	EC_L3	309	252	hit_ec4_softmax	212	210	0.68608414239482196	0.99056603773584906
33	EC_L3	309	252	hit_ec4_softmax	213	211	0.68932038834951459	0.99061032863849763
33	EC_L3	309	252	hit_ec4_softmax	214	212	0.69255663430420711	0.99065420560747663
33	EC_L3	309	252	hit_ec4_softmax	215	213	0.69579288025889963	0.99069767441860468
33	EC_L3	309	252	hit_ec4_softmax	216	214	0.69902912621359226	0.9907407407407407
33	EC_L3	309	252	hit_ec4_softmax	217	215	0.70226537216828477	0.99078341013824889
33	EC_L3	309	252	hit_ec4_softmax	218	216	0.70550161812297729	0.99082568807339455
33	EC_L3	309	252	hit_ec4_softmax	219	217	0.70873786407766992	0.9908675799086758
33	EC_L3	309	252	hit_ec4_softmax	220	218	0.71197411003236244	0.99090909090909096
33	EC_L3	309	252	hit_ec4_softmax	221	219	0.71521035598705507	0.99095022624434392
33	EC_L3	309	252	hit_ec4_softmax	222	220	0.71844660194174759	0.99099099099099097
33	EC_L3	309	252	hit_ec4_softmax	223	221	0.72168284789644011	0.99103139013452912
33	EC_L3	309	252	hit_ec4_softmax	224	222	0.72491909385113273	0.9910714285714286
33	EC_L3	309	252	hit_ec4_softmax	225	223	0.72815533980582525	0.99111111111111116
33	EC_L3	309	252	hit_ec4_softmax	226	224	0.73139158576051777	0.99115044247787609
33	EC_L3	309	252	hit_ec4_softmax	227	225	0.7346278317152104	0.99118942731277537
33	EC_L3	309	252	hit_ec4_softmax	228	226	0.73786407766990292	0.99122807017543857
33	EC_L3	309	252	hit_ec4_softmax	229	227	0.74110032362459544	0.99126637554585151
33	EC_L3	309	252	hit_ec4_softmax	230	228	0.74433656957928807	0.99130434782608701
33	EC_L3	309	252	hit_ec4_softmax	231	229	0.74757281553398058	0.9913419913419913
33	EC_L3	309	252	hit_ec4_softmax	232	230	0.7508090614886731	0.99137931034482762
33	EC_L3	309	252	hit_ec4_softmax	233	231	0.75404530744336573	0.99141630901287559
33	EC_L3	309	252	hit_ec4_softmax	234	232	0.75728155339805825	0.99145299145299148
33	EC_L3	309	252	hit_ec4_softmax	235	233	0.76051779935275077	0.99148936170212765
33	EC_L3	309	252	hit_ec4_softmax	236	234	0.7637540453074434	0.99152542372881358
33	EC_L3	309	252	hit_ec4_softmax	237	235	0.76699029126213591	0.99156118143459915
33	EC_L3	309	252	hit_ec4_softmax	238	236	0.77022653721682843	0.99159663865546221
33	EC_L3	309	252	hit_ec4_softmax	239	237	0.77346278317152106	0.99163179916317989
33	EC_L3	309	252	hit_ec4_softmax	240	238	0.77669902912621358	0.9916666666666667
33	EC_L3	309	252	hit_ec4_softmax	241	239	0.7799352750809061	0.99170124481327804
33	EC_L3	309	252	hit_ec4_softmax	242	240	0.78317152103559873	0.99173553719008267
33	EC_L3	309	252	hit_ec4_softmax	243	241	0.78640776699029125	0.99176954732510292
33	EC_L3	309	252	hit_ec4_softmax	244	241	0.78964401294498376	0.98770491803278693
33	EC_L3	309	252	hit_ec4_softmax	245	242	0.79288025889967639	0.98775510204081629
33	EC_L3	309	252	hit_ec4_softmax	246	243	0.79611650485436891	0.98780487804878048
33	EC_L3	309	252	hit_ec4_softmax	247	244	0.79935275080906154	0.98785425101214575
33	EC_L3	309	252	hit_ec4_softmax	248	244	0.80258899676375406	0.9838709677419355
33	EC_L3	309	252	hit_ec4_softmax	249	245	0.80582524271844658	0.98393574297188757
33	EC_L3	309	252	hit_ec4_softmax	250	246	0.80906148867313921	0.98399999999999999
33	EC_L3	309	252	hit_ec4_softmax	251	247	0.81229773462783172	0.98406374501992033
33	EC_L3	309	252	hit_ec4_softmax	252	248	0.81553398058252424	0.98412698412698407
33	EC_L3	309	252	hit_ec4_softmax	253	249	0.81877022653721687	0.98418972332015808
33	EC_L3	309	252	hit_ec4_softmax	254	250	0.82200647249190939	0.98425196850393704
33	EC_L3	309	252	hit_ec4_softmax	255	251	0.82524271844660191	0.98431372549019602
33	EC_L3	309	252	hit_ec4_softmax	256	252	0.82847896440129454	0.984375
33	EC_L3	309	252	hit_ec4_softmax	257	253	0.83171521035598706	0.98443579766536971
33	EC_L3	309	252	hit_ec4_softmax	258	254	0.83495145631067957	0.98449612403100772
33	EC_L3	309	252	hit_ec4_softmax	259	254	0.8381877022653722	0.98069498069498073
33	EC_L3	309	252	hit_ec4_softmax	260	255	0.84142394822006472	0.98076923076923073
33	EC_L3	309	252	hit_ec4_softmax	261	256	0.84466019417475724	0.98084291187739459
33	EC_L3	309	252	hit_ec4_softmax	262	257	0.84789644012944987	0.98091603053435117
33	EC_L3	309	252	hit_ec4_softmax	263	258	0.85113268608414239	0.98098859315589348
33	EC_L3	309	252	hit_ec4_softmax	264	258	0.85436893203883491	0.97727272727272729
33	EC_L3	309	252	hit_ec4_softmax	265	258	0.85760517799352753	0.97358490566037736
33	EC_L3	309	252	hit_ec4_softmax	266	259	0.86084142394822005	0.97368421052631582
33	EC_L3	309	252	hit_ec4_softmax	267	260	0.86407766990291257	0.97378277153558057
33	EC_L3	309	252	hit_ec4_softmax	268	261	0.8673139158576052	0.97388059701492535
33	EC_L3	309	252	hit_ec4_softmax	269	261	0.87055016181229772	0.97026022304832715
33	EC_L3	309	252	hit_ec4_softmax	270	262	0.87378640776699024	0.97037037037037033
33	EC_L3	309	252	hit_ec4_softmax	271	262	0.87702265372168287	0.96678966789667897
33	EC_L3	309	252	hit_ec4_softmax	272	262	0.88025889967637538	0.96323529411764708
33	EC_L3	309	252	hit_ec4_softmax	273	262	0.88349514563106801	0.95970695970695974
33	EC_L3	309	252	hit_ec4_softmax	274	263	0.88673139158576053	0.95985401459854014
33	EC_L3	309	252	hit_ec4_softmax	275	264	0.88996763754045305	0.95999999999999996
33	EC_L3	309	252	hit_ec4_softmax	276	265	0.89320388349514568	0.96014492753623193
33	EC_L3	309	252	hit_ec4_softmax	277	266	0.8964401294498382	0.96028880866425992
33	EC_L3	309	252	hit_ec4_softmax	278	267	0.89967637540453071	0.96043165467625902
33	EC_L3	309	252	hit_ec4_softmax	279	267	0.90291262135922334	0.956989247311828
33	EC_L3	309	252	hit_ec4_softmax	280	267	0.90614886731391586	0.95357142857142863
33	EC_L3	309	252	hit_ec4_softmax	281	267	0.90938511326860838	0.95017793594306055
33	EC_L3	309	252	hit_ec4_softmax	282	268	0.91262135922330101	0.95035460992907805
33	EC_L3	309	252	hit_ec4_softmax	283	269	0.91585760517799353	0.95053003533568903
33	EC_L3	309	252	hit_ec4_softmax	284	269	0.91909385113268605	0.94718309859154926
33	EC_L3	309	252	hit_ec4_softmax	285	270	0.92233009708737868	0.94736842105263153
33	EC_L3	309	252	hit_ec4_softmax	286	271	0.92556634304207119	0.94755244755244761
33	EC_L3	309	252	hit_ec4_softmax	287	271	0.92880258899676371	0.94425087108013939
33	EC_L3	309	252	hit_ec4_softmax	288	271	0.93203883495145634	0.94097222222222221
33	EC_L3	309	252	hit_ec4_softmax	289	272	0.93527508090614886	0.94117647058823528
33	EC_L3	309	252	hit_ec4_softmax	290	272	0.93851132686084138	0.93793103448275861
33	EC_L3	309	252	hit_ec4_softmax	291	273	0.94174757281553401	0.93814432989690721
33	EC_L3	309	252	hit_ec4_softmax	292	273	0.94498381877022652	0.93493150684931503
33	EC_L3	309	252	hit_ec4_softmax	293	274	0.94822006472491904	0.93515358361774747
33	EC_L3	309	252	hit_ec4_softmax	294	275	0.95145631067961167	0.93537414965986398
33	EC_L3	309	252	hit_ec4_softmax	295	275	0.95469255663430419	0.93220338983050843
33	EC_L3	309	252	hit_ec4_softmax	296	275	0.95792880258899671	0.92905405405405406
33	EC_L3	309	252	hit_ec4_softmax	297	275	0.96116504854368934	0.92592592592592593
33	EC_L3	309	252	hit_ec4_softmax	298	275	0.96440129449838186	0.92281879194630867
33	EC_L3	309	252	hit_ec4_softmax	299	275	0.96763754045307449	0.91973244147157196
33	EC_L3	309	252	hit_ec4_softmax	300	275	0.970873786407767	0.91666666666666663
33	EC_L3	309	252	hit_ec4_softmax	301	275	0.97411003236245952	0.91362126245847175
33	EC_L3	309	252	hit_ec4_softmax	302	276	0.97734627831715215	0.91390728476821192
33	EC_L3	309	252	hit_ec4_softmax	303	276	0.98058252427184467	0.91089108910891092
33	EC_L3	309	252	hit_ec4_softmax	304	277	0.98381877022653719	0.91118421052631582
33	EC_L3	309	252	hit_ec4_softmax	305	277	0.98705501618122982	0.90819672131147544
33	EC_L3	309	252	hit_ec4_softmax	306	277	0.99029126213592233	0.90522875816993464
33	EC_L3	309	252	hit_ec4_softmax	307	277	0.99352750809061485	0.90228013029315957
33	EC_L3	309	252	hit_ec4_softmax	308	277	0.99676375404530748	0.89935064935064934
33	EC_L3	309	252	hit_ec4_softmax	309	277	1	0.8964401294498382
33	EC_L3	309	252	hit_ec4_margin	1	1	0.0032362459546925568	1
33	EC_L3	309	252	hit_ec4_margin	2	2	0.0064724919093851136	1
33	EC_L3	309	252	hit_ec4_margin	3	3	0.0097087378640776691	1
33	EC_L3	309	252	hit_ec4_margin	4	4	0.012944983818770227	1
33	EC_L3	309	252	hit_ec4_margin	5	5	0.016181229773462782	1
33	EC_L3	309	252	hit_ec4_margin	6	6	0.019417475728155338	1
33	EC_L3	309	252	hit_ec4_margin	7	7	0.022653721682847898	1
33	EC_L3	309	252	hit_ec4_margin	8	8	0.025889967637540454	1
33	EC_L3	309	252	hit_ec4_margin	9	9	0.029126213592233011	1
33	EC_L3	309	252	hit_ec4_margin	10	10	0.032362459546925564	1
33	EC_L3	309	252	hit_ec4_margin	11	11	0.035598705501618123	1
33	EC_L3	309	252	hit_ec4_margin	12	12	0.038834951456310676	1
33	EC_L3	309	252	hit_ec4_margin	13	13	0.042071197411003236	1
33	EC_L3	309	252	hit_ec4_margin	14	14	0.045307443365695796	1
33	EC_L3	309	252	hit_ec4_margin	15	15	0.048543689320388349	1
33	EC_L3	309	252	hit_ec4_margin	16	16	0.051779935275080909	1
33	EC_L3	309	252	hit_ec4_margin	17	17	0.055016181229773461	1
33	EC_L3	309	252	hit_ec4_margin	18	18	0.058252427184466021	1
33	EC_L3	309	252	hit_ec4_margin	19	19	0.061488673139158574	1
33	EC_L3	309	252	hit_ec4_margin	20	20	0.064724919093851127	1
33	EC_L3	309	252	hit_ec4_margin	21	21	0.067961165048543687	1
33	EC_L3	309	252	hit_ec4_margin	22	22	0.071197411003236247	1
33	EC_L3	309	252	hit_ec4_margin	23	23	0.074433656957928807	1
33	EC_L3	309	252	hit_ec4_margin	24	24	0.077669902912621352	1
33	EC_L3	309	252	hit_ec4_margin	25	25	0.080906148867313912	1
33	EC_L3	309	252	hit_ec4_margin	26	26	0.084142394822006472	1
33	EC_L3	309	252	hit_ec4_margin	27	27	0.087378640776699032	1
33	EC_L3	309	252	hit_ec4_margin	28	28	0.090614886731391592	1
33	EC_L3	309	252	hit_ec4_margin	29	29	0.093851132686084138	1
33	EC_L3	309	252	hit_ec4_margin	30	30	0.097087378640776698	1
33	EC_L3	309	252	hit_ec4_margin	31	31	0.10032362459546926	1
33	EC_L3	309	252	hit_ec4_margin	32	31	0.10355987055016182	0.96875
33	EC_L3	309	252	hit_ec4_margin	33	32	0.10679611650485436	0.96969696969696972
33	EC_L3	309	252	hit_ec4_margin	34	33	0.11003236245954692	0.97058823529411764
33	EC_L3	309	252	hit_ec4_margin	35	34	0.11326860841423948	0.97142857142857142
33	EC_L3	309	252	hit_ec4_margin	36	35	0.11650485436893204	0.97222222222222221
33	EC_L3	309	252	hit_ec4_margin	37	36	0.11974110032362459	0.97297297297297303
33	EC_L3	309	252	hit_ec4_margin	38	37	0.12297734627831715	0.97368421052631582
33	EC_L3	309	252	hit_ec4_margin	39	38	0.12621359223300971	0.97435897435897434
33	EC_L3	309	252	hit_ec4_margin	40	39	0.12944983818770225	0.97499999999999998
33	EC_L3	309	252	hit_ec4_margin	41	40	0.13268608414239483	0.97560975609756095
33	EC_L3	309	252	hit_ec4_margin	42	41	0.13592233009708737	0.97619047619047616
33	EC_L3	309	252	hit_ec4_margin	43	42	0.13915857605177995	0.97674418604651159
33	EC_L3	309	252	hit_ec4_margin	44	43	0.14239482200647249	0.97727272727272729
33	EC_L3	309	252	hit_ec4_margin	45	44	0.14563106796116504	0.97777777777777775
33	EC_L3	309	252	hit_ec4_margin	46	45	0.14886731391585761	0.97826086956521741
33	EC_L3	309	252	hit_ec4_margin	47	46	0.15210355987055016	0.97872340425531912
33	EC_L3	309	252	hit_ec4_margin	48	47	0.1553398058252427	0.97916666666666663
33	EC_L3	309	252	hit_ec4_margin	49	48	0.15857605177993528	0.97959183673469385
33	EC_L3	309	252	hit_ec4_margin	50	49	0.16181229773462782	0.97999999999999998
33	EC_L3	309	252	hit_ec4_margin	51	50	0.1650485436893204	0.98039215686274506
33	EC_L3	309	252	hit_ec4_margin	52	51	0.16828478964401294	0.98076923076923073
33	EC_L3	309	252	hit_ec4_margin	53	52	0.17152103559870549	0.98113207547169812
33	EC_L3	309	252	hit_ec4_margin	54	53	0.17475728155339806	0.98148148148148151
33	EC_L3	309	252	hit_ec4_margin	55	54	0.17799352750809061	0.98181818181818181
33	EC_L3	309	252	hit_ec4_margin	56	55	0.18122977346278318	0.9821428571428571
33	EC_L3	309	252	hit_ec4_margin	57	56	0.18446601941747573	0.98245614035087714
33	EC_L3	309	252	hit_ec4_margin	58	57	0.18770226537216828	0.98275862068965514
33	EC_L3	309	252	hit_ec4_margin	59	58	0.19093851132686085	0.98305084745762716
33	EC_L3	309	252	hit_ec4_margin	60	59	0.1941747572815534	0.98333333333333328
33	EC_L3	309	252	hit_ec4_margin	61	60	0.19741100323624594	0.98360655737704916
33	EC_L3	309	252	hit_ec4_margin	62	61	0.20064724919093851	0.9838709677419355
33	EC_L3	309	252	hit_ec4_margin	63	62	0.20388349514563106	0.98412698412698407
33	EC_L3	309	252	hit_ec4_margin	64	63	0.20711974110032363	0.984375
33	EC_L3	309	252	hit_ec4_margin	65	64	0.21035598705501618	0.98461538461538467
33	EC_L3	309	252	hit_ec4_margin	66	65	0.21359223300970873	0.98484848484848486
33	EC_L3	309	252	hit_ec4_margin	67	66	0.2168284789644013	0.9850746268656716
33	EC_L3	309	252	hit_ec4_margin	68	67	0.22006472491909385	0.98529411764705888
33	EC_L3	309	252	hit_ec4_margin	69	68	0.22330097087378642	0.98550724637681164
33	EC_L3	309	252	hit_ec4_margin	70	69	0.22653721682847897	0.98571428571428577
33	EC_L3	309	252	hit_ec4_margin	71	70	0.22977346278317151	0.9859154929577465
33	EC_L3	309	252	hit_ec4_margin	72	71	0.23300970873786409	0.98611111111111116
33	EC_L3	309	252	hit_ec4_margin	73	72	0.23624595469255663	0.98630136986301364
33	EC_L3	309	252	hit_ec4_margin	74	73	0.23948220064724918	0.98648648648648651
33	EC_L3	309	252	hit_ec4_margin	75	74	0.24271844660194175	0.98666666666666669
33	EC_L3	309	252	hit_ec4_margin	76	75	0.2459546925566343	0.98684210526315785
33	EC_L3	309	252	hit_ec4_margin	77	76	0.24919093851132687	0.98701298701298701
33	EC_L3	309	252	hit_ec4_margin	78	77	0.25242718446601942	0.98717948717948723
33	EC_L3	309	252	hit_ec4_margin	79	78	0.25566343042071199	0.98734177215189878
33	EC_L3	309	252	hit_ec4_margin	80	79	0.25889967637540451	0.98750000000000004
33	EC_L3	309	252	hit_ec4_margin	81	80	0.26213592233009708	0.98765432098765427
33	EC_L3	309	252	hit_ec4_margin	82	81	0.26537216828478966	0.98780487804878048
33	EC_L3	309	252	hit_ec4_margin	83	82	0.26860841423948217	0.98795180722891562
33	EC_L3	309	252	hit_ec4_margin	84	83	0.27184466019417475	0.98809523809523814
33	EC_L3	309	252	hit_ec4_margin	85	84	0.27508090614886732	0.9882352941176471
33	EC_L3	309	252	hit_ec4_margin	86	85	0.27831715210355989	0.98837209302325579
33	EC_L3	309	252	hit_ec4_margin	87	86	0.28155339805825241	0.9885057471264368
33	EC_L3	309	252	hit_ec4_margin	88	87	0.28478964401294499	0.98863636363636365
33	EC_L3	309	252	hit_ec4_margin	89	88	0.28802588996763756	0.9887640449438202
33	EC_L3	309	252	hit_ec4_margin	90	89	0.29126213592233008	0.98888888888888893
33	EC_L3	309	252	hit_ec4_margin	91	90	0.29449838187702265	0.98901098901098905
33	EC_L3	309	252	hit_ec4_margin	92	91	0.29773462783171523	0.98913043478260865
33	EC_L3	309	252	hit_ec4_margin	93	92	0.30097087378640774	0.989247311827957
33	EC_L3	309	252	hit_ec4_margin	94	93	0.30420711974110032	0.98936170212765961
33	EC_L3	309	252	hit_ec4_margin	95	94	0.30744336569579289	0.98947368421052628
33	EC_L3	309	252	hit_ec4_margin	96	95	0.31067961165048541	0.98958333333333337
33	EC_L3	309	252	hit_ec4_margin	97	96	0.31391585760517798	0.98969072164948457
33	EC_L3	309	252	hit_ec4_margin	98	97	0.31715210355987056	0.98979591836734693
33	EC_L3	309	252	hit_ec4_margin	99	98	0.32038834951456313	0.98989898989898994
33	EC_L3	309	252	hit_ec4_margin	100	99	0.32362459546925565	0.98999999999999999
33	EC_L3	309	252	hit_ec4_margin	101	100	0.32686084142394822	0.99009900990099009
33	EC_L3	309	252	hit_ec4_margin	102	101	0.3300970873786408	0.99019607843137258
33	EC_L3	309	252	hit_ec4_margin	103	102	0.33333333333333331	0.99029126213592233
33	EC_L3	309	252	hit_ec4_margin	104	103	0.33656957928802589	0.99038461538461542
33	EC_L3	309	252	hit_ec4_margin	105	104	0.33980582524271846	0.99047619047619051
33	EC_L3	309	252	hit_ec4_margin	106	105	0.34304207119741098	0.99056603773584906
33	EC_L3	309	252	hit_ec4_margin	107	106	0.34627831715210355	0.99065420560747663
33	EC_L3	309	252	hit_ec4_margin	108	107	0.34951456310679613	0.9907407407407407
33	EC_L3	309	252	hit_ec4_margin	109	108	0.35275080906148865	0.99082568807339455
33	EC_L3	309	252	hit_ec4_margin	110	109	0.35598705501618122	0.99090909090909096
33	EC_L3	309	252	hit_ec4_margin	111	110	0.35922330097087379	0.99099099099099097
33	EC_L3	309	252	hit_ec4_margin	112	111	0.36245954692556637	0.9910714285714286
33	EC_L3	309	252	hit_ec4_margin	113	112	0.36569579288025889	0.99115044247787609
33	EC_L3	309	252	hit_ec4_margin	114	113	0.36893203883495146	0.99122807017543857
33	EC_L3	309	252	hit_ec4_margin	115	114	0.37216828478964403	0.99130434782608701
33	EC_L3	309	252	hit_ec4_margin	116	115	0.37540453074433655	0.99137931034482762
33	EC_L3	309	252	hit_ec4_margin	117	116	0.37864077669902912	0.99145299145299148
33	EC_L3	309	252	hit_ec4_margin	118	117	0.3818770226537217	0.99152542372881358
33	EC_L3	309	252	hit_ec4_margin	119	118	0.38511326860841422	0.99159663865546221
33	EC_L3	309	252	hit_ec4_margin	120	119	0.38834951456310679	0.9916666666666667
33	EC_L3	309	252	hit_ec4_margin	121	120	0.39158576051779936	0.99173553719008267
33	EC_L3	309	252	hit_ec4_margin	122	121	0.39482200647249188	0.99180327868852458
33	EC_L3	309	252	hit_ec4_margin	123	122	0.39805825242718446	0.99186991869918695
33	EC_L3	309	252	hit_ec4_margin	124	123	0.40129449838187703	0.99193548387096775
33	EC_L3	309	252	hit_ec4_margin	125	124	0.4045307443365696	0.99199999999999999
33	EC_L3	309	252	hit_ec4_margin	126	125	0.40776699029126212	0.99206349206349209
33	EC_L3	309	252	hit_ec4_margin	127	126	0.4110032362459547	0.99212598425196852
33	EC_L3	309	252	hit_ec4_margin	128	127	0.41423948220064727	0.9921875
33	EC_L3	309	252	hit_ec4_margin	129	128	0.41747572815533979	0.99224806201550386
33	EC_L3	309	252	hit_ec4_margin	130	129	0.42071197411003236	0.99230769230769234
33	EC_L3	309	252	hit_ec4_margin	131	130	0.42394822006472493	0.99236641221374045
33	EC_L3	309	252	hit_ec4_margin	132	131	0.42718446601941745	0.99242424242424243
33	EC_L3	309	252	hit_ec4_margin	133	132	0.43042071197411003	0.99248120300751874
33	EC_L3	309	252	hit_ec4_margin	134	133	0.4336569579288026	0.9925373134328358
33	EC_L3	309	252	hit_ec4_margin	135	134	0.43689320388349512	0.99259259259259258
33	EC_L3	309	252	hit_ec4_margin	136	135	0.44012944983818769	0.99264705882352944
33	EC_L3	309	252	hit_ec4_margin	137	136	0.44336569579288027	0.99270072992700731
33	EC_L3	309	252	hit_ec4_margin	138	137	0.44660194174757284	0.99275362318840576
33	EC_L3	309	252	hit_ec4_margin	139	138	0.44983818770226536	0.9928057553956835
33	EC_L3	309	252	hit_ec4_margin	140	139	0.45307443365695793	0.99285714285714288
33	EC_L3	309	252	hit_ec4_margin	141	140	0.4563106796116505	0.99290780141843971
33	EC_L3	309	252	hit_ec4_margin	142	141	0.45954692556634302	0.99295774647887325
33	EC_L3	309	252	hit_ec4_margin	143	142	0.4627831715210356	0.99300699300699302
33	EC_L3	309	252	hit_ec4_margin	144	143	0.46601941747572817	0.99305555555555558
33	EC_L3	309	252	hit_ec4_margin	145	144	0.46925566343042069	0.99310344827586206
33	EC_L3	309	252	hit_ec4_margin	146	145	0.47249190938511326	0.99315068493150682
33	EC_L3	309	252	hit_ec4_margin	147	146	0.47572815533980584	0.99319727891156462
33	EC_L3	309	252	hit_ec4_margin	148	147	0.47896440129449835	0.9932432432432432
33	EC_L3	309	252	hit_ec4_margin	149	148	0.48220064724919093	0.99328859060402686
33	EC_L3	309	252	hit_ec4_margin	150	149	0.4854368932038835	0.99333333333333329
33	EC_L3	309	252	hit_ec4_margin	151	150	0.48867313915857608	0.99337748344370858
33	EC_L3	309	252	hit_ec4_margin	152	150	0.49190938511326859	0.98684210526315785
33	EC_L3	309	252	hit_ec4_margin	153	151	0.49514563106796117	0.98692810457516345
33	EC_L3	309	252	hit_ec4_margin	154	152	0.49838187702265374	0.98701298701298701
33	EC_L3	309	252	hit_ec4_margin	155	153	0.50161812297734631	0.98709677419354835
33	EC_L3	309	252	hit_ec4_margin	156	154	0.50485436893203883	0.98717948717948723
33	EC_L3	309	252	hit_ec4_margin	157	155	0.50809061488673135	0.98726114649681529
33	EC_L3	309	252	hit_ec4_margin	158	156	0.51132686084142398	0.98734177215189878
33	EC_L3	309	252	hit_ec4_margin	159	157	0.5145631067961165	0.98742138364779874
33	EC_L3	309	252	hit_ec4_margin	160	158	0.51779935275080902	0.98750000000000004
33	EC_L3	309	252	hit_ec4_margin	161	159	0.52103559870550165	0.98757763975155277
33	EC_L3	309	252	hit_ec4_margin	162	160	0.52427184466019416	0.98765432098765427
33	EC_L3	309	252	hit_ec4_margin	163	161	0.52750809061488668	0.98773006134969321
33	EC_L3	309	252	hit_ec4_margin	164	162	0.53074433656957931	0.98780487804878048
33	EC_L3	309	252	hit_ec4_margin	165	163	0.53398058252427183	0.98787878787878791
33	EC_L3	309	252	hit_ec4_margin	166	164	0.53721682847896435	0.98795180722891562
33	EC_L3	309	252	hit_ec4_margin	167	165	0.54045307443365698	0.9880239520958084
33	EC_L3	309	252	hit_ec4_margin	168	166	0.5436893203883495	0.98809523809523814
33	EC_L3	309	252	hit_ec4_margin	169	167	0.54692556634304212	0.98816568047337283
33	EC_L3	309	252	hit_ec4_margin	170	168	0.55016181229773464	0.9882352941176471
33	EC_L3	309	252	hit_ec4_margin	171	169	0.55339805825242716	0.98830409356725146
33	EC_L3	309	252	hit_ec4_margin	172	170	0.55663430420711979	0.98837209302325579
33	EC_L3	309	252	hit_ec4_margin	173	171	0.55987055016181231	0.98843930635838151
33	EC_L3	309	252	hit_ec4_margin	174	172	0.56310679611650483	0.9885057471264368
33	EC_L3	309	252	hit_ec4_margin	175	173	0.56634304207119746	0.98857142857142855
33	EC_L3	309	252	hit_ec4_margin	176	174	0.56957928802588997	0.98863636363636365
33	EC_L3	309	252	hit_ec4_margin	177	175	0.57281553398058249	0.98870056497175141
33	EC_L3	309	252	hit_ec4_margin	178	176	0.57605177993527512	0.9887640449438202
33	EC_L3	309	252	hit_ec4_margin	179	177	0.57928802588996764	0.98882681564245811
33	EC_L3	309	252	hit_ec4_margin	180	178	0.58252427184466016	0.98888888888888893
33	EC_L3	309	252	hit_ec4_margin	181	179	0.58576051779935279	0.98895027624309395
33	EC_L3	309	252	hit_ec4_margin	182	180	0.5889967637540453	0.98901098901098905
33	EC_L3	309	252	hit_ec4_margin	183	181	0.59223300970873782	0.98907103825136611
33	EC_L3	309	252	hit_ec4_margin	184	182	0.59546925566343045	0.98913043478260865
33	EC_L3	309	252	hit_ec4_margin	185	183	0.59870550161812297	0.98918918918918919
33	EC_L3	309	252	hit_ec4_margin	186	184	0.60194174757281549	0.989247311827957
33	EC_L3	309	252	hit_ec4_margin	187	185	0.60517799352750812	0.98930481283422456
33	EC_L3	309	252	hit_ec4_margin	188	186	0.60841423948220064	0.98936170212765961
33	EC_L3	309	252	hit_ec4_margin	189	187	0.61165048543689315	0.98941798941798942
33	EC_L3	309	252	hit_ec4_margin	190	188	0.61488673139158578	0.98947368421052628
33	EC_L3	309	252	hit_ec4_margin	191	189	0.6181229773462783	0.98952879581151831
33	EC_L3	309	252	hit_ec4_margin	192	190	0.62135922330097082	0.98958333333333337
33	EC_L3	309	252	hit_ec4_margin	193	191	0.62459546925566345	0.98963730569948183
33	EC_L3	309	252	hit_ec4_margin	194	192	0.62783171521035597	0.98969072164948457
33	EC_L3	309	252	hit_ec4_margin	195	193	0.6310679611650486	0.98974358974358978
33	EC_L3	309	252	hit_ec4_margin	196	194	0.63430420711974111	0.98979591836734693
33	EC_L3	309	252	hit_ec4_margin	197	195	0.63754045307443363	0.98984771573604058
33	EC_L3	309	252	hit_ec4_margin	198	196	0.64077669902912626	0.98989898989898994
33	EC_L3	309	252	hit_ec4_margin	199	197	0.64401294498381878	0.98994974874371855
33	EC_L3	309	252	hit_ec4_margin	200	198	0.6472491909385113	0.98999999999999999
33	EC_L3	309	252	hit_ec4_margin	201	199	0.65048543689320393	0.99004975124378114
33	EC_L3	309	252	hit_ec4_margin	202	200	0.65372168284789645	0.99009900990099009
33	EC_L3	309	252	hit_ec4_margin	203	201	0.65695792880258896	0.99014778325123154
33	EC_L3	309	252	hit_ec4_margin	204	202	0.66019417475728159	0.99019607843137258
33	EC_L3	309	252	hit_ec4_margin	205	203	0.66343042071197411	0.99024390243902438
33	EC_L3	309	252	hit_ec4_margin	206	204	0.66666666666666663	0.99029126213592233
33	EC_L3	309	252	hit_ec4_margin	207	205	0.66990291262135926	0.99033816425120769
33	EC_L3	309	252	hit_ec4_margin	208	206	0.67313915857605178	0.99038461538461542
33	EC_L3	309	252	hit_ec4_margin	209	207	0.6763754045307443	0.99043062200956933
33	EC_L3	309	252	hit_ec4_margin	210	208	0.67961165048543692	0.99047619047619051
33	EC_L3	309	252	hit_ec4_margin	211	209	0.68284789644012944	0.99052132701421802
33	EC_L3	309	252	hit_ec4_margin	212	210	0.68608414239482196	0.99056603773584906
33	EC_L3	309	252	hit_ec4_margin	213	211	0.68932038834951459	0.99061032863849763
33	EC_L3	309	252	hit_ec4_margin	214	212	0.69255663430420711	0.99065420560747663
33	EC_L3	309	252	hit_ec4_margin	215	213	0.69579288025889963	0.99069767441860468
33	EC_L3	309	252	hit_ec4_margin	216	214	0.69902912621359226	0.9907407407407407
33	EC_L3	309	252	hit_ec4_margin	217	215	0.70226537216828477	0.99078341013824889
33	EC_L3	309	252	hit_ec4_margin	218	216	0.70550161812297729	0.99082568807339455
33	EC_L3	309	252	hit_ec4_margin	219	217	0.70873786407766992	0.9908675799086758
33	EC_L3	309	252	hit_ec4_margin	220	218	0.71197411003236244	0.99090909090909096
33	EC_L3	309	252	hit_ec4_margin	221	219	0.71521035598705507	0.99095022624434392
33	EC_L3	309	252	hit_ec4_margin	222	220	0.71844660194174759	0.99099099099099097
33	EC_L3	309	252	hit_ec4_margin	223	221	0.72168284789644011	0.99103139013452912
33	EC_L3	309	252	hit_ec4_margin	224	222	0.72491909385113273	0.9910714285714286
33	EC_L3	309	252	hit_ec4_margin	225	223	0.72815533980582525	0.99111111111111116
33	EC_L3	309	252	hit_ec4_margin	226	224	0.73139158576051777	0.99115044247787609
33	EC_L3	309	252	hit_ec4_margin	227	225	0.7346278317152104	0.99118942731277537
33	EC_L3	309	252	hit_ec4_margin	228	226	0.73786407766990292	0.99122807017543857
33	EC_L3	309	252	hit_ec4_margin	229	227	0.74110032362459544	0.99126637554585151
33	EC_L3	309	252	hit_ec4_margin	230	228	0.74433656957928807	0.99130434782608701
33	EC_L3	309	252	hit_ec4_margin	231	229	0.74757281553398058	0.9913419913419913
33	EC_L3	309	252	hit_ec4_margin	232	230	0.7508090614886731	0.99137931034482762
33	EC_L3	309	252	hit_ec4_margin	233	231	0.75404530744336573	0.99141630901287559
33	EC_L3	309	252	hit_ec4_margin	234	232	0.75728155339805825	0.99145299145299148
33	EC_L3	309	252	hit_ec4_margin	235	233	0.76051779935275077	0.99148936170212765
33	EC_L3	309	252	hit_ec4_margin	236	234	0.7637540453074434	0.99152542372881358
33	EC_L3	309	252	hit_ec4_margin	237	235	0.76699029126213591	0.99156118143459915
33	EC_L3	309	252	hit_ec4_margin	238	236	0.77022653721682843	0.99159663865546221
33	EC_L3	309	252	hit_ec4_margin	239	237	0.77346278317152106	0.99163179916317989
33	EC_L3	309	252	hit_ec4_margin	240	238	0.77669902912621358	0.9916666666666667
33	EC_L3	309	252	hit_ec4_margin	241	239	0.7799352750809061	0.99170124481327804
33	EC_L3	309	252	hit_ec4_margin	242	240	0.78317152103559873	0.99173553719008267
33	EC_L3	309	252	hit_ec4_margin	243	241	0.78640776699029125	0.99176954732510292
33	EC_L3	309	252	hit_ec4_margin	244	242	0.78964401294498376	0.99180327868852458
33	EC_L3	309	252	hit_ec4_margin	245	242	0.79288025889967639	0.98775510204081629
33	EC_L3	309	252	hit_ec4_margin	246	243	0.79611650485436891	0.98780487804878048
33	EC_L3	309	252	hit_ec4_margin	247	244	0.79935275080906154	0.98785425101214575
33	EC_L3	309	252	hit_ec4_margin	248	244	0.80258899676375406	0.9838709677419355
33	EC_L3	309	252	hit_ec4_margin	249	245	0.80582524271844658	0.98393574297188757
33	EC_L3	309	252	hit_ec4_margin	250	246	0.80906148867313921	0.98399999999999999
33	EC_L3	309	252	hit_ec4_margin	251	247	0.81229773462783172	0.98406374501992033
33	EC_L3	309	252	hit_ec4_margin	252	248	0.81553398058252424	0.98412698412698407
33	EC_L3	309	252	hit_ec4_margin	253	249	0.81877022653721687	0.98418972332015808
33	EC_L3	309	252	hit_ec4_margin	254	250	0.82200647249190939	0.98425196850393704
33	EC_L3	309	252	hit_ec4_margin	255	251	0.82524271844660191	0.98431372549019602
33	EC_L3	309	252	hit_ec4_margin	256	252	0.82847896440129454	0.984375
33	EC_L3	309	252	hit_ec4_margin	257	253	0.83171521035598706	0.98443579766536971
33	EC_L3	309	252	hit_ec4_margin	258	254	0.83495145631067957	0.98449612403100772
33	EC_L3	309	252	hit_ec4_margin	259	254	0.8381877022653722	0.98069498069498073
33	EC_L3	309	252	hit_ec4_margin	260	255	0.84142394822006472	0.98076923076923073
33	EC_L3	309	252	hit_ec4_margin	261	256	0.84466019417475724	0.98084291187739459
33	EC_L3	309	252	hit_ec4_margin	262	257	0.84789644012944987	0.98091603053435117
33	EC_L3	309	252	hit_ec4_margin	263	258	0.85113268608414239	0.98098859315589348
33	EC_L3	309	252	hit_ec4_margin	264	258	0.85436893203883491	0.97727272727272729
33	EC_L3	309	252	hit_ec4_margin	265	258	0.85760517799352753	0.97358490566037736
33	EC_L3	309	252	hit_ec4_margin	266	258	0.86084142394822005	0.96992481203007519
33	EC_L3	309	252	hit_ec4_margin	267	259	0.86407766990291257	0.97003745318352064
33	EC_L3	309	252	hit_ec4_margin	268	260	0.8673139158576052	0.97014925373134331
33	EC_L3	309	252	hit_ec4_margin	269	261	0.87055016181229772	0.97026022304832715
33	EC_L3	309	252	hit_ec4_margin	270	262	0.87378640776699024	0.97037037037037033
33	EC_L3	309	252	hit_ec4_margin	271	262	0.87702265372168287	0.96678966789667897
33	EC_L3	309	252	hit_ec4_margin	272	262	0.88025889967637538	0.96323529411764708
33	EC_L3	309	252	hit_ec4_margin	273	262	0.88349514563106801	0.95970695970695974
33	EC_L3	309	252	hit_ec4_margin	274	263	0.88673139158576053	0.95985401459854014
33	EC_L3	309	252	hit_ec4_margin	275	264	0.88996763754045305	0.95999999999999996
33	EC_L3	309	252	hit_ec4_margin	276	265	0.89320388349514568	0.96014492753623193
33	EC_L3	309	252	hit_ec4_margin	277	266	0.8964401294498382	0.96028880866425992
33	EC_L3	309	252	hit_ec4_margin	278	266	0.89967637540453071	0.95683453237410077
33	EC_L3	309	252	hit_ec4_margin	279	267	0.90291262135922334	0.956989247311828
33	EC_L3	309	252	hit_ec4_margin	280	267	0.90614886731391586	0.95357142857142863
33	EC_L3	309	252	hit_ec4_margin	281	267	0.90938511326860838	0.95017793594306055
33	EC_L3	309	252	hit_ec4_margin	282	268	0.91262135922330101	0.95035460992907805
33	EC_L3	309	252	hit_ec4_margin	283	269	0.91585760517799353	0.95053003533568903
33	EC_L3	309	252	hit_ec4_margin	284	269	0.91909385113268605	0.94718309859154926
33	EC_L3	309	252	hit_ec4_margin	285	270	0.92233009708737868	0.94736842105263153
33	EC_L3	309	252	hit_ec4_margin	286	270	0.92556634304207119	0.94405594405594406
33	EC_L3	309	252	hit_ec4_margin	287	271	0.92880258899676371	0.94425087108013939
33	EC_L3	309	252	hit_ec4_margin	288	272	0.93203883495145634	0.94444444444444442
33	EC_L3	309	252	hit_ec4_margin	289	272	0.93527508090614886	0.94117647058823528
33	EC_L3	309	252	hit_ec4_margin	290	272	0.93851132686084138	0.93793103448275861
33	EC_L3	309	252	hit_ec4_margin	291	272	0.94174757281553401	0.93470790378006874
33	EC_L3	309	252	hit_ec4_margin	292	273	0.94498381877022652	0.93493150684931503
33	EC_L3	309	252	hit_ec4_margin	293	273	0.94822006472491904	0.93174061433447097
33	EC_L3	309	252	hit_ec4_margin	294	274	0.95145631067961167	0.93197278911564629
33	EC_L3	309	252	hit_ec4_margin	295	275	0.95469255663430419	0.93220338983050843
33	EC_L3	309	252	hit_ec4_margin	296	275	0.95792880258899671	0.92905405405405406
33	EC_L3	309	252	hit_ec4_margin	297	275	0.96116504854368934	0.92592592592592593
33	EC_L3	309	252	hit_ec4_margin	298	275	0.96440129449838186	0.92281879194630867
33	EC_L3	309	252	hit_ec4_margin	299	275	0.96763754045307449	0.91973244147157196
33	EC_L3	309	252	hit_ec4_margin	300	276	0.970873786407767	0.92000000000000004
33	EC_L3	309	252	hit_ec4_margin	301	276	0.97411003236245952	0.9169435215946844
33	EC_L3	309	252	hit_ec4_margin	302	276	0.97734627831715215	0.91390728476821192
33	EC_L3	309	252	hit_ec4_margin	303	276	0.98058252427184467	0.91089108910891092
33	EC_L3	309	252	hit_ec4_margin	304	276	0.98381877022653719	0.90789473684210531
33	EC_L3	309	252	hit_ec4_margin	305	276	0.98705501618122982	0.90491803278688521
33	EC_L3	309	252	hit_ec4_margin	306	276	0.99029126213592233	0.90196078431372551
33	EC_L3	309	252	hit_ec4_margin	307	277	0.99352750809061485	0.90228013029315957
33	EC_L3	309	252	hit_ec4_margin	308	277	0.99676375404530748	0.89935064935064934
33	EC_L3	309	252	hit_ec4_margin	309	277	1	0.8964401294498382
33	EC_L3	309	252	hit_native_level_logit	1	1	0.0032362459546925568	1
33	EC_L3	309	252	hit_native_level_logit	2	2	0.0064724919093851136	1
33	EC_L3	309	252	hit_native_level_logit	3	2	0.0097087378640776691	0.66666666666666663
33	EC_L3	309	252	hit_native_level_logit	4	3	0.012944983818770227	0.75
33	EC_L3	309	252	hit_native_level_logit	5	4	0.016181229773462782	0.80000000000000004
33	EC_L3	309	252	hit_native_level_logit	6	5	0.019417475728155338	0.83333333333333337
33	EC_L3	309	252	hit_native_level_logit	7	6	0.022653721682847898	0.8571428571428571
33	EC_L3	309	252	hit_native_level_logit	8	7	0.025889967637540454	0.875
33	EC_L3	309	252	hit_native_level_logit	9	8	0.029126213592233011	0.88888888888888884
33	EC_L3	309	252	hit_native_level_logit	10	9	0.032362459546925564	0.90000000000000002
33	EC_L3	309	252	hit_native_level_logit	11	10	0.035598705501618123	0.90909090909090906
33	EC_L3	309	252	hit_native_level_logit	12	11	0.038834951456310676	0.91666666666666663
33	EC_L3	309	252	hit_native_level_logit	13	12	0.042071197411003236	0.92307692307692313
33	EC_L3	309	252	hit_native_level_logit	14	13	0.045307443365695796	0.9285714285714286
33	EC_L3	309	252	hit_native_level_logit	15	14	0.048543689320388349	0.93333333333333335
33	EC_L3	309	252	hit_native_level_logit	16	15	0.051779935275080909	0.9375
33	EC_L3	309	252	hit_native_level_logit	17	16	0.055016181229773461	0.94117647058823528
33	EC_L3	309	252	hit_native_level_logit	18	17	0.058252427184466021	0.94444444444444442
33	EC_L3	309	252	hit_native_level_logit	19	18	0.061488673139158574	0.94736842105263153
33	EC_L3	309	252	hit_native_level_logit	20	19	0.064724919093851127	0.94999999999999996
33	EC_L3	309	252	hit_native_level_logit	21	20	0.067961165048543687	0.95238095238095233
33	EC_L3	309	252	hit_native_level_logit	22	21	0.071197411003236247	0.95454545454545459
33	EC_L3	309	252	hit_native_level_logit	23	22	0.074433656957928807	0.95652173913043481
33	EC_L3	309	252	hit_native_level_logit	24	23	0.077669902912621352	0.95833333333333337
33	EC_L3	309	252	hit_native_level_logit	25	23	0.080906148867313912	0.92000000000000004
33	EC_L3	309	252	hit_native_level_logit	26	24	0.084142394822006472	0.92307692307692313
33	EC_L3	309	252	hit_native_level_logit	27	25	0.087378640776699032	0.92592592592592593
33	EC_L3	309	252	hit_native_level_logit	28	26	0.090614886731391592	0.9285714285714286
33	EC_L3	309	252	hit_native_level_logit	29	27	0.093851132686084138	0.93103448275862066
33	EC_L3	309	252	hit_native_level_logit	30	28	0.097087378640776698	0.93333333333333335
33	EC_L3	309	252	hit_native_level_logit	31	29	0.10032362459546926	0.93548387096774188
33	EC_L3	309	252	hit_native_level_logit	32	30	0.10355987055016182	0.9375
33	EC_L3	309	252	hit_native_level_logit	33	31	0.10679611650485436	0.93939393939393945
33	EC_L3	309	252	hit_native_level_logit	34	32	0.11003236245954692	0.94117647058823528
33	EC_L3	309	252	hit_native_level_logit	35	33	0.11326860841423948	0.94285714285714284
33	EC_L3	309	252	hit_native_level_logit	36	34	0.11650485436893204	0.94444444444444442
33	EC_L3	309	252	hit_native_level_logit	37	35	0.11974110032362459	0.94594594594594594
33	EC_L3	309	252	hit_native_level_logit	38	36	0.12297734627831715	0.94736842105263153
33	EC_L3	309	252	hit_native_level_logit	39	37	0.12621359223300971	0.94871794871794868
33	EC_L3	309	252	hit_native_level_logit	40	38	0.12944983818770225	0.94999999999999996
33	EC_L3	309	252	hit_native_level_logit	41	39	0.13268608414239483	0.95121951219512191
33	EC_L3	309	252	hit_native_level_logit	42	40	0.13592233009708737	0.95238095238095233
33	EC_L3	309	252	hit_native_level_logit	43	41	0.13915857605177995	0.95348837209302328
33	EC_L3	309	252	hit_native_level_logit	44	42	0.14239482200647249	0.95454545454545459
33	EC_L3	309	252	hit_native_level_logit	45	43	0.14563106796116504	0.9555555555555556
33	EC_L3	309	252	hit_native_level_logit	46	44	0.14886731391585761	0.95652173913043481
33	EC_L3	309	252	hit_native_level_logit	47	45	0.15210355987055016	0.95744680851063835
33	EC_L3	309	252	hit_native_level_logit	48	46	0.1553398058252427	0.95833333333333337
33	EC_L3	309	252	hit_native_level_logit	49	47	0.15857605177993528	0.95918367346938771
33	EC_L3	309	252	hit_native_level_logit	50	48	0.16181229773462782	0.95999999999999996
33	EC_L3	309	252	hit_native_level_logit	51	49	0.1650485436893204	0.96078431372549022
33	EC_L3	309	252	hit_native_level_logit	52	50	0.16828478964401294	0.96153846153846156
33	EC_L3	309	252	hit_native_level_logit	53	51	0.17152103559870549	0.96226415094339623
33	EC_L3	309	252	hit_native_level_logit	54	52	0.17475728155339806	0.96296296296296291
33	EC_L3	309	252	hit_native_level_logit	55	53	0.17799352750809061	0.96363636363636362
33	EC_L3	309	252	hit_native_level_logit	56	54	0.18122977346278318	0.9642857142857143
33	EC_L3	309	252	hit_native_level_logit	57	55	0.18446601941747573	0.96491228070175439
33	EC_L3	309	252	hit_native_level_logit	58	56	0.18770226537216828	0.96551724137931039
33	EC_L3	309	252	hit_native_level_logit	59	57	0.19093851132686085	0.96610169491525422
33	EC_L3	309	252	hit_native_level_logit	60	58	0.1941747572815534	0.96666666666666667
33	EC_L3	309	252	hit_native_level_logit	61	59	0.19741100323624594	0.96721311475409832
33	EC_L3	309	252	hit_native_level_logit	62	60	0.20064724919093851	0.967741935483871
33	EC_L3	309	252	hit_native_level_logit	63	61	0.20388349514563106	0.96825396825396826
33	EC_L3	309	252	hit_native_level_logit	64	62	0.20711974110032363	0.96875
33	EC_L3	309	252	hit_native_level_logit	65	63	0.21035598705501618	0.96923076923076923
33	EC_L3	309	252	hit_native_level_logit	66	63	0.21359223300970873	0.95454545454545459
33	EC_L3	309	252	hit_native_level_logit	67	64	0.2168284789644013	0.95522388059701491
33	EC_L3	309	252	hit_native_level_logit	68	65	0.22006472491909385	0.95588235294117652
33	EC_L3	309	252	hit_native_level_logit	69	66	0.22330097087378642	0.95652173913043481
33	EC_L3	309	252	hit_native_level_logit	70	67	0.22653721682847897	0.95714285714285718
33	EC_L3	309	252	hit_native_level_logit	71	68	0.22977346278317151	0.95774647887323938
33	EC_L3	309	252	hit_native_level_logit	72	69	0.23300970873786409	0.95833333333333337
33	EC_L3	309	252	hit_native_level_logit	73	70	0.23624595469255663	0.95890410958904104
33	EC_L3	309	252	hit_native_level_logit	74	71	0.23948220064724918	0.95945945945945943
33	EC_L3	309	252	hit_native_level_logit	75	72	0.24271844660194175	0.95999999999999996
33	EC_L3	309	252	hit_native_level_logit	76	73	0.2459546925566343	0.96052631578947367
33	EC_L3	309	252	hit_native_level_logit	77	74	0.24919093851132687	0.96103896103896103
33	EC_L3	309	252	hit_native_level_logit	78	75	0.25242718446601942	0.96153846153846156
33	EC_L3	309	252	hit_native_level_logit	79	76	0.25566343042071199	0.96202531645569622
33	EC_L3	309	252	hit_native_level_logit	80	77	0.25889967637540451	0.96250000000000002
33	EC_L3	309	252	hit_native_level_logit	81	78	0.26213592233009708	0.96296296296296291
33	EC_L3	309	252	hit_native_level_logit	82	79	0.26537216828478966	0.96341463414634143
33	EC_L3	309	252	hit_native_level_logit	83	80	0.26860841423948217	0.96385542168674698
33	EC_L3	309	252	hit_native_level_logit	84	81	0.27184466019417475	0.9642857142857143
33	EC_L3	309	252	hit_native_level_logit	85	82	0.27508090614886732	0.96470588235294119
33	EC_L3	309	252	hit_native_level_logit	86	83	0.27831715210355989	0.96511627906976749
33	EC_L3	309	252	hit_native_level_logit	87	84	0.28155339805825241	0.96551724137931039
33	EC_L3	309	252	hit_native_level_logit	88	85	0.28478964401294499	0.96590909090909094
33	EC_L3	309	252	hit_native_level_logit	89	86	0.28802588996763756	0.9662921348314607
33	EC_L3	309	252	hit_native_level_logit	90	87	0.29126213592233008	0.96666666666666667
33	EC_L3	309	252	hit_native_level_logit	91	88	0.29449838187702265	0.96703296703296704
33	EC_L3	309	252	hit_native_level_logit	92	89	0.29773462783171523	0.96739130434782605
33	EC_L3	309	252	hit_native_level_logit	93	90	0.30097087378640774	0.967741935483871
33	EC_L3	309	252	hit_native_level_logit	94	91	0.30420711974110032	0.96808510638297873
33	EC_L3	309	252	hit_native_level_logit	95	92	0.30744336569579289	0.96842105263157896
33	EC_L3	309	252	hit_native_level_logit	96	93	0.31067961165048541	0.96875
33	EC_L3	309	252	hit_native_level_logit	97	94	0.31391585760517798	0.96907216494845361
33	EC_L3	309	252	hit_native_level_logit	98	95	0.31715210355987056	0.96938775510204078
33	EC_L3	309	252	hit_native_level_logit	99	96	0.32038834951456313	0.96969696969696972
33	EC_L3	309	252	hit_native_level_logit	100	97	0.32362459546925565	0.96999999999999997
33	EC_L3	309	252	hit_native_level_logit	101	98	0.32686084142394822	0.97029702970297027
33	EC_L3	309	252	hit_native_level_logit	102	99	0.3300970873786408	0.97058823529411764
33	EC_L3	309	252	hit_native_level_logit	103	100	0.33333333333333331	0.970873786407767
33	EC_L3	309	252	hit_native_level_logit	104	101	0.33656957928802589	0.97115384615384615
33	EC_L3	309	252	hit_native_level_logit	105	102	0.33980582524271846	0.97142857142857142
33	EC_L3	309	252	hit_native_level_logit	106	103	0.34304207119741098	0.97169811320754718
33	EC_L3	309	252	hit_native_level_logit	107	104	0.34627831715210355	0.9719626168224299
33	EC_L3	309	252	hit_native_level_logit	108	105	0.34951456310679613	0.97222222222222221
33	EC_L3	309	252	hit_native_level_logit	109	106	0.35275080906148865	0.97247706422018354
33	EC_L3	309	252	hit_native_level_logit	110	107	0.35598705501618122	0.97272727272727277
33	EC_L3	309	252	hit_native_level_logit	111	108	0.35922330097087379	0.97297297297297303
33	EC_L3	309	252	hit_native_level_logit	112	109	0.36245954692556637	0.9732142857142857
33	EC_L3	309	252	hit_native_level_logit	113	110	0.36569579288025889	0.97345132743362828
33	EC_L3	309	252	hit_native_level_logit	114	111	0.36893203883495146	0.97368421052631582
33	EC_L3	309	252	hit_native_level_logit	115	112	0.37216828478964403	0.97391304347826091
33	EC_L3	309	252	hit_native_level_logit	116	113	0.37540453074433655	0.97413793103448276
33	EC_L3	309	252	hit_native_level_logit	117	114	0.37864077669902912	0.97435897435897434
33	EC_L3	309	252	hit_native_level_logit	118	115	0.3818770226537217	0.97457627118644063
33	EC_L3	309	252	hit_native_level_logit	119	116	0.38511326860841422	0.97478991596638653
33	EC_L3	309	252	hit_native_level_logit	120	117	0.38834951456310679	0.97499999999999998
33	EC_L3	309	252	hit_native_level_logit	121	118	0.39158576051779936	0.97520661157024791
33	EC_L3	309	252	hit_native_level_logit	122	119	0.39482200647249188	0.97540983606557374
33	EC_L3	309	252	hit_native_level_logit	123	120	0.39805825242718446	0.97560975609756095
33	EC_L3	309	252	hit_native_level_logit	124	121	0.40129449838187703	0.97580645161290325
33	EC_L3	309	252	hit_native_level_logit	125	122	0.4045307443365696	0.97599999999999998
33	EC_L3	309	252	hit_native_level_logit	126	123	0.40776699029126212	0.97619047619047616
33	EC_L3	309	252	hit_native_level_logit	127	124	0.4110032362459547	0.97637795275590555
33	EC_L3	309	252	hit_native_level_logit	128	125	0.41423948220064727	0.9765625
33	EC_L3	309	252	hit_native_level_logit	129	126	0.41747572815533979	0.97674418604651159
33	EC_L3	309	252	hit_native_level_logit	130	127	0.42071197411003236	0.97692307692307689
33	EC_L3	309	252	hit_native_level_logit	131	128	0.42394822006472493	0.97709923664122134
33	EC_L3	309	252	hit_native_level_logit	132	129	0.42718446601941745	0.97727272727272729
33	EC_L3	309	252	hit_native_level_logit	133	130	0.43042071197411003	0.97744360902255634
33	EC_L3	309	252	hit_native_level_logit	134	131	0.4336569579288026	0.97761194029850751
33	EC_L3	309	252	hit_native_level_logit	135	132	0.43689320388349512	0.97777777777777775
33	EC_L3	309	252	hit_native_level_logit	136	133	0.44012944983818769	0.9779411764705882
33	EC_L3	309	252	hit_native_level_logit	137	134	0.44336569579288027	0.97810218978102192
33	EC_L3	309	252	hit_native_level_logit	138	135	0.44660194174757284	0.97826086956521741
33	EC_L3	309	252	hit_native_level_logit	139	136	0.44983818770226536	0.97841726618705038
33	EC_L3	309	252	hit_native_level_logit	140	137	0.45307443365695793	0.97857142857142854
33	EC_L3	309	252	hit_native_level_logit	141	138	0.4563106796116505	0.97872340425531912
33	EC_L3	309	252	hit_native_level_logit	142	139	0.45954692556634302	0.97887323943661975
33	EC_L3	309	252	hit_native_level_logit	143	140	0.4627831715210356	0.97902097902097907
33	EC_L3	309	252	hit_native_level_logit	144	141	0.46601941747572817	0.97916666666666663
33	EC_L3	309	252	hit_native_level_logit	145	142	0.46925566343042069	0.97931034482758617
33	EC_L3	309	252	hit_native_level_logit	146	143	0.47249190938511326	0.97945205479452058
33	EC_L3	309	252	hit_native_level_logit	147	144	0.47572815533980584	0.97959183673469385
33	EC_L3	309	252	hit_native_level_logit	148	145	0.47896440129449835	0.97972972972972971
33	EC_L3	309	252	hit_native_level_logit	149	146	0.48220064724919093	0.97986577181208057
33	EC_L3	309	252	hit_native_level_logit	150	147	0.4854368932038835	0.97999999999999998
33	EC_L3	309	252	hit_native_level_logit	151	148	0.48867313915857608	0.98013245033112584
33	EC_L3	309	252	hit_native_level_logit	152	149	0.49190938511326859	0.98026315789473684
33	EC_L3	309	252	hit_native_level_logit	153	150	0.49514563106796117	0.98039215686274506
33	EC_L3	309	252	hit_native_level_logit	154	151	0.49838187702265374	0.98051948051948057
33	EC_L3	309	252	hit_native_level_logit	155	152	0.50161812297734631	0.98064516129032253
33	EC_L3	309	252	hit_native_level_logit	156	153	0.50485436893203883	0.98076923076923073
33	EC_L3	309	252	hit_native_level_logit	157	153	0.50809061488673135	0.97452229299363058
33	EC_L3	309	252	hit_native_level_logit	158	154	0.51132686084142398	0.97468354430379744
33	EC_L3	309	252	hit_native_level_logit	159	155	0.5145631067961165	0.97484276729559749
33	EC_L3	309	252	hit_native_level_logit	160	156	0.51779935275080902	0.97499999999999998
33	EC_L3	309	252	hit_native_level_logit	161	157	0.52103559870550165	0.97515527950310554
33	EC_L3	309	252	hit_native_level_logit	162	158	0.52427184466019416	0.97530864197530864
33	EC_L3	309	252	hit_native_level_logit	163	159	0.52750809061488668	0.97546012269938653
33	EC_L3	309	252	hit_native_level_logit	164	160	0.53074433656957931	0.97560975609756095
33	EC_L3	309	252	hit_native_level_logit	165	161	0.53398058252427183	0.97575757575757571
33	EC_L3	309	252	hit_native_level_logit	166	162	0.53721682847896435	0.97590361445783136
33	EC_L3	309	252	hit_native_level_logit	167	163	0.54045307443365698	0.9760479041916168
33	EC_L3	309	252	hit_native_level_logit	168	164	0.5436893203883495	0.97619047619047616
33	EC_L3	309	252	hit_native_level_logit	169	165	0.54692556634304212	0.97633136094674555
33	EC_L3	309	252	hit_native_level_logit	170	166	0.55016181229773464	0.97647058823529409
33	EC_L3	309	252	hit_native_level_logit	171	167	0.55339805825242716	0.97660818713450293
33	EC_L3	309	252	hit_native_level_logit	172	168	0.55663430420711979	0.97674418604651159
33	EC_L3	309	252	hit_native_level_logit	173	169	0.55987055016181231	0.97687861271676302
33	EC_L3	309	252	hit_native_level_logit	174	170	0.56310679611650483	0.97701149425287359
33	EC_L3	309	252	hit_native_level_logit	175	171	0.56634304207119746	0.97714285714285709
33	EC_L3	309	252	hit_native_level_logit	176	172	0.56957928802588997	0.97727272727272729
33	EC_L3	309	252	hit_native_level_logit	177	172	0.57281553398058249	0.97175141242937857
33	EC_L3	309	252	hit_native_level_logit	178	173	0.57605177993527512	0.9719101123595506
33	EC_L3	309	252	hit_native_level_logit	179	174	0.57928802588996764	0.97206703910614523
33	EC_L3	309	252	hit_native_level_logit	180	175	0.58252427184466016	0.97222222222222221
33	EC_L3	309	252	hit_native_level_logit	181	176	0.58576051779935279	0.97237569060773477
33	EC_L3	309	252	hit_native_level_logit	182	177	0.5889967637540453	0.97252747252747251
33	EC_L3	309	252	hit_native_level_logit	183	178	0.59223300970873782	0.97267759562841527
33	EC_L3	309	252	hit_native_level_logit	184	179	0.59546925566343045	0.97282608695652173
33	EC_L3	309	252	hit_native_level_logit	185	180	0.59870550161812297	0.97297297297297303
33	EC_L3	309	252	hit_native_level_logit	186	181	0.60194174757281549	0.9731182795698925
33	EC_L3	309	252	hit_native_level_logit	187	182	0.60517799352750812	0.9732620320855615
33	EC_L3	309	252	hit_native_level_logit	188	183	0.60841423948220064	0.97340425531914898
33	EC_L3	309	252	hit_native_level_logit	189	184	0.61165048543689315	0.97354497354497349
33	EC_L3	309	252	hit_native_level_logit	190	185	0.61488673139158578	0.97368421052631582
33	EC_L3	309	252	hit_native_level_logit	191	186	0.6181229773462783	0.97382198952879584
33	EC_L3	309	252	hit_native_level_logit	192	187	0.62135922330097082	0.97395833333333337
33	EC_L3	309	252	hit_native_level_logit	193	188	0.62459546925566345	0.97409326424870468
33	EC_L3	309	252	hit_native_level_logit	194	189	0.62783171521035597	0.97422680412371132
33	EC_L3	309	252	hit_native_level_logit	195	190	0.6310679611650486	0.97435897435897434
33	EC_L3	309	252	hit_native_level_logit	196	191	0.63430420711974111	0.97448979591836737
33	EC_L3	309	252	hit_native_level_logit	197	192	0.63754045307443363	0.97461928934010156
33	EC_L3	309	252	hit_native_level_logit	198	192	0.64077669902912626	0.96969696969696972
33	EC_L3	309	252	hit_native_level_logit	199	193	0.64401294498381878	0.96984924623115576
33	EC_L3	309	252	hit_native_level_logit	200	194	0.6472491909385113	0.96999999999999997
33	EC_L3	309	252	hit_native_level_logit	201	195	0.65048543689320393	0.97014925373134331
33	EC_L3	309	252	hit_native_level_logit	202	196	0.65372168284789645	0.97029702970297027
33	EC_L3	309	252	hit_native_level_logit	203	197	0.65695792880258896	0.97044334975369462
33	EC_L3	309	252	hit_native_level_logit	204	198	0.66019417475728159	0.97058823529411764
33	EC_L3	309	252	hit_native_level_logit	205	199	0.66343042071197411	0.97073170731707314
33	EC_L3	309	252	hit_native_level_logit	206	200	0.66666666666666663	0.970873786407767
33	EC_L3	309	252	hit_native_level_logit	207	201	0.66990291262135926	0.97101449275362317
33	EC_L3	309	252	hit_native_level_logit	208	201	0.67313915857605178	0.96634615384615385
33	EC_L3	309	252	hit_native_level_logit	209	202	0.6763754045307443	0.96650717703349287
33	EC_L3	309	252	hit_native_level_logit	210	203	0.67961165048543692	0.96666666666666667
33	EC_L3	309	252	hit_native_level_logit	211	204	0.68284789644012944	0.96682464454976302
33	EC_L3	309	252	hit_native_level_logit	212	205	0.68608414239482196	0.96698113207547165
33	EC_L3	309	252	hit_native_level_logit	213	206	0.68932038834951459	0.96713615023474175
33	EC_L3	309	252	hit_native_level_logit	214	207	0.69255663430420711	0.96728971962616828
33	EC_L3	309	252	hit_native_level_logit	215	208	0.69579288025889963	0.96744186046511627
33	EC_L3	309	252	hit_native_level_logit	216	209	0.69902912621359226	0.96759259259259256
33	EC_L3	309	252	hit_native_level_logit	217	210	0.70226537216828477	0.967741935483871
33	EC_L3	309	252	hit_native_level_logit	218	211	0.70550161812297729	0.9678899082568807
33	EC_L3	309	252	hit_native_level_logit	219	212	0.70873786407766992	0.96803652968036524
33	EC_L3	309	252	hit_native_level_logit	220	213	0.71197411003236244	0.96818181818181814
33	EC_L3	309	252	hit_native_level_logit	221	214	0.71521035598705507	0.96832579185520362
33	EC_L3	309	252	hit_native_level_logit	222	215	0.71844660194174759	0.96846846846846846
33	EC_L3	309	252	hit_native_level_logit	223	216	0.72168284789644011	0.96860986547085204
33	EC_L3	309	252	hit_native_level_logit	224	217	0.72491909385113273	0.96875
33	EC_L3	309	252	hit_native_level_logit	225	218	0.72815533980582525	0.96888888888888891
33	EC_L3	309	252	hit_native_level_logit	226	219	0.73139158576051777	0.96902654867256632
33	EC_L3	309	252	hit_native_level_logit	227	220	0.7346278317152104	0.96916299559471364
33	EC_L3	309	252	hit_native_level_logit	228	221	0.73786407766990292	0.9692982456140351
33	EC_L3	309	252	hit_native_level_logit	229	222	0.74110032362459544	0.96943231441048039
33	EC_L3	309	252	hit_native_level_logit	230	223	0.74433656957928807	0.9695652173913043
33	EC_L3	309	252	hit_native_level_logit	231	224	0.74757281553398058	0.96969696969696972
33	EC_L3	309	252	hit_native_level_logit	232	225	0.7508090614886731	0.96982758620689657
33	EC_L3	309	252	hit_native_level_logit	233	226	0.75404530744336573	0.96995708154506433
33	EC_L3	309	252	hit_native_level_logit	234	227	0.75728155339805825	0.97008547008547008
33	EC_L3	309	252	hit_native_level_logit	235	228	0.76051779935275077	0.97021276595744677
33	EC_L3	309	252	hit_native_level_logit	236	229	0.7637540453074434	0.97033898305084743
33	EC_L3	309	252	hit_native_level_logit	237	230	0.76699029126213591	0.97046413502109707
33	EC_L3	309	252	hit_native_level_logit	238	231	0.77022653721682843	0.97058823529411764
33	EC_L3	309	252	hit_native_level_logit	239	232	0.77346278317152106	0.97071129707112969
33	EC_L3	309	252	hit_native_level_logit	240	233	0.77669902912621358	0.97083333333333333
33	EC_L3	309	252	hit_native_level_logit	241	234	0.7799352750809061	0.97095435684647302
33	EC_L3	309	252	hit_native_level_logit	242	235	0.78317152103559873	0.97107438016528924
33	EC_L3	309	252	hit_native_level_logit	243	236	0.78640776699029125	0.9711934156378601
33	EC_L3	309	252	hit_native_level_logit	244	236	0.78964401294498376	0.96721311475409832
33	EC_L3	309	252	hit_native_level_logit	245	237	0.79288025889967639	0.96734693877551026
33	EC_L3	309	252	hit_native_level_logit	246	238	0.79611650485436891	0.96747967479674801
33	EC_L3	309	252	hit_native_level_logit	247	239	0.79935275080906154	0.96761133603238869
33	EC_L3	309	252	hit_native_level_logit	248	240	0.80258899676375406	0.967741935483871
33	EC_L3	309	252	hit_native_level_logit	249	241	0.80582524271844658	0.96787148594377514
33	EC_L3	309	252	hit_native_level_logit	250	242	0.80906148867313921	0.96799999999999997
33	EC_L3	309	252	hit_native_level_logit	251	243	0.81229773462783172	0.96812749003984067
33	EC_L3	309	252	hit_native_level_logit	252	244	0.81553398058252424	0.96825396825396826
33	EC_L3	309	252	hit_native_level_logit	253	245	0.81877022653721687	0.96837944664031617
33	EC_L3	309	252	hit_native_level_logit	254	246	0.82200647249190939	0.96850393700787396
33	EC_L3	309	252	hit_native_level_logit	255	247	0.82524271844660191	0.96862745098039216
33	EC_L3	309	252	hit_native_level_logit	256	248	0.82847896440129454	0.96875
33	EC_L3	309	252	hit_native_level_logit	257	249	0.83171521035598706	0.9688715953307393
33	EC_L3	309	252	hit_native_level_logit	258	250	0.83495145631067957	0.96899224806201545
33	EC_L3	309	252	hit_native_level_logit	259	251	0.8381877022653722	0.96911196911196906
33	EC_L3	309	252	hit_native_level_logit	260	252	0.84142394822006472	0.96923076923076923
33	EC_L3	309	252	hit_native_level_logit	261	253	0.84466019417475724	0.96934865900383138
33	EC_L3	309	252	hit_native_level_logit	262	254	0.84789644012944987	0.96946564885496178
33	EC_L3	309	252	hit_native_level_logit	263	255	0.85113268608414239	0.96958174904942962
33	EC_L3	309	252	hit_native_level_logit	264	256	0.85436893203883491	0.96969696969696972
33	EC_L3	309	252	hit_native_level_logit	265	257	0.85760517799352753	0.96981132075471699
33	EC_L3	309	252	hit_native_level_logit	266	258	0.86084142394822005	0.96992481203007519
33	EC_L3	309	252	hit_native_level_logit	267	259	0.86407766990291257	0.97003745318352064
33	EC_L3	309	252	hit_native_level_logit	268	260	0.8673139158576052	0.97014925373134331
33	EC_L3	309	252	hit_native_level_logit	269	261	0.87055016181229772	0.97026022304832715
33	EC_L3	309	252	hit_native_level_logit	270	262	0.87378640776699024	0.97037037037037033
33	EC_L3	309	252	hit_native_level_logit	271	263	0.87702265372168287	0.97047970479704793
33	EC_L3	309	252	hit_native_level_logit	272	264	0.88025889967637538	0.97058823529411764
33	EC_L3	309	252	hit_native_level_logit	273	265	0.88349514563106801	0.97069597069597069
33	EC_L3	309	252	hit_native_level_logit	274	266	0.88673139158576053	0.97080291970802923
33	EC_L3	309	252	hit_native_level_logit	275	267	0.88996763754045305	0.97090909090909094
33	EC_L3	309	252	hit_native_level_logit	276	268	0.89320388349514568	0.97101449275362317
33	EC_L3	309	252	hit_native_level_logit	277	269	0.8964401294498382	0.97111913357400725
33	EC_L3	309	252	hit_native_level_logit	278	269	0.89967637540453071	0.96762589928057552
33	EC_L3	309	252	hit_native_level_logit	279	270	0.90291262135922334	0.967741935483871
33	EC_L3	309	252	hit_native_level_logit	280	270	0.90614886731391586	0.9642857142857143
33	EC_L3	309	252	hit_native_level_logit	281	271	0.90938511326860838	0.96441281138790036
33	EC_L3	309	252	hit_native_level_logit	282	272	0.91262135922330101	0.96453900709219853
33	EC_L3	309	252	hit_native_level_logit	283	273	0.91585760517799353	0.96466431095406358
33	EC_L3	309	252	hit_native_level_logit	284	274	0.91909385113268605	0.96478873239436624
33	EC_L3	309	252	hit_native_level_logit	285	275	0.92233009708737868	0.96491228070175439
33	EC_L3	309	252	hit_native_level_logit	286	275	0.92556634304207119	0.96153846153846156
33	EC_L3	309	252	hit_native_level_logit	287	275	0.92880258899676371	0.95818815331010454
33	EC_L3	309	252	hit_native_level_logit	288	275	0.93203883495145634	0.95486111111111116
33	EC_L3	309	252	hit_native_level_logit	289	276	0.93527508090614886	0.95501730103806226
33	EC_L3	309	252	hit_native_level_logit	290	276	0.93851132686084138	0.9517241379310345
33	EC_L3	309	252	hit_native_level_logit	291	277	0.94174757281553401	0.95189003436426112
33	EC_L3	309	252	hit_native_level_logit	292	277	0.94498381877022652	0.94863013698630139
33	EC_L3	309	252	hit_native_level_logit	293	277	0.94822006472491904	0.94539249146757676
33	EC_L3	309	252	hit_native_level_logit	294	277	0.95145631067961167	0.94217687074829937
33	EC_L3	309	252	hit_native_level_logit	295	277	0.95469255663430419	0.93898305084745759
33	EC_L3	309	252	hit_native_level_logit	296	277	0.95792880258899671	0.93581081081081086
33	EC_L3	309	252	hit_native_level_logit	297	277	0.96116504854368934	0.93265993265993263
33	EC_L3	309	252	hit_native_level_logit	298	277	0.96440129449838186	0.92953020134228193
33	EC_L3	309	252	hit_native_level_logit	299	277	0.96763754045307449	0.9264214046822743
33	EC_L3	309	252	hit_native_level_logit	300	277	0.970873786407767	0.92333333333333334
33	EC_L3	309	252	hit_native_level_logit	301	277	0.97411003236245952	0.92026578073089704
33	EC_L3	309	252	hit_native_level_logit	302	277	0.97734627831715215	0.91721854304635764
33	EC_L3	309	252	hit_native_level_logit	303	277	0.98058252427184467	0.91419141914191415
33	EC_L3	309	252	hit_native_level_logit	304	277	0.98381877022653719	0.91118421052631582
33	EC_L3	309	252	hit_native_level_logit	305	277	0.98705501618122982	0.90819672131147544
33	EC_L3	309	252	hit_native_level_logit	306	277	0.99029126213592233	0.90522875816993464
33	EC_L3	309	252	hit_native_level_logit	307	277	0.99352750809061485	0.90228013029315957
33	EC_L3	309	252	hit_native_level_logit	308	277	0.99676375404530748	0.89935064935064934
33	EC_L3	309	252	hit_native_level_logit	309	277	1	0.8964401294498382
33	EC_L4	304	247	judge	1	1	0.0032894736842105261	1
33	EC_L4	304	247	judge	2	2	0.0065789473684210523	1
33	EC_L4	304	247	judge	3	3	0.0098684210526315784	1
33	EC_L4	304	247	judge	4	4	0.013157894736842105	1
33	EC_L4	304	247	judge	5	5	0.016447368421052631	1
33	EC_L4	304	247	judge	6	6	0.019736842105263157	1
33	EC_L4	304	247	judge	7	7	0.023026315789473683	1
33	EC_L4	304	247	judge	8	8	0.026315789473684209	1
33	EC_L4	304	247	judge	9	9	0.029605263157894735	1
33	EC_L4	304	247	judge	10	10	0.032894736842105261	1
33	EC_L4	304	247	judge	11	11	0.036184210526315791	1
33	EC_L4	304	247	judge	12	12	0.039473684210526314	1
33	EC_L4	304	247	judge	13	13	0.042763157894736843	1
33	EC_L4	304	247	judge	14	14	0.046052631578947366	1
33	EC_L4	304	247	judge	15	15	0.049342105263157895	1
33	EC_L4	304	247	judge	16	16	0.052631578947368418	1
33	EC_L4	304	247	judge	17	17	0.055921052631578948	1
33	EC_L4	304	247	judge	18	18	0.05921052631578947	1
33	EC_L4	304	247	judge	19	19	0.0625	1
33	EC_L4	304	247	judge	20	20	0.065789473684210523	1
33	EC_L4	304	247	judge	21	21	0.069078947368421059	1
33	EC_L4	304	247	judge	22	22	0.072368421052631582	1
33	EC_L4	304	247	judge	23	23	0.075657894736842105	1
33	EC_L4	304	247	judge	24	24	0.078947368421052627	1
33	EC_L4	304	247	judge	25	25	0.082236842105263164	1
33	EC_L4	304	247	judge	26	26	0.085526315789473686	1
33	EC_L4	304	247	judge	27	27	0.088815789473684209	1
33	EC_L4	304	247	judge	28	28	0.092105263157894732	1
33	EC_L4	304	247	judge	29	29	0.095394736842105268	1
33	EC_L4	304	247	judge	30	30	0.098684210526315791	1
33	EC_L4	304	247	judge	31	31	0.10197368421052631	1
33	EC_L4	304	247	judge	32	32	0.10526315789473684	1
33	EC_L4	304	247	judge	33	33	0.10855263157894737	1
33	EC_L4	304	247	judge	34	34	0.1118421052631579	1
33	EC_L4	304	247	judge	35	35	0.11513157894736842	1
33	EC_L4	304	247	judge	36	36	0.11842105263157894	1
33	EC_L4	304	247	judge	37	37	0.12171052631578948	1
33	EC_L4	304	247	judge	38	38	0.125	1
33	EC_L4	304	247	judge	39	38	0.12828947368421054	0.97435897435897434
33	EC_L4	304	247	judge	40	39	0.13157894736842105	0.97499999999999998
33	EC_L4	304	247	judge	41	40	0.13486842105263158	0.97560975609756095
33	EC_L4	304	247	judge	42	41	0.13815789473684212	0.97619047619047616
33	EC_L4	304	247	judge	43	42	0.14144736842105263	0.97674418604651159
33	EC_L4	304	247	judge	44	43	0.14473684210526316	0.97727272727272729
33	EC_L4	304	247	judge	45	44	0.14802631578947367	0.97777777777777775
33	EC_L4	304	247	judge	46	45	0.15131578947368421	0.97826086956521741
33	EC_L4	304	247	judge	47	46	0.15460526315789475	0.97872340425531912
33	EC_L4	304	247	judge	48	47	0.15789473684210525	0.97916666666666663
33	EC_L4	304	247	judge	49	48	0.16118421052631579	0.97959183673469385
33	EC_L4	304	247	judge	50	49	0.16447368421052633	0.97999999999999998
33	EC_L4	304	247	judge	51	50	0.16776315789473684	0.98039215686274506
33	EC_L4	304	247	judge	52	51	0.17105263157894737	0.98076923076923073
33	EC_L4	304	247	judge	53	52	0.17434210526315788	0.98113207547169812
33	EC_L4	304	247	judge	54	52	0.17763157894736842	0.96296296296296291
33	EC_L4	304	247	judge	55	53	0.18092105263157895	0.96363636363636362
33	EC_L4	304	247	judge	56	54	0.18421052631578946	0.9642857142857143
33	EC_L4	304	247	judge	57	55	0.1875	0.96491228070175439
33	EC_L4	304	247	judge	58	56	0.19078947368421054	0.96551724137931039
33	EC_L4	304	247	judge	59	57	0.19407894736842105	0.96610169491525422
33	EC_L4	304	247	judge	60	57	0.19736842105263158	0.94999999999999996
33	EC_L4	304	247	judge	61	57	0.20065789473684212	0.93442622950819676
33	EC_L4	304	247	judge	62	58	0.20394736842105263	0.93548387096774188
33	EC_L4	304	247	judge	63	59	0.20723684210526316	0.93650793650793651
33	EC_L4	304	247	judge	64	60	0.21052631578947367	0.9375
33	EC_L4	304	247	judge	65	61	0.21381578947368421	0.93846153846153846
33	EC_L4	304	247	judge	66	62	0.21710526315789475	0.93939393939393945
33	EC_L4	304	247	judge	67	63	0.22039473684210525	0.94029850746268662
33	EC_L4	304	247	judge	68	64	0.22368421052631579	0.94117647058823528
33	EC_L4	304	247	judge	69	65	0.22697368421052633	0.94202898550724634
33	EC_L4	304	247	judge	70	66	0.23026315789473684	0.94285714285714284
33	EC_L4	304	247	judge	71	67	0.23355263157894737	0.94366197183098588
33	EC_L4	304	247	judge	72	68	0.23684210526315788	0.94444444444444442
33	EC_L4	304	247	judge	73	69	0.24013157894736842	0.9452054794520548
33	EC_L4	304	247	judge	74	70	0.24342105263157895	0.94594594594594594
33	EC_L4	304	247	judge	75	71	0.24671052631578946	0.94666666666666666
33	EC_L4	304	247	judge	76	72	0.25	0.94736842105263153
33	EC_L4	304	247	judge	77	73	0.25328947368421051	0.94805194805194803
33	EC_L4	304	247	judge	78	74	0.25657894736842107	0.94871794871794868
33	EC_L4	304	247	judge	79	75	0.25986842105263158	0.94936708860759489
33	EC_L4	304	247	judge	80	76	0.26315789473684209	0.94999999999999996
33	EC_L4	304	247	judge	81	77	0.26644736842105265	0.95061728395061729
33	EC_L4	304	247	judge	82	78	0.26973684210526316	0.95121951219512191
33	EC_L4	304	247	judge	83	79	0.27302631578947367	0.95180722891566261
33	EC_L4	304	247	judge	84	80	0.27631578947368424	0.95238095238095233
33	EC_L4	304	247	judge	85	81	0.27960526315789475	0.95294117647058818
33	EC_L4	304	247	judge	86	82	0.28289473684210525	0.95348837209302328
33	EC_L4	304	247	judge	87	83	0.28618421052631576	0.95402298850574707
33	EC_L4	304	247	judge	88	84	0.28947368421052633	0.95454545454545459
33	EC_L4	304	247	judge	89	85	0.29276315789473684	0.9550561797752809
33	EC_L4	304	247	judge	90	86	0.29605263157894735	0.9555555555555556
33	EC_L4	304	247	judge	91	87	0.29934210526315791	0.95604395604395609
33	EC_L4	304	247	judge	92	88	0.30263157894736842	0.95652173913043481
33	EC_L4	304	247	judge	93	89	0.30592105263157893	0.956989247311828
33	EC_L4	304	247	judge	94	90	0.30921052631578949	0.95744680851063835
33	EC_L4	304	247	judge	95	91	0.3125	0.95789473684210524
33	EC_L4	304	247	judge	96	92	0.31578947368421051	0.95833333333333337
33	EC_L4	304	247	judge	97	93	0.31907894736842107	0.95876288659793818
33	EC_L4	304	247	judge	98	94	0.32236842105263158	0.95918367346938771
33	EC_L4	304	247	judge	99	95	0.32565789473684209	0.95959595959595956
33	EC_L4	304	247	judge	100	96	0.32894736842105265	0.95999999999999996
33	EC_L4	304	247	judge	101	97	0.33223684210526316	0.96039603960396036
33	EC_L4	304	247	judge	102	98	0.33552631578947367	0.96078431372549022
33	EC_L4	304	247	judge	103	99	0.33881578947368424	0.96116504854368934
33	EC_L4	304	247	judge	104	100	0.34210526315789475	0.96153846153846156
33	EC_L4	304	247	judge	105	101	0.34539473684210525	0.96190476190476193
33	EC_L4	304	247	judge	106	102	0.34868421052631576	0.96226415094339623
33	EC_L4	304	247	judge	107	103	0.35197368421052633	0.96261682242990654
33	EC_L4	304	247	judge	108	104	0.35526315789473684	0.96296296296296291
33	EC_L4	304	247	judge	109	105	0.35855263157894735	0.96330275229357798
33	EC_L4	304	247	judge	110	106	0.36184210526315791	0.96363636363636362
33	EC_L4	304	247	judge	111	107	0.36513157894736842	0.963963963963964
33	EC_L4	304	247	judge	112	108	0.36842105263157893	0.9642857142857143
33	EC_L4	304	247	judge	113	109	0.37171052631578949	0.96460176991150437
33	EC_L4	304	247	judge	114	109	0.375	0.95614035087719296
33	EC_L4	304	247	judge	115	110	0.37828947368421051	0.95652173913043481
33	EC_L4	304	247	judge	116	111	0.38157894736842107	0.9568965517241379
33	EC_L4	304	247	judge	117	112	0.38486842105263158	0.95726495726495731
33	EC_L4	304	247	judge	118	113	0.38815789473684209	0.9576271186440678
33	EC_L4	304	247	judge	119	114	0.39144736842105265	0.95798319327731096
33	EC_L4	304	247	judge	120	115	0.39473684210526316	0.95833333333333337
33	EC_L4	304	247	judge	121	116	0.39802631578947367	0.95867768595041325
33	EC_L4	304	247	judge	122	117	0.40131578947368424	0.95901639344262291
33	EC_L4	304	247	judge	123	118	0.40460526315789475	0.95934959349593496
33	EC_L4	304	247	judge	124	119	0.40789473684210525	0.95967741935483875
33	EC_L4	304	247	judge	125	120	0.41118421052631576	0.95999999999999996
33	EC_L4	304	247	judge	126	121	0.41447368421052633	0.96031746031746035
33	EC_L4	304	247	judge	127	122	0.41776315789473684	0.96062992125984248
33	EC_L4	304	247	judge	128	123	0.42105263157894735	0.9609375
33	EC_L4	304	247	judge	129	124	0.42434210526315791	0.96124031007751942
33	EC_L4	304	247	judge	130	125	0.42763157894736842	0.96153846153846156
33	EC_L4	304	247	judge	131	125	0.43092105263157893	0.95419847328244278
33	EC_L4	304	247	judge	132	126	0.43421052631578949	0.95454545454545459
33	EC_L4	304	247	judge	133	127	0.4375	0.95488721804511278
33	EC_L4	304	247	judge	134	128	0.44078947368421051	0.95522388059701491
33	EC_L4	304	247	judge	135	129	0.44407894736842107	0.9555555555555556
33	EC_L4	304	247	judge	136	130	0.44736842105263158	0.95588235294117652
33	EC_L4	304	247	judge	137	131	0.45065789473684209	0.95620437956204385
33	EC_L4	304	247	judge	138	132	0.45394736842105265	0.95652173913043481
33	EC_L4	304	247	judge	139	133	0.45723684210526316	0.95683453237410077
33	EC_L4	304	247	judge	140	134	0.46052631578947367	0.95714285714285718
33	EC_L4	304	247	judge	141	135	0.46381578947368424	0.95744680851063835
33	EC_L4	304	247	judge	142	136	0.46710526315789475	0.95774647887323938
33	EC_L4	304	247	judge	143	137	0.47039473684210525	0.95804195804195802
33	EC_L4	304	247	judge	144	138	0.47368421052631576	0.95833333333333337
33	EC_L4	304	247	judge	145	139	0.47697368421052633	0.95862068965517244
33	EC_L4	304	247	judge	146	140	0.48026315789473684	0.95890410958904104
33	EC_L4	304	247	judge	147	141	0.48355263157894735	0.95918367346938771
33	EC_L4	304	247	judge	148	142	0.48684210526315791	0.95945945945945943
33	EC_L4	304	247	judge	149	143	0.49013157894736842	0.95973154362416102
33	EC_L4	304	247	judge	150	144	0.49342105263157893	0.95999999999999996
33	EC_L4	304	247	judge	151	145	0.49671052631578949	0.96026490066225167
33	EC_L4	304	247	judge	152	146	0.5	0.96052631578947367
33	EC_L4	304	247	judge	153	147	0.50328947368421051	0.96078431372549022
33	EC_L4	304	247	judge	154	148	0.50657894736842102	0.96103896103896103
33	EC_L4	304	247	judge	155	149	0.50986842105263153	0.96129032258064517
33	EC_L4	304	247	judge	156	150	0.51315789473684215	0.96153846153846156
33	EC_L4	304	247	judge	157	151	0.51644736842105265	0.96178343949044587
33	EC_L4	304	247	judge	158	152	0.51973684210526316	0.96202531645569622
33	EC_L4	304	247	judge	159	153	0.52302631578947367	0.96226415094339623
33	EC_L4	304	247	judge	160	154	0.52631578947368418	0.96250000000000002
33	EC_L4	304	247	judge	161	155	0.52960526315789469	0.96273291925465843
33	EC_L4	304	247	judge	162	156	0.53289473684210531	0.96296296296296291
33	EC_L4	304	247	judge	163	157	0.53618421052631582	0.96319018404907975
33	EC_L4	304	247	judge	164	158	0.53947368421052633	0.96341463414634143
33	EC_L4	304	247	judge	165	159	0.54276315789473684	0.96363636363636362
33	EC_L4	304	247	judge	166	160	0.54605263157894735	0.96385542168674698
33	EC_L4	304	247	judge	167	161	0.54934210526315785	0.9640718562874252
33	EC_L4	304	247	judge	168	162	0.55263157894736847	0.9642857142857143
33	EC_L4	304	247	judge	169	163	0.55592105263157898	0.96449704142011838
33	EC_L4	304	247	judge	170	164	0.55921052631578949	0.96470588235294119
33	EC_L4	304	247	judge	171	165	0.5625	0.96491228070175439
33	EC_L4	304	247	judge	172	166	0.56578947368421051	0.96511627906976749
33	EC_L4	304	247	judge	173	166	0.56907894736842102	0.95953757225433522
33	EC_L4	304	247	judge	174	167	0.57236842105263153	0.95977011494252873
33	EC_L4	304	247	judge	175	168	0.57565789473684215	0.95999999999999996
33	EC_L4	304	247	judge	176	169	0.57894736842105265	0.96022727272727271
33	EC_L4	304	247	judge	177	170	0.58223684210526316	0.96045197740112997
33	EC_L4	304	247	judge	178	171	0.58552631578947367	0.9606741573033708
33	EC_L4	304	247	judge	179	172	0.58881578947368418	0.96089385474860334
33	EC_L4	304	247	judge	180	173	0.59210526315789469	0.96111111111111114
33	EC_L4	304	247	judge	181	174	0.59539473684210531	0.96132596685082872
33	EC_L4	304	247	judge	182	175	0.59868421052631582	0.96153846153846156
33	EC_L4	304	247	judge	183	176	0.60197368421052633	0.96174863387978138
33	EC_L4	304	247	judge	184	177	0.60526315789473684	0.96195652173913049
33	EC_L4	304	247	judge	185	178	0.60855263157894735	0.96216216216216222
33	EC_L4	304	247	judge	186	179	0.61184210526315785	0.9623655913978495
33	EC_L4	304	247	judge	187	180	0.61513157894736847	0.96256684491978606
33	EC_L4	304	247	judge	188	181	0.61842105263157898	0.96276595744680848
33	EC_L4	304	247	judge	189	182	0.62171052631578949	0.96296296296296291
33	EC_L4	304	247	judge	190	183	0.625	0.9631578947368421
33	EC_L4	304	247	judge	191	184	0.62828947368421051	0.96335078534031415
33	EC_L4	304	247	judge	192	185	0.63157894736842102	0.96354166666666663
33	EC_L4	304	247	judge	193	186	0.63486842105263153	0.96373056994818651
33	EC_L4	304	247	judge	194	187	0.63815789473684215	0.96391752577319589
33	EC_L4	304	247	judge	195	188	0.64144736842105265	0.96410256410256412
33	EC_L4	304	247	judge	196	189	0.64473684210526316	0.9642857142857143
33	EC_L4	304	247	judge	197	189	0.64802631578947367	0.95939086294416243
33	EC_L4	304	247	judge	198	190	0.65131578947368418	0.95959595959595956
33	EC_L4	304	247	judge	199	191	0.65460526315789469	0.95979899497487442
33	EC_L4	304	247	judge	200	192	0.65789473684210531	0.95999999999999996
33	EC_L4	304	247	judge	201	193	0.66118421052631582	0.96019900497512434
33	EC_L4	304	247	judge	202	194	0.66447368421052633	0.96039603960396036
33	EC_L4	304	247	judge	203	195	0.66776315789473684	0.96059113300492616
33	EC_L4	304	247	judge	204	196	0.67105263157894735	0.96078431372549022
33	EC_L4	304	247	judge	205	197	0.67434210526315785	0.96097560975609753
33	EC_L4	304	247	judge	206	198	0.67763157894736847	0.96116504854368934
33	EC_L4	304	247	judge	207	199	0.68092105263157898	0.96135265700483097
33	EC_L4	304	247	judge	208	200	0.68421052631578949	0.96153846153846156
33	EC_L4	304	247	judge	209	201	0.6875	0.96172248803827753
33	EC_L4	304	247	judge	210	202	0.69078947368421051	0.96190476190476193
33	EC_L4	304	247	judge	211	203	0.69407894736842102	0.96208530805687209
33	EC_L4	304	247	judge	212	204	0.69736842105263153	0.96226415094339623
33	EC_L4	304	247	judge	213	205	0.70065789473684215	0.96244131455399062
33	EC_L4	304	247	judge	214	206	0.70394736842105265	0.96261682242990654
33	EC_L4	304	247	judge	215	207	0.70723684210526316	0.96279069767441861
33	EC_L4	304	247	judge	216	208	0.71052631578947367	0.96296296296296291
33	EC_L4	304	247	judge	217	209	0.71381578947368418	0.96313364055299544
33	EC_L4	304	247	judge	218	210	0.71710526315789469	0.96330275229357798
33	EC_L4	304	247	judge	219	211	0.72039473684210531	0.9634703196347032
33	EC_L4	304	247	judge	220	212	0.72368421052631582	0.96363636363636362
33	EC_L4	304	247	judge	221	213	0.72697368421052633	0.96380090497737558
33	EC_L4	304	247	judge	222	214	0.73026315789473684	0.963963963963964
33	EC_L4	304	247	judge	223	215	0.73355263157894735	0.9641255605381166
33	EC_L4	304	247	judge	224	216	0.73684210526315785	0.9642857142857143
33	EC_L4	304	247	judge	225	217	0.74013157894736847	0.96444444444444444
33	EC_L4	304	247	judge	226	218	0.74342105263157898	0.96460176991150437
33	EC_L4	304	247	judge	227	219	0.74671052631578949	0.96475770925110127
33	EC_L4	304	247	judge	228	220	0.75	0.96491228070175439
33	EC_L4	304	247	judge	229	221	0.75328947368421051	0.96506550218340614
33	EC_L4	304	247	judge	230	222	0.75657894736842102	0.9652173913043478
33	EC_L4	304	247	judge	231	223	0.75986842105263153	0.96536796536796532
33	EC_L4	304	247	judge	232	224	0.76315789473684215	0.96551724137931039
33	EC_L4	304	247	judge	233	225	0.76644736842105265	0.96566523605150212
33	EC_L4	304	247	judge	234	226	0.76973684210526316	0.96581196581196582
33	EC_L4	304	247	judge	235	227	0.77302631578947367	0.96595744680851059
33	EC_L4	304	247	judge	236	228	0.77631578947368418	0.96610169491525422
33	EC_L4	304	247	judge	237	229	0.77960526315789469	0.96624472573839659
33	EC_L4	304	247	judge	238	230	0.78289473684210531	0.96638655462184875
33	EC_L4	304	247	judge	239	231	0.78618421052631582	0.96652719665271969
33	EC_L4	304	247	judge	240	232	0.78947368421052633	0.96666666666666667
33	EC_L4	304	247	judge	241	233	0.79276315789473684	0.96680497925311204
33	EC_L4	304	247	judge	242	234	0.79605263157894735	0.96694214876033058
33	EC_L4	304	247	judge	243	235	0.79934210526315785	0.96707818930041156
33	EC_L4	304	247	judge	244	236	0.80263157894736847	0.96721311475409832
33	EC_L4	304	247	judge	245	237	0.80592105263157898	0.96734693877551026
33	EC_L4	304	247	judge	246	238	0.80921052631578949	0.96747967479674801
33	EC_L4	304	247	judge	247	239	0.8125	0.96761133603238869
33	EC_L4	304	247	judge	248	240	0.81578947368421051	0.967741935483871
33	EC_L4	304	247	judge	249	241	0.81907894736842102	0.96787148594377514
33	EC_L4	304	247	judge	250	242	0.82236842105263153	0.96799999999999997
33	EC_L4	304	247	judge	251	243	0.82565789473684215	0.96812749003984067
33	EC_L4	304	247	judge	252	244	0.82894736842105265	0.96825396825396826
33	EC_L4	304	247	judge	253	244	0.83223684210526316	0.96442687747035571
33	EC_L4	304	247	judge	254	245	0.83552631578947367	0.96456692913385822
33	EC_L4	304	247	judge	255	246	0.83881578947368418	0.96470588235294119
33	EC_L4	304	247	judge	256	247	0.84210526315789469	0.96484375
33	EC_L4	304	247	judge	257	248	0.84539473684210531	0.96498054474708173
33	EC_L4	304	247	judge	258	249	0.84868421052631582	0.96511627906976749
33	EC_L4	304	247	judge	259	250	0.85197368421052633	0.96525096525096521
33	EC_L4	304	247	judge	260	251	0.85526315789473684	0.9653846153846154
33	EC_L4	304	247	judge	261	252	0.85855263157894735	0.96551724137931039
33	EC_L4	304	247	judge	262	253	0.86184210526315785	0.96564885496183206
33	EC_L4	304	247	judge	263	254	0.86513157894736847	0.96577946768060841
33	EC_L4	304	247	judge	264	255	0.86842105263157898	0.96590909090909094
33	EC_L4	304	247	judge	265	256	0.87171052631578949	0.96603773584905661
33	EC_L4	304	247	judge	266	257	0.875	0.96616541353383456
33	EC_L4	304	247	judge	267	258	0.87828947368421051	0.9662921348314607
33	EC_L4	304	247	judge	268	259	0.88157894736842102	0.96641791044776115
33	EC_L4	304	247	judge	269	259	0.88486842105263153	0.96282527881040891
33	EC_L4	304	247	judge	270	259	0.88815789473684215	0.95925925925925926
33	EC_L4	304	247	judge	271	260	0.89144736842105265	0.95940959409594095
33	EC_L4	304	247	judge	272	261	0.89473684210526316	0.9595588235294118
33	EC_L4	304	247	judge	273	262	0.89802631578947367	0.95970695970695974
33	EC_L4	304	247	judge	274	263	0.90131578947368418	0.95985401459854014
33	EC_L4	304	247	judge	275	264	0.90460526315789469	0.95999999999999996
33	EC_L4	304	247	judge	276	264	0.90789473684210531	0.95652173913043481
33	EC_L4	304	247	judge	277	265	0.91118421052631582	0.95667870036101088
33	EC_L4	304	247	judge	278	265	0.91447368421052633	0.9532374100719424
33	EC_L4	304	247	judge	279	266	0.91776315789473684	0.95340501792114696
33	EC_L4	304	247	judge	280	266	0.92105263157894735	0.94999999999999996
33	EC_L4	304	247	judge	281	266	0.92434210526315785	0.94661921708185048
33	EC_L4	304	247	judge	282	266	0.92763157894736847	0.94326241134751776
33	EC_L4	304	247	judge	283	266	0.93092105263157898	0.93992932862190814
33	EC_L4	304	247	judge	284	266	0.93421052631578949	0.93661971830985913
33	EC_L4	304	247	judge	285	266	0.9375	0.93333333333333335
33	EC_L4	304	247	judge	286	266	0.94078947368421051	0.93006993006993011
33	EC_L4	304	247	judge	287	266	0.94407894736842102	0.92682926829268297
33	EC_L4	304	247	judge	288	266	0.94736842105263153	0.92361111111111116
33	EC_L4	304	247	judge	289	266	0.95065789473684215	0.92041522491349481
33	EC_L4	304	247	judge	290	266	0.95394736842105265	0.91724137931034477
33	EC_L4	304	247	judge	291	266	0.95723684210526316	0.91408934707903777
33	EC_L4	304	247	judge	292	266	0.96052631578947367	0.91095890410958902
33	EC_L4	304	247	judge	293	266	0.96381578947368418	0.9078498293515358
33	EC_L4	304	247	judge	294	266	0.96710526315789469	0.90476190476190477
33	EC_L4	304	247	judge	295	266	0.97039473684210531	0.90169491525423728
33	EC_L4	304	247	judge	296	266	0.97368421052631582	0.89864864864864868
33	EC_L4	304	247	judge	297	266	0.97697368421052633	0.89562289562289565
33	EC_L4	304	247	judge	298	266	0.98026315789473684	0.89261744966442957
33	EC_L4	304	247	judge	299	266	0.98355263157894735	0.88963210702341133
33	EC_L4	304	247	judge	300	266	0.98684210526315785	0.88666666666666671
33	EC_L4	304	247	judge	301	266	0.99013157894736847	0.88372093023255816
33	EC_L4	304	247	judge	302	266	0.99342105263157898	0.88079470198675491
33	EC_L4	304	247	judge	303	266	0.99671052631578949	0.87788778877887785
33	EC_L4	304	247	judge	304	266	1	0.875
33	EC_L4	304	247	hit_ec4_logit	1	1	0.0032894736842105261	1
33	EC_L4	304	247	hit_ec4_logit	2	2	0.0065789473684210523	1
33	EC_L4	304	247	hit_ec4_logit	3	3	0.0098684210526315784	1
33	EC_L4	304	247	hit_ec4_logit	4	4	0.013157894736842105	1
33	EC_L4	304	247	hit_ec4_logit	5	5	0.016447368421052631	1
33	EC_L4	304	247	hit_ec4_logit	6	6	0.019736842105263157	1
33	EC_L4	304	247	hit_ec4_logit	7	7	0.023026315789473683	1
33	EC_L4	304	247	hit_ec4_logit	8	8	0.026315789473684209	1
33	EC_L4	304	247	hit_ec4_logit	9	9	0.029605263157894735	1
33	EC_L4	304	247	hit_ec4_logit	10	10	0.032894736842105261	1
33	EC_L4	304	247	hit_ec4_logit	11	11	0.036184210526315791	1
33	EC_L4	304	247	hit_ec4_logit	12	12	0.039473684210526314	1
33	EC_L4	304	247	hit_ec4_logit	13	13	0.042763157894736843	1
33	EC_L4	304	247	hit_ec4_logit	14	14	0.046052631578947366	1
33	EC_L4	304	247	hit_ec4_logit	15	15	0.049342105263157895	1
33	EC_L4	304	247	hit_ec4_logit	16	16	0.052631578947368418	1
33	EC_L4	304	247	hit_ec4_logit	17	17	0.055921052631578948	1
33	EC_L4	304	247	hit_ec4_logit	18	18	0.05921052631578947	1
33	EC_L4	304	247	hit_ec4_logit	19	19	0.0625	1
33	EC_L4	304	247	hit_ec4_logit	20	20	0.065789473684210523	1
33	EC_L4	304	247	hit_ec4_logit	21	21	0.069078947368421059	1
33	EC_L4	304	247	hit_ec4_logit	22	22	0.072368421052631582	1
33	EC_L4	304	247	hit_ec4_logit	23	23	0.075657894736842105	1
33	EC_L4	304	247	hit_ec4_logit	24	24	0.078947368421052627	1
33	EC_L4	304	247	hit_ec4_logit	25	25	0.082236842105263164	1
33	EC_L4	304	247	hit_ec4_logit	26	26	0.085526315789473686	1
33	EC_L4	304	247	hit_ec4_logit	27	27	0.088815789473684209	1
33	EC_L4	304	247	hit_ec4_logit	28	28	0.092105263157894732	1
33	EC_L4	304	247	hit_ec4_logit	29	29	0.095394736842105268	1
33	EC_L4	304	247	hit_ec4_logit	30	30	0.098684210526315791	1
33	EC_L4	304	247	hit_ec4_logit	31	31	0.10197368421052631	1
33	EC_L4	304	247	hit_ec4_logit	32	32	0.10526315789473684	1
33	EC_L4	304	247	hit_ec4_logit	33	33	0.10855263157894737	1
33	EC_L4	304	247	hit_ec4_logit	34	34	0.1118421052631579	1
33	EC_L4	304	247	hit_ec4_logit	35	35	0.11513157894736842	1
33	EC_L4	304	247	hit_ec4_logit	36	36	0.11842105263157894	1
33	EC_L4	304	247	hit_ec4_logit	37	37	0.12171052631578948	1
33	EC_L4	304	247	hit_ec4_logit	38	38	0.125	1
33	EC_L4	304	247	hit_ec4_logit	39	39	0.12828947368421054	1
33	EC_L4	304	247	hit_ec4_logit	40	40	0.13157894736842105	1
33	EC_L4	304	247	hit_ec4_logit	41	41	0.13486842105263158	1
33	EC_L4	304	247	hit_ec4_logit	42	42	0.13815789473684212	1
33	EC_L4	304	247	hit_ec4_logit	43	43	0.14144736842105263	1
33	EC_L4	304	247	hit_ec4_logit	44	44	0.14473684210526316	1
33	EC_L4	304	247	hit_ec4_logit	45	45	0.14802631578947367	1
33	EC_L4	304	247	hit_ec4_logit	46	46	0.15131578947368421	1
33	EC_L4	304	247	hit_ec4_logit	47	47	0.15460526315789475	1
33	EC_L4	304	247	hit_ec4_logit	48	48	0.15789473684210525	1
33	EC_L4	304	247	hit_ec4_logit	49	49	0.16118421052631579	1
33	EC_L4	304	247	hit_ec4_logit	50	50	0.16447368421052633	1
33	EC_L4	304	247	hit_ec4_logit	51	51	0.16776315789473684	1
33	EC_L4	304	247	hit_ec4_logit	52	52	0.17105263157894737	1
33	EC_L4	304	247	hit_ec4_logit	53	53	0.17434210526315788	1
33	EC_L4	304	247	hit_ec4_logit	54	54	0.17763157894736842	1
33	EC_L4	304	247	hit_ec4_logit	55	55	0.18092105263157895	1
33	EC_L4	304	247	hit_ec4_logit	56	56	0.18421052631578946	1
33	EC_L4	304	247	hit_ec4_logit	57	57	0.1875	1
33	EC_L4	304	247	hit_ec4_logit	58	58	0.19078947368421054	1
33	EC_L4	304	247	hit_ec4_logit	59	59	0.19407894736842105	1
33	EC_L4	304	247	hit_ec4_logit	60	60	0.19736842105263158	1
33	EC_L4	304	247	hit_ec4_logit	61	61	0.20065789473684212	1
33	EC_L4	304	247	hit_ec4_logit	62	62	0.20394736842105263	1
33	EC_L4	304	247	hit_ec4_logit	63	63	0.20723684210526316	1
33	EC_L4	304	247	hit_ec4_logit	64	64	0.21052631578947367	1
33	EC_L4	304	247	hit_ec4_logit	65	65	0.21381578947368421	1
33	EC_L4	304	247	hit_ec4_logit	66	66	0.21710526315789475	1
33	EC_L4	304	247	hit_ec4_logit	67	67	0.22039473684210525	1
33	EC_L4	304	247	hit_ec4_logit	68	68	0.22368421052631579	1
33	EC_L4	304	247	hit_ec4_logit	69	69	0.22697368421052633	1
33	EC_L4	304	247	hit_ec4_logit	70	70	0.23026315789473684	1
33	EC_L4	304	247	hit_ec4_logit	71	71	0.23355263157894737	1
33	EC_L4	304	247	hit_ec4_logit	72	72	0.23684210526315788	1
33	EC_L4	304	247	hit_ec4_logit	73	73	0.24013157894736842	1
33	EC_L4	304	247	hit_ec4_logit	74	74	0.24342105263157895	1
33	EC_L4	304	247	hit_ec4_logit	75	75	0.24671052631578946	1
33	EC_L4	304	247	hit_ec4_logit	76	76	0.25	1
33	EC_L4	304	247	hit_ec4_logit	77	77	0.25328947368421051	1
33	EC_L4	304	247	hit_ec4_logit	78	78	0.25657894736842107	1
33	EC_L4	304	247	hit_ec4_logit	79	78	0.25986842105263158	0.98734177215189878
33	EC_L4	304	247	hit_ec4_logit	80	79	0.26315789473684209	0.98750000000000004
33	EC_L4	304	247	hit_ec4_logit	81	80	0.26644736842105265	0.98765432098765427
33	EC_L4	304	247	hit_ec4_logit	82	81	0.26973684210526316	0.98780487804878048
33	EC_L4	304	247	hit_ec4_logit	83	82	0.27302631578947367	0.98795180722891562
33	EC_L4	304	247	hit_ec4_logit	84	83	0.27631578947368424	0.98809523809523814
33	EC_L4	304	247	hit_ec4_logit	85	84	0.27960526315789475	0.9882352941176471
33	EC_L4	304	247	hit_ec4_logit	86	85	0.28289473684210525	0.98837209302325579
33	EC_L4	304	247	hit_ec4_logit	87	86	0.28618421052631576	0.9885057471264368
33	EC_L4	304	247	hit_ec4_logit	88	87	0.28947368421052633	0.98863636363636365
33	EC_L4	304	247	hit_ec4_logit	89	88	0.29276315789473684	0.9887640449438202
33	EC_L4	304	247	hit_ec4_logit	90	89	0.29605263157894735	0.98888888888888893
33	EC_L4	304	247	hit_ec4_logit	91	90	0.29934210526315791	0.98901098901098905
33	EC_L4	304	247	hit_ec4_logit	92	91	0.30263157894736842	0.98913043478260865
33	EC_L4	304	247	hit_ec4_logit	93	92	0.30592105263157893	0.989247311827957
33	EC_L4	304	247	hit_ec4_logit	94	93	0.30921052631578949	0.98936170212765961
33	EC_L4	304	247	hit_ec4_logit	95	94	0.3125	0.98947368421052628
33	EC_L4	304	247	hit_ec4_logit	96	94	0.31578947368421051	0.97916666666666663
33	EC_L4	304	247	hit_ec4_logit	97	95	0.31907894736842107	0.97938144329896903
33	EC_L4	304	247	hit_ec4_logit	98	96	0.32236842105263158	0.97959183673469385
33	EC_L4	304	247	hit_ec4_logit	99	97	0.32565789473684209	0.97979797979797978
33	EC_L4	304	247	hit_ec4_logit	100	98	0.32894736842105265	0.97999999999999998
33	EC_L4	304	247	hit_ec4_logit	101	99	0.33223684210526316	0.98019801980198018
33	EC_L4	304	247	hit_ec4_logit	102	99	0.33552631578947367	0.97058823529411764
33	EC_L4	304	247	hit_ec4_logit	103	100	0.33881578947368424	0.970873786407767
33	EC_L4	304	247	hit_ec4_logit	104	101	0.34210526315789475	0.97115384615384615
33	EC_L4	304	247	hit_ec4_logit	105	102	0.34539473684210525	0.97142857142857142
33	EC_L4	304	247	hit_ec4_logit	106	103	0.34868421052631576	0.97169811320754718
33	EC_L4	304	247	hit_ec4_logit	107	104	0.35197368421052633	0.9719626168224299
33	EC_L4	304	247	hit_ec4_logit	108	105	0.35526315789473684	0.97222222222222221
33	EC_L4	304	247	hit_ec4_logit	109	106	0.35855263157894735	0.97247706422018354
33	EC_L4	304	247	hit_ec4_logit	110	107	0.36184210526315791	0.97272727272727277
33	EC_L4	304	247	hit_ec4_logit	111	108	0.36513157894736842	0.97297297297297303
33	EC_L4	304	247	hit_ec4_logit	112	109	0.36842105263157893	0.9732142857142857
33	EC_L4	304	247	hit_ec4_logit	113	110	0.37171052631578949	0.97345132743362828
33	EC_L4	304	247	hit_ec4_logit	114	110	0.375	0.96491228070175439
33	EC_L4	304	247	hit_ec4_logit	115	111	0.37828947368421051	0.9652173913043478
33	EC_L4	304	247	hit_ec4_logit	116	112	0.38157894736842107	0.96551724137931039
33	EC_L4	304	247	hit_ec4_logit	117	113	0.38486842105263158	0.96581196581196582
33	EC_L4	304	247	hit_ec4_logit	118	114	0.38815789473684209	0.96610169491525422
33	EC_L4	304	247	hit_ec4_logit	119	115	0.39144736842105265	0.96638655462184875
33	EC_L4	304	247	hit_ec4_logit	120	116	0.39473684210526316	0.96666666666666667
33	EC_L4	304	247	hit_ec4_logit	121	117	0.39802631578947367	0.96694214876033058
33	EC_L4	304	247	hit_ec4_logit	122	118	0.40131578947368424	0.96721311475409832
33	EC_L4	304	247	hit_ec4_logit	123	119	0.40460526315789475	0.96747967479674801
33	EC_L4	304	247	hit_ec4_logit	124	120	0.40789473684210525	0.967741935483871
33	EC_L4	304	247	hit_ec4_logit	125	121	0.41118421052631576	0.96799999999999997
33	EC_L4	304	247	hit_ec4_logit	126	122	0.41447368421052633	0.96825396825396826
33	EC_L4	304	247	hit_ec4_logit	127	123	0.41776315789473684	0.96850393700787396
33	EC_L4	304	247	hit_ec4_logit	128	124	0.42105263157894735	0.96875
33	EC_L4	304	247	hit_ec4_logit	129	125	0.42434210526315791	0.96899224806201545
33	EC_L4	304	247	hit_ec4_logit	130	126	0.42763157894736842	0.96923076923076923
33	EC_L4	304	247	hit_ec4_logit	131	127	0.43092105263157893	0.96946564885496178
33	EC_L4	304	247	hit_ec4_logit	132	128	0.43421052631578949	0.96969696969696972
33	EC_L4	304	247	hit_ec4_logit	133	129	0.4375	0.96992481203007519
33	EC_L4	304	247	hit_ec4_logit	134	130	0.44078947368421051	0.97014925373134331
33	EC_L4	304	247	hit_ec4_logit	135	131	0.44407894736842107	0.97037037037037033
33	EC_L4	304	247	hit_ec4_logit	136	132	0.44736842105263158	0.97058823529411764
33	EC_L4	304	247	hit_ec4_logit	137	133	0.45065789473684209	0.97080291970802923
33	EC_L4	304	247	hit_ec4_logit	138	134	0.45394736842105265	0.97101449275362317
33	EC_L4	304	247	hit_ec4_logit	139	135	0.45723684210526316	0.97122302158273377
33	EC_L4	304	247	hit_ec4_logit	140	136	0.46052631578947367	0.97142857142857142
33	EC_L4	304	247	hit_ec4_logit	141	137	0.46381578947368424	0.97163120567375882
33	EC_L4	304	247	hit_ec4_logit	142	138	0.46710526315789475	0.971830985915493
33	EC_L4	304	247	hit_ec4_logit	143	139	0.47039473684210525	0.97202797202797198
33	EC_L4	304	247	hit_ec4_logit	144	140	0.47368421052631576	0.97222222222222221
33	EC_L4	304	247	hit_ec4_logit	145	140	0.47697368421052633	0.96551724137931039
33	EC_L4	304	247	hit_ec4_logit	146	141	0.48026315789473684	0.96575342465753422
33	EC_L4	304	247	hit_ec4_logit	147	142	0.48355263157894735	0.96598639455782309
33	EC_L4	304	247	hit_ec4_logit	148	143	0.48684210526315791	0.96621621621621623
33	EC_L4	304	247	hit_ec4_logit	149	144	0.49013157894736842	0.96644295302013428
33	EC_L4	304	247	hit_ec4_logit	150	145	0.49342105263157893	0.96666666666666667
33	EC_L4	304	247	hit_ec4_logit	151	146	0.49671052631578949	0.9668874172185431
33	EC_L4	304	247	hit_ec4_logit	152	147	0.5	0.96710526315789469
33	EC_L4	304	247	hit_ec4_logit	153	148	0.50328947368421051	0.9673202614379085
33	EC_L4	304	247	hit_ec4_logit	154	149	0.50657894736842102	0.96753246753246758
33	EC_L4	304	247	hit_ec4_logit	155	150	0.50986842105263153	0.967741935483871
33	EC_L4	304	247	hit_ec4_logit	156	151	0.51315789473684215	0.96794871794871795
33	EC_L4	304	247	hit_ec4_logit	157	151	0.51644736842105265	0.96178343949044587
33	EC_L4	304	247	hit_ec4_logit	158	152	0.51973684210526316	0.96202531645569622
33	EC_L4	304	247	hit_ec4_logit	159	153	0.52302631578947367	0.96226415094339623
33	EC_L4	304	247	hit_ec4_logit	160	154	0.52631578947368418	0.96250000000000002
33	EC_L4	304	247	hit_ec4_logit	161	155	0.52960526315789469	0.96273291925465843
33	EC_L4	304	247	hit_ec4_logit	162	156	0.53289473684210531	0.96296296296296291
33	EC_L4	304	247	hit_ec4_logit	163	157	0.53618421052631582	0.96319018404907975
33	EC_L4	304	247	hit_ec4_logit	164	158	0.53947368421052633	0.96341463414634143
33	EC_L4	304	247	hit_ec4_logit	165	159	0.54276315789473684	0.96363636363636362
33	EC_L4	304	247	hit_ec4_logit	166	160	0.54605263157894735	0.96385542168674698
33	EC_L4	304	247	hit_ec4_logit	167	161	0.54934210526315785	0.9640718562874252
33	EC_L4	304	247	hit_ec4_logit	168	162	0.55263157894736847	0.9642857142857143
33	EC_L4	304	247	hit_ec4_logit	169	163	0.55592105263157898	0.96449704142011838
33	EC_L4	304	247	hit_ec4_logit	170	164	0.55921052631578949	0.96470588235294119
33	EC_L4	304	247	hit_ec4_logit	171	165	0.5625	0.96491228070175439
33	EC_L4	304	247	hit_ec4_logit	172	165	0.56578947368421051	0.95930232558139539
33	EC_L4	304	247	hit_ec4_logit	173	166	0.56907894736842102	0.95953757225433522
33	EC_L4	304	247	hit_ec4_logit	174	167	0.57236842105263153	0.95977011494252873
33	EC_L4	304	247	hit_ec4_logit	175	168	0.57565789473684215	0.95999999999999996
33	EC_L4	304	247	hit_ec4_logit	176	169	0.57894736842105265	0.96022727272727271
33	EC_L4	304	247	hit_ec4_logit	177	170	0.58223684210526316	0.96045197740112997
33	EC_L4	304	247	hit_ec4_logit	178	171	0.58552631578947367	0.9606741573033708
33	EC_L4	304	247	hit_ec4_logit	179	172	0.58881578947368418	0.96089385474860334
33	EC_L4	304	247	hit_ec4_logit	180	173	0.59210526315789469	0.96111111111111114
33	EC_L4	304	247	hit_ec4_logit	181	174	0.59539473684210531	0.96132596685082872
33	EC_L4	304	247	hit_ec4_logit	182	175	0.59868421052631582	0.96153846153846156
33	EC_L4	304	247	hit_ec4_logit	183	176	0.60197368421052633	0.96174863387978138
33	EC_L4	304	247	hit_ec4_logit	184	177	0.60526315789473684	0.96195652173913049
33	EC_L4	304	247	hit_ec4_logit	185	178	0.60855263157894735	0.96216216216216222
33	EC_L4	304	247	hit_ec4_logit	186	179	0.61184210526315785	0.9623655913978495
33	EC_L4	304	247	hit_ec4_logit	187	180	0.61513157894736847	0.96256684491978606
33	EC_L4	304	247	hit_ec4_logit	188	181	0.61842105263157898	0.96276595744680848
33	EC_L4	304	247	hit_ec4_logit	189	182	0.62171052631578949	0.96296296296296291
33	EC_L4	304	247	hit_ec4_logit	190	183	0.625	0.9631578947368421
33	EC_L4	304	247	hit_ec4_logit	191	184	0.62828947368421051	0.96335078534031415
33	EC_L4	304	247	hit_ec4_logit	192	185	0.63157894736842102	0.96354166666666663
33	EC_L4	304	247	hit_ec4_logit	193	186	0.63486842105263153	0.96373056994818651
33	EC_L4	304	247	hit_ec4_logit	194	187	0.63815789473684215	0.96391752577319589
33	EC_L4	304	247	hit_ec4_logit	195	188	0.64144736842105265	0.96410256410256412
33	EC_L4	304	247	hit_ec4_logit	196	189	0.64473684210526316	0.9642857142857143
33	EC_L4	304	247	hit_ec4_logit	197	190	0.64802631578947367	0.96446700507614214
33	EC_L4	304	247	hit_ec4_logit	198	191	0.65131578947368418	0.96464646464646464
33	EC_L4	304	247	hit_ec4_logit	199	192	0.65460526315789469	0.96482412060301503
33	EC_L4	304	247	hit_ec4_logit	200	193	0.65789473684210531	0.96499999999999997
33	EC_L4	304	247	hit_ec4_logit	201	194	0.66118421052631582	0.96517412935323388
33	EC_L4	304	247	hit_ec4_logit	202	195	0.66447368421052633	0.96534653465346532
33	EC_L4	304	247	hit_ec4_logit	203	196	0.66776315789473684	0.96551724137931039
33	EC_L4	304	247	hit_ec4_logit	204	197	0.67105263157894735	0.96568627450980393
33	EC_L4	304	247	hit_ec4_logit	205	198	0.67434210526315785	0.96585365853658534
33	EC_L4	304	247	hit_ec4_logit	206	199	0.67763157894736847	0.96601941747572817
33	EC_L4	304	247	hit_ec4_logit	207	200	0.68092105263157898	0.96618357487922701
33	EC_L4	304	247	hit_ec4_logit	208	201	0.68421052631578949	0.96634615384615385
33	EC_L4	304	247	hit_ec4_logit	209	202	0.6875	0.96650717703349287
33	EC_L4	304	247	hit_ec4_logit	210	203	0.69078947368421051	0.96666666666666667
33	EC_L4	304	247	hit_ec4_logit	211	204	0.69407894736842102	0.96682464454976302
33	EC_L4	304	247	hit_ec4_logit	212	205	0.69736842105263153	0.96698113207547165
33	EC_L4	304	247	hit_ec4_logit	213	206	0.70065789473684215	0.96713615023474175
33	EC_L4	304	247	hit_ec4_logit	214	207	0.70394736842105265	0.96728971962616828
33	EC_L4	304	247	hit_ec4_logit	215	208	0.70723684210526316	0.96744186046511627
33	EC_L4	304	247	hit_ec4_logit	216	209	0.71052631578947367	0.96759259259259256
33	EC_L4	304	247	hit_ec4_logit	217	210	0.71381578947368418	0.967741935483871
33	EC_L4	304	247	hit_ec4_logit	218	211	0.71710526315789469	0.9678899082568807
33	EC_L4	304	247	hit_ec4_logit	219	212	0.72039473684210531	0.96803652968036524
33	EC_L4	304	247	hit_ec4_logit	220	213	0.72368421052631582	0.96818181818181814
33	EC_L4	304	247	hit_ec4_logit	221	214	0.72697368421052633	0.96832579185520362
33	EC_L4	304	247	hit_ec4_logit	222	215	0.73026315789473684	0.96846846846846846
33	EC_L4	304	247	hit_ec4_logit	223	216	0.73355263157894735	0.96860986547085204
33	EC_L4	304	247	hit_ec4_logit	224	217	0.73684210526315785	0.96875
33	EC_L4	304	247	hit_ec4_logit	225	218	0.74013157894736847	0.96888888888888891
33	EC_L4	304	247	hit_ec4_logit	226	219	0.74342105263157898	0.96902654867256632
33	EC_L4	304	247	hit_ec4_logit	227	220	0.74671052631578949	0.96916299559471364
33	EC_L4	304	247	hit_ec4_logit	228	221	0.75	0.9692982456140351
33	EC_L4	304	247	hit_ec4_logit	229	222	0.75328947368421051	0.96943231441048039
33	EC_L4	304	247	hit_ec4_logit	230	223	0.75657894736842102	0.9695652173913043
33	EC_L4	304	247	hit_ec4_logit	231	224	0.75986842105263153	0.96969696969696972
33	EC_L4	304	247	hit_ec4_logit	232	225	0.76315789473684215	0.96982758620689657
33	EC_L4	304	247	hit_ec4_logit	233	226	0.76644736842105265	0.96995708154506433
33	EC_L4	304	247	hit_ec4_logit	234	227	0.76973684210526316	0.97008547008547008
33	EC_L4	304	247	hit_ec4_logit	235	228	0.77302631578947367	0.97021276595744677
33	EC_L4	304	247	hit_ec4_logit	236	229	0.77631578947368418	0.97033898305084743
33	EC_L4	304	247	hit_ec4_logit	237	230	0.77960526315789469	0.97046413502109707
33	EC_L4	304	247	hit_ec4_logit	238	231	0.78289473684210531	0.97058823529411764
33	EC_L4	304	247	hit_ec4_logit	239	231	0.78618421052631582	0.96652719665271969
33	EC_L4	304	247	hit_ec4_logit	240	232	0.78947368421052633	0.96666666666666667
33	EC_L4	304	247	hit_ec4_logit	241	233	0.79276315789473684	0.96680497925311204
33	EC_L4	304	247	hit_ec4_logit	242	234	0.79605263157894735	0.96694214876033058
33	EC_L4	304	247	hit_ec4_logit	243	235	0.79934210526315785	0.96707818930041156
33	EC_L4	304	247	hit_ec4_logit	244	236	0.80263157894736847	0.96721311475409832
33	EC_L4	304	247	hit_ec4_logit	245	237	0.80592105263157898	0.96734693877551026
33	EC_L4	304	247	hit_ec4_logit	246	238	0.80921052631578949	0.96747967479674801
33	EC_L4	304	247	hit_ec4_logit	247	239	0.8125	0.96761133603238869
33	EC_L4	304	247	hit_ec4_logit	248	240	0.81578947368421051	0.967741935483871
33	EC_L4	304	247	hit_ec4_logit	249	241	0.81907894736842102	0.96787148594377514
33	EC_L4	304	247	hit_ec4_logit	250	242	0.82236842105263153	0.96799999999999997
33	EC_L4	304	247	hit_ec4_logit	251	243	0.82565789473684215	0.96812749003984067
33	EC_L4	304	247	hit_ec4_logit	252	244	0.82894736842105265	0.96825396825396826
33	EC_L4	304	247	hit_ec4_logit	253	245	0.83223684210526316	0.96837944664031617
33	EC_L4	304	247	hit_ec4_logit	254	246	0.83552631578947367	0.96850393700787396
33	EC_L4	304	247	hit_ec4_logit	255	247	0.83881578947368418	0.96862745098039216
33	EC_L4	304	247	hit_ec4_logit	256	248	0.84210526315789469	0.96875
33	EC_L4	304	247	hit_ec4_logit	257	249	0.84539473684210531	0.9688715953307393
33	EC_L4	304	247	hit_ec4_logit	258	250	0.84868421052631582	0.96899224806201545
33	EC_L4	304	247	hit_ec4_logit	259	251	0.85197368421052633	0.96911196911196906
33	EC_L4	304	247	hit_ec4_logit	260	252	0.85526315789473684	0.96923076923076923
33	EC_L4	304	247	hit_ec4_logit	261	253	0.85855263157894735	0.96934865900383138
33	EC_L4	304	247	hit_ec4_logit	262	254	0.86184210526315785	0.96946564885496178
33	EC_L4	304	247	hit_ec4_logit	263	254	0.86513157894736847	0.96577946768060841
33	EC_L4	304	247	hit_ec4_logit	264	255	0.86842105263157898	0.96590909090909094
33	EC_L4	304	247	hit_ec4_logit	265	256	0.87171052631578949	0.96603773584905661
33	EC_L4	304	247	hit_ec4_logit	266	257	0.875	0.96616541353383456
33	EC_L4	304	247	hit_ec4_logit	267	258	0.87828947368421051	0.9662921348314607
33	EC_L4	304	247	hit_ec4_logit	268	259	0.88157894736842102	0.96641791044776115
33	EC_L4	304	247	hit_ec4_logit	269	260	0.88486842105263153	0.96654275092936803
33	EC_L4	304	247	hit_ec4_logit	270	261	0.88815789473684215	0.96666666666666667
33	EC_L4	304	247	hit_ec4_logit	271	262	0.89144736842105265	0.96678966789667897
33	EC_L4	304	247	hit_ec4_logit	272	263	0.89473684210526316	0.96691176470588236
33	EC_L4	304	247	hit_ec4_logit	273	264	0.89802631578947367	0.96703296703296704
33	EC_L4	304	247	hit_ec4_logit	274	264	0.90131578947368418	0.96350364963503654
33	EC_L4	304	247	hit_ec4_logit	275	264	0.90460526315789469	0.95999999999999996
33	EC_L4	304	247	hit_ec4_logit	276	265	0.90789473684210531	0.96014492753623193
33	EC_L4	304	247	hit_ec4_logit	277	266	0.91118421052631582	0.96028880866425992
33	EC_L4	304	247	hit_ec4_logit	278	266	0.91447368421052633	0.95683453237410077
33	EC_L4	304	247	hit_ec4_logit	279	266	0.91776315789473684	0.95340501792114696
33	EC_L4	304	247	hit_ec4_logit	280	266	0.92105263157894735	0.94999999999999996
33	EC_L4	304	247	hit_ec4_logit	281	266	0.92434210526315785	0.94661921708185048
33	EC_L4	304	247	hit_ec4_logit	282	266	0.92763157894736847	0.94326241134751776
33	EC_L4	304	247	hit_ec4_logit	283	266	0.93092105263157898	0.93992932862190814
33	EC_L4	304	247	hit_ec4_logit	284	266	0.93421052631578949	0.93661971830985913
33	EC_L4	304	247	hit_ec4_logit	285	266	0.9375	0.93333333333333335
33	EC_L4	304	247	hit_ec4_logit	286	266	0.94078947368421051	0.93006993006993011
33	EC_L4	304	247	hit_ec4_logit	287	266	0.94407894736842102	0.92682926829268297
33	EC_L4	304	247	hit_ec4_logit	288	266	0.94736842105263153	0.92361111111111116
33	EC_L4	304	247	hit_ec4_logit	289	266	0.95065789473684215	0.92041522491349481
33	EC_L4	304	247	hit_ec4_logit	290	266	0.95394736842105265	0.91724137931034477
33	EC_L4	304	247	hit_ec4_logit	291	266	0.95723684210526316	0.91408934707903777
33	EC_L4	304	247	hit_ec4_logit	292	266	0.96052631578947367	0.91095890410958902
33	EC_L4	304	247	hit_ec4_logit	293	266	0.96381578947368418	0.9078498293515358
33	EC_L4	304	247	hit_ec4_logit	294	266	0.96710526315789469	0.90476190476190477
33	EC_L4	304	247	hit_ec4_logit	295	266	0.97039473684210531	0.90169491525423728
33	EC_L4	304	247	hit_ec4_logit	296	266	0.97368421052631582	0.89864864864864868
33	EC_L4	304	247	hit_ec4_logit	297	266	0.97697368421052633	0.89562289562289565
33	EC_L4	304	247	hit_ec4_logit	298	266	0.98026315789473684	0.89261744966442957
33	EC_L4	304	247	hit_ec4_logit	299	266	0.98355263157894735	0.88963210702341133
33	EC_L4	304	247	hit_ec4_logit	300	266	0.98684210526315785	0.88666666666666671
33	EC_L4	304	247	hit_ec4_logit	301	266	0.99013157894736847	0.88372093023255816
33	EC_L4	304	247	hit_ec4_logit	302	266	0.99342105263157898	0.88079470198675491
33	EC_L4	304	247	hit_ec4_logit	303	266	0.99671052631578949	0.87788778877887785
33	EC_L4	304	247	hit_ec4_logit	304	266	1	0.875
33	EC_L4	304	247	hit_ec4_softmax	1	1	0.0032894736842105261	1
33	EC_L4	304	247	hit_ec4_softmax	2	2	0.0065789473684210523	1
33	EC_L4	304	247	hit_ec4_softmax	3	3	0.0098684210526315784	1
33	EC_L4	304	247	hit_ec4_softmax	4	4	0.013157894736842105	1
33	EC_L4	304	247	hit_ec4_softmax	5	5	0.016447368421052631	1
33	EC_L4	304	247	hit_ec4_softmax	6	6	0.019736842105263157	1
33	EC_L4	304	247	hit_ec4_softmax	7	7	0.023026315789473683	1
33	EC_L4	304	247	hit_ec4_softmax	8	8	0.026315789473684209	1
33	EC_L4	304	247	hit_ec4_softmax	9	9	0.029605263157894735	1
33	EC_L4	304	247	hit_ec4_softmax	10	10	0.032894736842105261	1
33	EC_L4	304	247	hit_ec4_softmax	11	11	0.036184210526315791	1
33	EC_L4	304	247	hit_ec4_softmax	12	12	0.039473684210526314	1
33	EC_L4	304	247	hit_ec4_softmax	13	13	0.042763157894736843	1
33	EC_L4	304	247	hit_ec4_softmax	14	14	0.046052631578947366	1
33	EC_L4	304	247	hit_ec4_softmax	15	15	0.049342105263157895	1
33	EC_L4	304	247	hit_ec4_softmax	16	16	0.052631578947368418	1
33	EC_L4	304	247	hit_ec4_softmax	17	17	0.055921052631578948	1
33	EC_L4	304	247	hit_ec4_softmax	18	18	0.05921052631578947	1
33	EC_L4	304	247	hit_ec4_softmax	19	19	0.0625	1
33	EC_L4	304	247	hit_ec4_softmax	20	20	0.065789473684210523	1
33	EC_L4	304	247	hit_ec4_softmax	21	21	0.069078947368421059	1
33	EC_L4	304	247	hit_ec4_softmax	22	22	0.072368421052631582	1
33	EC_L4	304	247	hit_ec4_softmax	23	23	0.075657894736842105	1
33	EC_L4	304	247	hit_ec4_softmax	24	24	0.078947368421052627	1
33	EC_L4	304	247	hit_ec4_softmax	25	25	0.082236842105263164	1
33	EC_L4	304	247	hit_ec4_softmax	26	26	0.085526315789473686	1
33	EC_L4	304	247	hit_ec4_softmax	27	27	0.088815789473684209	1
33	EC_L4	304	247	hit_ec4_softmax	28	28	0.092105263157894732	1
33	EC_L4	304	247	hit_ec4_softmax	29	29	0.095394736842105268	1
33	EC_L4	304	247	hit_ec4_softmax	30	30	0.098684210526315791	1
33	EC_L4	304	247	hit_ec4_softmax	31	31	0.10197368421052631	1
33	EC_L4	304	247	hit_ec4_softmax	32	32	0.10526315789473684	1
33	EC_L4	304	247	hit_ec4_softmax	33	33	0.10855263157894737	1
33	EC_L4	304	247	hit_ec4_softmax	34	34	0.1118421052631579	1
33	EC_L4	304	247	hit_ec4_softmax	35	34	0.11513157894736842	0.97142857142857142
33	EC_L4	304	247	hit_ec4_softmax	36	35	0.11842105263157894	0.97222222222222221
33	EC_L4	304	247	hit_ec4_softmax	37	36	0.12171052631578948	0.97297297297297303
33	EC_L4	304	247	hit_ec4_softmax	38	37	0.125	0.97368421052631582
33	EC_L4	304	247	hit_ec4_softmax	39	38	0.12828947368421054	0.97435897435897434
33	EC_L4	304	247	hit_ec4_softmax	40	39	0.13157894736842105	0.97499999999999998
33	EC_L4	304	247	hit_ec4_softmax	41	40	0.13486842105263158	0.97560975609756095
33	EC_L4	304	247	hit_ec4_softmax	42	41	0.13815789473684212	0.97619047619047616
33	EC_L4	304	247	hit_ec4_softmax	43	42	0.14144736842105263	0.97674418604651159
33	EC_L4	304	247	hit_ec4_softmax	44	43	0.14473684210526316	0.97727272727272729
33	EC_L4	304	247	hit_ec4_softmax	45	44	0.14802631578947367	0.97777777777777775
33	EC_L4	304	247	hit_ec4_softmax	46	45	0.15131578947368421	0.97826086956521741
33	EC_L4	304	247	hit_ec4_softmax	47	46	0.15460526315789475	0.97872340425531912
33	EC_L4	304	247	hit_ec4_softmax	48	47	0.15789473684210525	0.97916666666666663
33	EC_L4	304	247	hit_ec4_softmax	49	48	0.16118421052631579	0.97959183673469385
33	EC_L4	304	247	hit_ec4_softmax	50	49	0.16447368421052633	0.97999999999999998
33	EC_L4	304	247	hit_ec4_softmax	51	50	0.16776315789473684	0.98039215686274506
33	EC_L4	304	247	hit_ec4_softmax	52	51	0.17105263157894737	0.98076923076923073
33	EC_L4	304	247	hit_ec4_softmax	53	52	0.17434210526315788	0.98113207547169812
33	EC_L4	304	247	hit_ec4_softmax	54	53	0.17763157894736842	0.98148148148148151
33	EC_L4	304	247	hit_ec4_softmax	55	54	0.18092105263157895	0.98181818181818181
33	EC_L4	304	247	hit_ec4_softmax	56	55	0.18421052631578946	0.9821428571428571
33	EC_L4	304	247	hit_ec4_softmax	57	56	0.1875	0.98245614035087714
33	EC_L4	304	247	hit_ec4_softmax	58	57	0.19078947368421054	0.98275862068965514
33	EC_L4	304	247	hit_ec4_softmax	59	58	0.19407894736842105	0.98305084745762716
33	EC_L4	304	247	hit_ec4_softmax	60	59	0.19736842105263158	0.98333333333333328
33	EC_L4	304	247	hit_ec4_softmax	61	60	0.20065789473684212	0.98360655737704916
33	EC_L4	304	247	hit_ec4_softmax	62	61	0.20394736842105263	0.9838709677419355
33	EC_L4	304	247	hit_ec4_softmax	63	62	0.20723684210526316	0.98412698412698407
33	EC_L4	304	247	hit_ec4_softmax	64	63	0.21052631578947367	0.984375
33	EC_L4	304	247	hit_ec4_softmax	65	64	0.21381578947368421	0.98461538461538467
33	EC_L4	304	247	hit_ec4_softmax	66	65	0.21710526315789475	0.98484848484848486
33	EC_L4	304	247	hit_ec4_softmax	67	66	0.22039473684210525	0.9850746268656716
33	EC_L4	304	247	hit_ec4_softmax	68	67	0.22368421052631579	0.98529411764705888
33	EC_L4	304	247	hit_ec4_softmax	69	68	0.22697368421052633	0.98550724637681164
33	EC_L4	304	247	hit_ec4_softmax	70	69	0.23026315789473684	0.98571428571428577
33	EC_L4	304	247	hit_ec4_softmax	71	70	0.23355263157894737	0.9859154929577465
33	EC_L4	304	247	hit_ec4_softmax	72	71	0.23684210526315788	0.98611111111111116
33	EC_L4	304	247	hit_ec4_softmax	73	72	0.24013157894736842	0.98630136986301364
33	EC_L4	304	247	hit_ec4_softmax	74	73	0.24342105263157895	0.98648648648648651
33	EC_L4	304	247	hit_ec4_softmax	75	74	0.24671052631578946	0.98666666666666669
33	EC_L4	304	247	hit_ec4_softmax	76	75	0.25	0.98684210526315785
33	EC_L4	304	247	hit_ec4_softmax	77	76	0.25328947368421051	0.98701298701298701
33	EC_L4	304	247	hit_ec4_softmax	78	77	0.25657894736842107	0.98717948717948723
33	EC_L4	304	247	hit_ec4_softmax	79	78	0.25986842105263158	0.98734177215189878
33	EC_L4	304	247	hit_ec4_softmax	80	79	0.26315789473684209	0.98750000000000004
33	EC_L4	304	247	hit_ec4_softmax	81	80	0.26644736842105265	0.98765432098765427
33	EC_L4	304	247	hit_ec4_softmax	82	81	0.26973684210526316	0.98780487804878048
33	EC_L4	304	247	hit_ec4_softmax	83	82	0.27302631578947367	0.98795180722891562
33	EC_L4	304	247	hit_ec4_softmax	84	83	0.27631578947368424	0.98809523809523814
33	EC_L4	304	247	hit_ec4_softmax	85	84	0.27960526315789475	0.9882352941176471
33	EC_L4	304	247	hit_ec4_softmax	86	85	0.28289473684210525	0.98837209302325579
33	EC_L4	304	247	hit_ec4_softmax	87	86	0.28618421052631576	0.9885057471264368
33	EC_L4	304	247	hit_ec4_softmax	88	87	0.28947368421052633	0.98863636363636365
33	EC_L4	304	247	hit_ec4_softmax	89	88	0.29276315789473684	0.9887640449438202
33	EC_L4	304	247	hit_ec4_softmax	90	89	0.29605263157894735	0.98888888888888893
33	EC_L4	304	247	hit_ec4_softmax	91	90	0.29934210526315791	0.98901098901098905
33	EC_L4	304	247	hit_ec4_softmax	92	91	0.30263157894736842	0.98913043478260865
33	EC_L4	304	247	hit_ec4_softmax	93	92	0.30592105263157893	0.989247311827957
33	EC_L4	304	247	hit_ec4_softmax	94	93	0.30921052631578949	0.98936170212765961
33	EC_L4	304	247	hit_ec4_softmax	95	94	0.3125	0.98947368421052628
33	EC_L4	304	247	hit_ec4_softmax	96	95	0.31578947368421051	0.98958333333333337
33	EC_L4	304	247	hit_ec4_softmax	97	96	0.31907894736842107	0.98969072164948457
33	EC_L4	304	247	hit_ec4_softmax	98	97	0.32236842105263158	0.98979591836734693
33	EC_L4	304	247	hit_ec4_softmax	99	98	0.32565789473684209	0.98989898989898994
33	EC_L4	304	247	hit_ec4_softmax	100	99	0.32894736842105265	0.98999999999999999
33	EC_L4	304	247	hit_ec4_softmax	101	100	0.33223684210526316	0.99009900990099009
33	EC_L4	304	247	hit_ec4_softmax	102	101	0.33552631578947367	0.99019607843137258
33	EC_L4	304	247	hit_ec4_softmax	103	102	0.33881578947368424	0.99029126213592233
33	EC_L4	304	247	hit_ec4_softmax	104	103	0.34210526315789475	0.99038461538461542
33	EC_L4	304	247	hit_ec4_softmax	105	104	0.34539473684210525	0.99047619047619051
33	EC_L4	304	247	hit_ec4_softmax	106	105	0.34868421052631576	0.99056603773584906
33	EC_L4	304	247	hit_ec4_softmax	107	106	0.35197368421052633	0.99065420560747663
33	EC_L4	304	247	hit_ec4_softmax	108	107	0.35526315789473684	0.9907407407407407
33	EC_L4	304	247	hit_ec4_softmax	109	108	0.35855263157894735	0.99082568807339455
33	EC_L4	304	247	hit_ec4_softmax	110	109	0.36184210526315791	0.99090909090909096
33	EC_L4	304	247	hit_ec4_softmax	111	110	0.36513157894736842	0.99099099099099097
33	EC_L4	304	247	hit_ec4_softmax	112	111	0.36842105263157893	0.9910714285714286
33	EC_L4	304	247	hit_ec4_softmax	113	112	0.37171052631578949	0.99115044247787609
33	EC_L4	304	247	hit_ec4_softmax	114	113	0.375	0.99122807017543857
33	EC_L4	304	247	hit_ec4_softmax	115	114	0.37828947368421051	0.99130434782608701
33	EC_L4	304	247	hit_ec4_softmax	116	115	0.38157894736842107	0.99137931034482762
33	EC_L4	304	247	hit_ec4_softmax	117	116	0.38486842105263158	0.99145299145299148
33	EC_L4	304	247	hit_ec4_softmax	118	117	0.38815789473684209	0.99152542372881358
33	EC_L4	304	247	hit_ec4_softmax	119	118	0.39144736842105265	0.99159663865546221
33	EC_L4	304	247	hit_ec4_softmax	120	119	0.39473684210526316	0.9916666666666667
33	EC_L4	304	247	hit_ec4_softmax	121	120	0.39802631578947367	0.99173553719008267
33	EC_L4	304	247	hit_ec4_softmax	122	121	0.40131578947368424	0.99180327868852458
33	EC_L4	304	247	hit_ec4_softmax	123	122	0.40460526315789475	0.99186991869918695
33	EC_L4	304	247	hit_ec4_softmax	124	123	0.40789473684210525	0.99193548387096775
33	EC_L4	304	247	hit_ec4_softmax	125	124	0.41118421052631576	0.99199999999999999
33	EC_L4	304	247	hit_ec4_softmax	126	125	0.41447368421052633	0.99206349206349209
33	EC_L4	304	247	hit_ec4_softmax	127	126	0.41776315789473684	0.99212598425196852
33	EC_L4	304	247	hit_ec4_softmax	128	127	0.42105263157894735	0.9921875
33	EC_L4	304	247	hit_ec4_softmax	129	128	0.42434210526315791	0.99224806201550386
33	EC_L4	304	247	hit_ec4_softmax	130	129	0.42763157894736842	0.99230769230769234
33	EC_L4	304	247	hit_ec4_softmax	131	130	0.43092105263157893	0.99236641221374045
33	EC_L4	304	247	hit_ec4_softmax	132	131	0.43421052631578949	0.99242424242424243
33	EC_L4	304	247	hit_ec4_softmax	133	132	0.4375	0.99248120300751874
33	EC_L4	304	247	hit_ec4_softmax	134	133	0.44078947368421051	0.9925373134328358
33	EC_L4	304	247	hit_ec4_softmax	135	134	0.44407894736842107	0.99259259259259258
33	EC_L4	304	247	hit_ec4_softmax	136	135	0.44736842105263158	0.99264705882352944
33	EC_L4	304	247	hit_ec4_softmax	137	136	0.45065789473684209	0.99270072992700731
33	EC_L4	304	247	hit_ec4_softmax	138	137	0.45394736842105265	0.99275362318840576
33	EC_L4	304	247	hit_ec4_softmax	139	138	0.45723684210526316	0.9928057553956835
33	EC_L4	304	247	hit_ec4_softmax	140	139	0.46052631578947367	0.99285714285714288
33	EC_L4	304	247	hit_ec4_softmax	141	140	0.46381578947368424	0.99290780141843971
33	EC_L4	304	247	hit_ec4_softmax	142	141	0.46710526315789475	0.99295774647887325
33	EC_L4	304	247	hit_ec4_softmax	143	142	0.47039473684210525	0.99300699300699302
33	EC_L4	304	247	hit_ec4_softmax	144	143	0.47368421052631576	0.99305555555555558
33	EC_L4	304	247	hit_ec4_softmax	145	144	0.47697368421052633	0.99310344827586206
33	EC_L4	304	247	hit_ec4_softmax	146	145	0.48026315789473684	0.99315068493150682
33	EC_L4	304	247	hit_ec4_softmax	147	146	0.48355263157894735	0.99319727891156462
33	EC_L4	304	247	hit_ec4_softmax	148	147	0.48684210526315791	0.9932432432432432
33	EC_L4	304	247	hit_ec4_softmax	149	148	0.49013157894736842	0.99328859060402686
33	EC_L4	304	247	hit_ec4_softmax	150	149	0.49342105263157893	0.99333333333333329
33	EC_L4	304	247	hit_ec4_softmax	151	150	0.49671052631578949	0.99337748344370858
33	EC_L4	304	247	hit_ec4_softmax	152	150	0.5	0.98684210526315785
33	EC_L4	304	247	hit_ec4_softmax	153	151	0.50328947368421051	0.98692810457516345
33	EC_L4	304	247	hit_ec4_softmax	154	152	0.50657894736842102	0.98701298701298701
33	EC_L4	304	247	hit_ec4_softmax	155	153	0.50986842105263153	0.98709677419354835
33	EC_L4	304	247	hit_ec4_softmax	156	154	0.51315789473684215	0.98717948717948723
33	EC_L4	304	247	hit_ec4_softmax	157	155	0.51644736842105265	0.98726114649681529
33	EC_L4	304	247	hit_ec4_softmax	158	156	0.51973684210526316	0.98734177215189878
33	EC_L4	304	247	hit_ec4_softmax	159	157	0.52302631578947367	0.98742138364779874
33	EC_L4	304	247	hit_ec4_softmax	160	158	0.52631578947368418	0.98750000000000004
33	EC_L4	304	247	hit_ec4_softmax	161	159	0.52960526315789469	0.98757763975155277
33	EC_L4	304	247	hit_ec4_softmax	162	160	0.53289473684210531	0.98765432098765427
33	EC_L4	304	247	hit_ec4_softmax	163	161	0.53618421052631582	0.98773006134969321
33	EC_L4	304	247	hit_ec4_softmax	164	162	0.53947368421052633	0.98780487804878048
33	EC_L4	304	247	hit_ec4_softmax	165	163	0.54276315789473684	0.98787878787878791
33	EC_L4	304	247	hit_ec4_softmax	166	164	0.54605263157894735	0.98795180722891562
33	EC_L4	304	247	hit_ec4_softmax	167	165	0.54934210526315785	0.9880239520958084
33	EC_L4	304	247	hit_ec4_softmax	168	166	0.55263157894736847	0.98809523809523814
33	EC_L4	304	247	hit_ec4_softmax	169	167	0.55592105263157898	0.98816568047337283
33	EC_L4	304	247	hit_ec4_softmax	170	168	0.55921052631578949	0.9882352941176471
33	EC_L4	304	247	hit_ec4_softmax	171	169	0.5625	0.98830409356725146
33	EC_L4	304	247	hit_ec4_softmax	172	170	0.56578947368421051	0.98837209302325579
33	EC_L4	304	247	hit_ec4_softmax	173	171	0.56907894736842102	0.98843930635838151
33	EC_L4	304	247	hit_ec4_softmax	174	172	0.57236842105263153	0.9885057471264368
33	EC_L4	304	247	hit_ec4_softmax	175	173	0.57565789473684215	0.98857142857142855
33	EC_L4	304	247	hit_ec4_softmax	176	174	0.57894736842105265	0.98863636363636365
33	EC_L4	304	247	hit_ec4_softmax	177	175	0.58223684210526316	0.98870056497175141
33	EC_L4	304	247	hit_ec4_softmax	178	176	0.58552631578947367	0.9887640449438202
33	EC_L4	304	247	hit_ec4_softmax	179	177	0.58881578947368418	0.98882681564245811
33	EC_L4	304	247	hit_ec4_softmax	180	178	0.59210526315789469	0.98888888888888893
33	EC_L4	304	247	hit_ec4_softmax	181	179	0.59539473684210531	0.98895027624309395
33	EC_L4	304	247	hit_ec4_softmax	182	180	0.59868421052631582	0.98901098901098905
33	EC_L4	304	247	hit_ec4_softmax	183	181	0.60197368421052633	0.98907103825136611
33	EC_L4	304	247	hit_ec4_softmax	184	182	0.60526315789473684	0.98913043478260865
33	EC_L4	304	247	hit_ec4_softmax	185	183	0.60855263157894735	0.98918918918918919
33	EC_L4	304	247	hit_ec4_softmax	186	184	0.61184210526315785	0.989247311827957
33	EC_L4	304	247	hit_ec4_softmax	187	185	0.61513157894736847	0.98930481283422456
33	EC_L4	304	247	hit_ec4_softmax	188	186	0.61842105263157898	0.98936170212765961
33	EC_L4	304	247	hit_ec4_softmax	189	187	0.62171052631578949	0.98941798941798942
33	EC_L4	304	247	hit_ec4_softmax	190	188	0.625	0.98947368421052628
33	EC_L4	304	247	hit_ec4_softmax	191	189	0.62828947368421051	0.98952879581151831
33	EC_L4	304	247	hit_ec4_softmax	192	190	0.63157894736842102	0.98958333333333337
33	EC_L4	304	247	hit_ec4_softmax	193	191	0.63486842105263153	0.98963730569948183
33	EC_L4	304	247	hit_ec4_softmax	194	192	0.63815789473684215	0.98969072164948457
33	EC_L4	304	247	hit_ec4_softmax	195	193	0.64144736842105265	0.98974358974358978
33	EC_L4	304	247	hit_ec4_softmax	196	194	0.64473684210526316	0.98979591836734693
33	EC_L4	304	247	hit_ec4_softmax	197	195	0.64802631578947367	0.98984771573604058
33	EC_L4	304	247	hit_ec4_softmax	198	196	0.65131578947368418	0.98989898989898994
33	EC_L4	304	247	hit_ec4_softmax	199	197	0.65460526315789469	0.98994974874371855
33	EC_L4	304	247	hit_ec4_softmax	200	198	0.65789473684210531	0.98999999999999999
33	EC_L4	304	247	hit_ec4_softmax	201	199	0.66118421052631582	0.99004975124378114
33	EC_L4	304	247	hit_ec4_softmax	202	200	0.66447368421052633	0.99009900990099009
33	EC_L4	304	247	hit_ec4_softmax	203	201	0.66776315789473684	0.99014778325123154
33	EC_L4	304	247	hit_ec4_softmax	204	202	0.67105263157894735	0.99019607843137258
33	EC_L4	304	247	hit_ec4_softmax	205	203	0.67434210526315785	0.99024390243902438
33	EC_L4	304	247	hit_ec4_softmax	206	204	0.67763157894736847	0.99029126213592233
33	EC_L4	304	247	hit_ec4_softmax	207	205	0.68092105263157898	0.99033816425120769
33	EC_L4	304	247	hit_ec4_softmax	208	206	0.68421052631578949	0.99038461538461542
33	EC_L4	304	247	hit_ec4_softmax	209	207	0.6875	0.99043062200956933
33	EC_L4	304	247	hit_ec4_softmax	210	208	0.69078947368421051	0.99047619047619051
33	EC_L4	304	247	hit_ec4_softmax	211	209	0.69407894736842102	0.99052132701421802
33	EC_L4	304	247	hit_ec4_softmax	212	210	0.69736842105263153	0.99056603773584906
33	EC_L4	304	247	hit_ec4_softmax	213	211	0.70065789473684215	0.99061032863849763
33	EC_L4	304	247	hit_ec4_softmax	214	212	0.70394736842105265	0.99065420560747663
33	EC_L4	304	247	hit_ec4_softmax	215	213	0.70723684210526316	0.99069767441860468
33	EC_L4	304	247	hit_ec4_softmax	216	214	0.71052631578947367	0.9907407407407407
33	EC_L4	304	247	hit_ec4_softmax	217	215	0.71381578947368418	0.99078341013824889
33	EC_L4	304	247	hit_ec4_softmax	218	216	0.71710526315789469	0.99082568807339455
33	EC_L4	304	247	hit_ec4_softmax	219	217	0.72039473684210531	0.9908675799086758
33	EC_L4	304	247	hit_ec4_softmax	220	218	0.72368421052631582	0.99090909090909096
33	EC_L4	304	247	hit_ec4_softmax	221	219	0.72697368421052633	0.99095022624434392
33	EC_L4	304	247	hit_ec4_softmax	222	220	0.73026315789473684	0.99099099099099097
33	EC_L4	304	247	hit_ec4_softmax	223	221	0.73355263157894735	0.99103139013452912
33	EC_L4	304	247	hit_ec4_softmax	224	222	0.73684210526315785	0.9910714285714286
33	EC_L4	304	247	hit_ec4_softmax	225	223	0.74013157894736847	0.99111111111111116
33	EC_L4	304	247	hit_ec4_softmax	226	224	0.74342105263157898	0.99115044247787609
33	EC_L4	304	247	hit_ec4_softmax	227	225	0.74671052631578949	0.99118942731277537
33	EC_L4	304	247	hit_ec4_softmax	228	226	0.75	0.99122807017543857
33	EC_L4	304	247	hit_ec4_softmax	229	227	0.75328947368421051	0.99126637554585151
33	EC_L4	304	247	hit_ec4_softmax	230	228	0.75657894736842102	0.99130434782608701
33	EC_L4	304	247	hit_ec4_softmax	231	229	0.75986842105263153	0.9913419913419913
33	EC_L4	304	247	hit_ec4_softmax	232	230	0.76315789473684215	0.99137931034482762
33	EC_L4	304	247	hit_ec4_softmax	233	231	0.76644736842105265	0.99141630901287559
33	EC_L4	304	247	hit_ec4_softmax	234	232	0.76973684210526316	0.99145299145299148
33	EC_L4	304	247	hit_ec4_softmax	235	233	0.77302631578947367	0.99148936170212765
33	EC_L4	304	247	hit_ec4_softmax	236	234	0.77631578947368418	0.99152542372881358
33	EC_L4	304	247	hit_ec4_softmax	237	235	0.77960526315789469	0.99156118143459915
33	EC_L4	304	247	hit_ec4_softmax	238	236	0.78289473684210531	0.99159663865546221
33	EC_L4	304	247	hit_ec4_softmax	239	237	0.78618421052631582	0.99163179916317989
33	EC_L4	304	247	hit_ec4_softmax	240	238	0.78947368421052633	0.9916666666666667
33	EC_L4	304	247	hit_ec4_softmax	241	238	0.79276315789473684	0.98755186721991706
33	EC_L4	304	247	hit_ec4_softmax	242	239	0.79605263157894735	0.98760330578512401
33	EC_L4	304	247	hit_ec4_softmax	243	240	0.79934210526315785	0.98765432098765427
33	EC_L4	304	247	hit_ec4_softmax	244	241	0.80263157894736847	0.98770491803278693
33	EC_L4	304	247	hit_ec4_softmax	245	241	0.80592105263157898	0.98367346938775513
33	EC_L4	304	247	hit_ec4_softmax	246	242	0.80921052631578949	0.98373983739837401
33	EC_L4	304	247	hit_ec4_softmax	247	243	0.8125	0.98380566801619429
33	EC_L4	304	247	hit_ec4_softmax	248	244	0.81578947368421051	0.9838709677419355
33	EC_L4	304	247	hit_ec4_softmax	249	245	0.81907894736842102	0.98393574297188757
33	EC_L4	304	247	hit_ec4_softmax	250	246	0.82236842105263153	0.98399999999999999
33	EC_L4	304	247	hit_ec4_softmax	251	247	0.82565789473684215	0.98406374501992033
33	EC_L4	304	247	hit_ec4_softmax	252	248	0.82894736842105265	0.98412698412698407
33	EC_L4	304	247	hit_ec4_softmax	253	249	0.83223684210526316	0.98418972332015808
33	EC_L4	304	247	hit_ec4_softmax	254	250	0.83552631578947367	0.98425196850393704
33	EC_L4	304	247	hit_ec4_softmax	255	251	0.83881578947368418	0.98431372549019602
33	EC_L4	304	247	hit_ec4_softmax	256	251	0.84210526315789469	0.98046875
33	EC_L4	304	247	hit_ec4_softmax	257	252	0.84539473684210531	0.98054474708171202
33	EC_L4	304	247	hit_ec4_softmax	258	253	0.84868421052631582	0.98062015503875966
33	EC_L4	304	247	hit_ec4_softmax	259	254	0.85197368421052633	0.98069498069498073
33	EC_L4	304	247	hit_ec4_softmax	260	254	0.85526315789473684	0.97692307692307689
33	EC_L4	304	247	hit_ec4_softmax	261	254	0.85855263157894735	0.97318007662835249
33	EC_L4	304	247	hit_ec4_softmax	262	254	0.86184210526315785	0.96946564885496178
33	EC_L4	304	247	hit_ec4_softmax	263	255	0.86513157894736847	0.96958174904942962
33	EC_L4	304	247	hit_ec4_softmax	264	256	0.86842105263157898	0.96969696969696972
33	EC_L4	304	247	hit_ec4_softmax	265	256	0.87171052631578949	0.96603773584905661
33	EC_L4	304	247	hit_ec4_softmax	266	257	0.875	0.96616541353383456
33	EC_L4	304	247	hit_ec4_softmax	267	257	0.87828947368421051	0.96254681647940077
33	EC_L4	304	247	hit_ec4_softmax	268	257	0.88157894736842102	0.95895522388059706
33	EC_L4	304	247	hit_ec4_softmax	269	257	0.88486842105263153	0.95539033457249067
33	EC_L4	304	247	hit_ec4_softmax	270	258	0.88815789473684215	0.9555555555555556
33	EC_L4	304	247	hit_ec4_softmax	271	258	0.89144736842105265	0.95202952029520294
33	EC_L4	304	247	hit_ec4_softmax	272	259	0.89473684210526316	0.95220588235294112
33	EC_L4	304	247	hit_ec4_softmax	273	260	0.89802631578947367	0.95238095238095233
33	EC_L4	304	247	hit_ec4_softmax	274	261	0.90131578947368418	0.95255474452554745
33	EC_L4	304	247	hit_ec4_softmax	275	261	0.90460526315789469	0.9490909090909091
33	EC_L4	304	247	hit_ec4_softmax	276	261	0.90789473684210531	0.94565217391304346
33	EC_L4	304	247	hit_ec4_softmax	277	261	0.91118421052631582	0.9422382671480144
33	EC_L4	304	247	hit_ec4_softmax	278	262	0.91447368421052633	0.94244604316546765
33	EC_L4	304	247	hit_ec4_softmax	279	262	0.91776315789473684	0.93906810035842292
33	EC_L4	304	247	hit_ec4_softmax	280	262	0.92105263157894735	0.93571428571428572
33	EC_L4	304	247	hit_ec4_softmax	281	262	0.92434210526315785	0.93238434163701067
33	EC_L4	304	247	hit_ec4_softmax	282	262	0.92763157894736847	0.92907801418439717
33	EC_L4	304	247	hit_ec4_softmax	283	262	0.93092105263157898	0.9257950530035336
33	EC_L4	304	247	hit_ec4_softmax	284	262	0.93421052631578949	0.92253521126760563
33	EC_L4	304	247	hit_ec4_softmax	285	262	0.9375	0.91929824561403506
33	EC_L4	304	247	hit_ec4_softmax	286	263	0.94078947368421051	0.91958041958041958
33	EC_L4	304	247	hit_ec4_softmax	287	263	0.94407894736842102	0.91637630662020908
33	EC_L4	304	247	hit_ec4_softmax	288	264	0.94736842105263153	0.91666666666666663
33	EC_L4	304	247	hit_ec4_softmax	289	265	0.95065789473684215	0.91695501730103801
33	EC_L4	304	247	hit_ec4_softmax	290	265	0.95394736842105265	0.91379310344827591
33	EC_L4	304	247	hit_ec4_softmax	291	265	0.95723684210526316	0.9106529209621993
33	EC_L4	304	247	hit_ec4_softmax	292	265	0.96052631578947367	0.90753424657534243
33	EC_L4	304	247	hit_ec4_softmax	293	265	0.96381578947368418	0.90443686006825941
33	EC_L4	304	247	hit_ec4_softmax	294	265	0.96710526315789469	0.90136054421768708
33	EC_L4	304	247	hit_ec4_softmax	295	265	0.97039473684210531	0.89830508474576276
33	EC_L4	304	247	hit_ec4_softmax	296	265	0.97368421052631582	0.89527027027027029
33	EC_L4	304	247	hit_ec4_softmax	297	266	0.97697368421052633	0.89562289562289565
33	EC_L4	304	247	hit_ec4_softmax	298	266	0.98026315789473684	0.89261744966442957
33	EC_L4	304	247	hit_ec4_softmax	299	266	0.98355263157894735	0.88963210702341133
33	EC_L4	304	247	hit_ec4_softmax	300	266	0.98684210526315785	0.88666666666666671
33	EC_L4	304	247	hit_ec4_softmax	301	266	0.99013157894736847	0.88372093023255816
33	EC_L4	304	247	hit_ec4_softmax	302	266	0.99342105263157898	0.88079470198675491
33	EC_L4	304	247	hit_ec4_softmax	303	266	0.99671052631578949	0.87788778877887785
33	EC_L4	304	247	hit_ec4_softmax	304	266	1	0.875
33	EC_L4	304	247	hit_ec4_margin	1	1	0.0032894736842105261	1
33	EC_L4	304	247	hit_ec4_margin	2	2	0.0065789473684210523	1
33	EC_L4	304	247	hit_ec4_margin	3	3	0.0098684210526315784	1
33	EC_L4	304	247	hit_ec4_margin	4	4	0.013157894736842105	1
33	EC_L4	304	247	hit_ec4_margin	5	5	0.016447368421052631	1
33	EC_L4	304	247	hit_ec4_margin	6	6	0.019736842105263157	1
33	EC_L4	304	247	hit_ec4_margin	7	7	0.023026315789473683	1
33	EC_L4	304	247	hit_ec4_margin	8	8	0.026315789473684209	1
33	EC_L4	304	247	hit_ec4_margin	9	9	0.029605263157894735	1
33	EC_L4	304	247	hit_ec4_margin	10	10	0.032894736842105261	1
33	EC_L4	304	247	hit_ec4_margin	11	11	0.036184210526315791	1
33	EC_L4	304	247	hit_ec4_margin	12	12	0.039473684210526314	1
33	EC_L4	304	247	hit_ec4_margin	13	13	0.042763157894736843	1
33	EC_L4	304	247	hit_ec4_margin	14	14	0.046052631578947366	1
33	EC_L4	304	247	hit_ec4_margin	15	15	0.049342105263157895	1
33	EC_L4	304	247	hit_ec4_margin	16	16	0.052631578947368418	1
33	EC_L4	304	247	hit_ec4_margin	17	17	0.055921052631578948	1
33	EC_L4	304	247	hit_ec4_margin	18	18	0.05921052631578947	1
33	EC_L4	304	247	hit_ec4_margin	19	19	0.0625	1
33	EC_L4	304	247	hit_ec4_margin	20	20	0.065789473684210523	1
33	EC_L4	304	247	hit_ec4_margin	21	21	0.069078947368421059	1
33	EC_L4	304	247	hit_ec4_margin	22	22	0.072368421052631582	1
33	EC_L4	304	247	hit_ec4_margin	23	23	0.075657894736842105	1
33	EC_L4	304	247	hit_ec4_margin	24	24	0.078947368421052627	1
33	EC_L4	304	247	hit_ec4_margin	25	25	0.082236842105263164	1
33	EC_L4	304	247	hit_ec4_margin	26	26	0.085526315789473686	1
33	EC_L4	304	247	hit_ec4_margin	27	27	0.088815789473684209	1
33	EC_L4	304	247	hit_ec4_margin	28	28	0.092105263157894732	1
33	EC_L4	304	247	hit_ec4_margin	29	29	0.095394736842105268	1
33	EC_L4	304	247	hit_ec4_margin	30	30	0.098684210526315791	1
33	EC_L4	304	247	hit_ec4_margin	31	31	0.10197368421052631	1
33	EC_L4	304	247	hit_ec4_margin	32	31	0.10526315789473684	0.96875
33	EC_L4	304	247	hit_ec4_margin	33	32	0.10855263157894737	0.96969696969696972
33	EC_L4	304	247	hit_ec4_margin	34	33	0.1118421052631579	0.97058823529411764
33	EC_L4	304	247	hit_ec4_margin	35	34	0.11513157894736842	0.97142857142857142
33	EC_L4	304	247	hit_ec4_margin	36	35	0.11842105263157894	0.97222222222222221
33	EC_L4	304	247	hit_ec4_margin	37	36	0.12171052631578948	0.97297297297297303
33	EC_L4	304	247	hit_ec4_margin	38	37	0.125	0.97368421052631582
33	EC_L4	304	247	hit_ec4_margin	39	38	0.12828947368421054	0.97435897435897434
33	EC_L4	304	247	hit_ec4_margin	40	39	0.13157894736842105	0.97499999999999998
33	EC_L4	304	247	hit_ec4_margin	41	40	0.13486842105263158	0.97560975609756095
33	EC_L4	304	247	hit_ec4_margin	42	41	0.13815789473684212	0.97619047619047616
33	EC_L4	304	247	hit_ec4_margin	43	42	0.14144736842105263	0.97674418604651159
33	EC_L4	304	247	hit_ec4_margin	44	43	0.14473684210526316	0.97727272727272729
33	EC_L4	304	247	hit_ec4_margin	45	44	0.14802631578947367	0.97777777777777775
33	EC_L4	304	247	hit_ec4_margin	46	45	0.15131578947368421	0.97826086956521741
33	EC_L4	304	247	hit_ec4_margin	47	46	0.15460526315789475	0.97872340425531912
33	EC_L4	304	247	hit_ec4_margin	48	47	0.15789473684210525	0.97916666666666663
33	EC_L4	304	247	hit_ec4_margin	49	48	0.16118421052631579	0.97959183673469385
33	EC_L4	304	247	hit_ec4_margin	50	49	0.16447368421052633	0.97999999999999998
33	EC_L4	304	247	hit_ec4_margin	51	50	0.16776315789473684	0.98039215686274506
33	EC_L4	304	247	hit_ec4_margin	52	51	0.17105263157894737	0.98076923076923073
33	EC_L4	304	247	hit_ec4_margin	53	52	0.17434210526315788	0.98113207547169812
33	EC_L4	304	247	hit_ec4_margin	54	53	0.17763157894736842	0.98148148148148151
33	EC_L4	304	247	hit_ec4_margin	55	54	0.18092105263157895	0.98181818181818181
33	EC_L4	304	247	hit_ec4_margin	56	55	0.18421052631578946	0.9821428571428571
33	EC_L4	304	247	hit_ec4_margin	57	56	0.1875	0.98245614035087714
33	EC_L4	304	247	hit_ec4_margin	58	57	0.19078947368421054	0.98275862068965514
33	EC_L4	304	247	hit_ec4_margin	59	58	0.19407894736842105	0.98305084745762716
33	EC_L4	304	247	hit_ec4_margin	60	59	0.19736842105263158	0.98333333333333328
33	EC_L4	304	247	hit_ec4_margin	61	60	0.20065789473684212	0.98360655737704916
33	EC_L4	304	247	hit_ec4_margin	62	61	0.20394736842105263	0.9838709677419355
33	EC_L4	304	247	hit_ec4_margin	63	62	0.20723684210526316	0.98412698412698407
33	EC_L4	304	247	hit_ec4_margin	64	63	0.21052631578947367	0.984375
33	EC_L4	304	247	hit_ec4_margin	65	64	0.21381578947368421	0.98461538461538467
33	EC_L4	304	247	hit_ec4_margin	66	65	0.21710526315789475	0.98484848484848486
33	EC_L4	304	247	hit_ec4_margin	67	66	0.22039473684210525	0.9850746268656716
33	EC_L4	304	247	hit_ec4_margin	68	67	0.22368421052631579	0.98529411764705888
33	EC_L4	304	247	hit_ec4_margin	69	68	0.22697368421052633	0.98550724637681164
33	EC_L4	304	247	hit_ec4_margin	70	69	0.23026315789473684	0.98571428571428577
33	EC_L4	304	247	hit_ec4_margin	71	70	0.23355263157894737	0.9859154929577465
33	EC_L4	304	247	hit_ec4_margin	72	71	0.23684210526315788	0.98611111111111116
33	EC_L4	304	247	hit_ec4_margin	73	72	0.24013157894736842	0.98630136986301364
33	EC_L4	304	247	hit_ec4_margin	74	73	0.24342105263157895	0.98648648648648651
33	EC_L4	304	247	hit_ec4_margin	75	74	0.24671052631578946	0.98666666666666669
33	EC_L4	304	247	hit_ec4_margin	76	75	0.25	0.98684210526315785
33	EC_L4	304	247	hit_ec4_margin	77	76	0.25328947368421051	0.98701298701298701
33	EC_L4	304	247	hit_ec4_margin	78	77	0.25657894736842107	0.98717948717948723
33	EC_L4	304	247	hit_ec4_margin	79	78	0.25986842105263158	0.98734177215189878
33	EC_L4	304	247	hit_ec4_margin	80	79	0.26315789473684209	0.98750000000000004
33	EC_L4	304	247	hit_ec4_margin	81	80	0.26644736842105265	0.98765432098765427
33	EC_L4	304	247	hit_ec4_margin	82	81	0.26973684210526316	0.98780487804878048
33	EC_L4	304	247	hit_ec4_margin	83	82	0.27302631578947367	0.98795180722891562
33	EC_L4	304	247	hit_ec4_margin	84	83	0.27631578947368424	0.98809523809523814
33	EC_L4	304	247	hit_ec4_margin	85	84	0.27960526315789475	0.9882352941176471
33	EC_L4	304	247	hit_ec4_margin	86	85	0.28289473684210525	0.98837209302325579
33	EC_L4	304	247	hit_ec4_margin	87	86	0.28618421052631576	0.9885057471264368
33	EC_L4	304	247	hit_ec4_margin	88	87	0.28947368421052633	0.98863636363636365
33	EC_L4	304	247	hit_ec4_margin	89	88	0.29276315789473684	0.9887640449438202
33	EC_L4	304	247	hit_ec4_margin	90	89	0.29605263157894735	0.98888888888888893
33	EC_L4	304	247	hit_ec4_margin	91	90	0.29934210526315791	0.98901098901098905
33	EC_L4	304	247	hit_ec4_margin	92	91	0.30263157894736842	0.98913043478260865
33	EC_L4	304	247	hit_ec4_margin	93	92	0.30592105263157893	0.989247311827957
33	EC_L4	304	247	hit_ec4_margin	94	93	0.30921052631578949	0.98936170212765961
33	EC_L4	304	247	hit_ec4_margin	95	94	0.3125	0.98947368421052628
33	EC_L4	304	247	hit_ec4_margin	96	95	0.31578947368421051	0.98958333333333337
33	EC_L4	304	247	hit_ec4_margin	97	96	0.31907894736842107	0.98969072164948457
33	EC_L4	304	247	hit_ec4_margin	98	97	0.32236842105263158	0.98979591836734693
33	EC_L4	304	247	hit_ec4_margin	99	98	0.32565789473684209	0.98989898989898994
33	EC_L4	304	247	hit_ec4_margin	100	99	0.32894736842105265	0.98999999999999999
33	EC_L4	304	247	hit_ec4_margin	101	100	0.33223684210526316	0.99009900990099009
33	EC_L4	304	247	hit_ec4_margin	102	101	0.33552631578947367	0.99019607843137258
33	EC_L4	304	247	hit_ec4_margin	103	102	0.33881578947368424	0.99029126213592233
33	EC_L4	304	247	hit_ec4_margin	104	103	0.34210526315789475	0.99038461538461542
33	EC_L4	304	247	hit_ec4_margin	105	104	0.34539473684210525	0.99047619047619051
33	EC_L4	304	247	hit_ec4_margin	106	105	0.34868421052631576	0.99056603773584906
33	EC_L4	304	247	hit_ec4_margin	107	106	0.35197368421052633	0.99065420560747663
33	EC_L4	304	247	hit_ec4_margin	108	107	0.35526315789473684	0.9907407407407407
33	EC_L4	304	247	hit_ec4_margin	109	108	0.35855263157894735	0.99082568807339455
33	EC_L4	304	247	hit_ec4_margin	110	109	0.36184210526315791	0.99090909090909096
33	EC_L4	304	247	hit_ec4_margin	111	110	0.36513157894736842	0.99099099099099097
33	EC_L4	304	247	hit_ec4_margin	112	111	0.36842105263157893	0.9910714285714286
33	EC_L4	304	247	hit_ec4_margin	113	112	0.37171052631578949	0.99115044247787609
33	EC_L4	304	247	hit_ec4_margin	114	113	0.375	0.99122807017543857
33	EC_L4	304	247	hit_ec4_margin	115	114	0.37828947368421051	0.99130434782608701
33	EC_L4	304	247	hit_ec4_margin	116	115	0.38157894736842107	0.99137931034482762
33	EC_L4	304	247	hit_ec4_margin	117	116	0.38486842105263158	0.99145299145299148
33	EC_L4	304	247	hit_ec4_margin	118	117	0.38815789473684209	0.99152542372881358
33	EC_L4	304	247	hit_ec4_margin	119	118	0.39144736842105265	0.99159663865546221
33	EC_L4	304	247	hit_ec4_margin	120	119	0.39473684210526316	0.9916666666666667
33	EC_L4	304	247	hit_ec4_margin	121	120	0.39802631578947367	0.99173553719008267
33	EC_L4	304	247	hit_ec4_margin	122	121	0.40131578947368424	0.99180327868852458
33	EC_L4	304	247	hit_ec4_margin	123	122	0.40460526315789475	0.99186991869918695
33	EC_L4	304	247	hit_ec4_margin	124	123	0.40789473684210525	0.99193548387096775
33	EC_L4	304	247	hit_ec4_margin	125	124	0.41118421052631576	0.99199999999999999
33	EC_L4	304	247	hit_ec4_margin	126	125	0.41447368421052633	0.99206349206349209
33	EC_L4	304	247	hit_ec4_margin	127	126	0.41776315789473684	0.99212598425196852
33	EC_L4	304	247	hit_ec4_margin	128	127	0.42105263157894735	0.9921875
33	EC_L4	304	247	hit_ec4_margin	129	128	0.42434210526315791	0.99224806201550386
33	EC_L4	304	247	hit_ec4_margin	130	129	0.42763157894736842	0.99230769230769234
33	EC_L4	304	247	hit_ec4_margin	131	130	0.43092105263157893	0.99236641221374045
33	EC_L4	304	247	hit_ec4_margin	132	131	0.43421052631578949	0.99242424242424243
33	EC_L4	304	247	hit_ec4_margin	133	132	0.4375	0.99248120300751874
33	EC_L4	304	247	hit_ec4_margin	134	133	0.44078947368421051	0.9925373134328358
33	EC_L4	304	247	hit_ec4_margin	135	134	0.44407894736842107	0.99259259259259258
33	EC_L4	304	247	hit_ec4_margin	136	135	0.44736842105263158	0.99264705882352944
33	EC_L4	304	247	hit_ec4_margin	137	136	0.45065789473684209	0.99270072992700731
33	EC_L4	304	247	hit_ec4_margin	138	137	0.45394736842105265	0.99275362318840576
33	EC_L4	304	247	hit_ec4_margin	139	138	0.45723684210526316	0.9928057553956835
33	EC_L4	304	247	hit_ec4_margin	140	139	0.46052631578947367	0.99285714285714288
33	EC_L4	304	247	hit_ec4_margin	141	140	0.46381578947368424	0.99290780141843971
33	EC_L4	304	247	hit_ec4_margin	142	141	0.46710526315789475	0.99295774647887325
33	EC_L4	304	247	hit_ec4_margin	143	142	0.47039473684210525	0.99300699300699302
33	EC_L4	304	247	hit_ec4_margin	144	143	0.47368421052631576	0.99305555555555558
33	EC_L4	304	247	hit_ec4_margin	145	144	0.47697368421052633	0.99310344827586206
33	EC_L4	304	247	hit_ec4_margin	146	145	0.48026315789473684	0.99315068493150682
33	EC_L4	304	247	hit_ec4_margin	147	146	0.48355263157894735	0.99319727891156462
33	EC_L4	304	247	hit_ec4_margin	148	147	0.48684210526315791	0.9932432432432432
33	EC_L4	304	247	hit_ec4_margin	149	147	0.49013157894736842	0.98657718120805371
33	EC_L4	304	247	hit_ec4_margin	150	148	0.49342105263157893	0.98666666666666669
33	EC_L4	304	247	hit_ec4_margin	151	149	0.49671052631578949	0.98675496688741726
33	EC_L4	304	247	hit_ec4_margin	152	150	0.5	0.98684210526315785
33	EC_L4	304	247	hit_ec4_margin	153	151	0.50328947368421051	0.98692810457516345
33	EC_L4	304	247	hit_ec4_margin	154	152	0.50657894736842102	0.98701298701298701
33	EC_L4	304	247	hit_ec4_margin	155	153	0.50986842105263153	0.98709677419354835
33	EC_L4	304	247	hit_ec4_margin	156	154	0.51315789473684215	0.98717948717948723
33	EC_L4	304	247	hit_ec4_margin	157	155	0.51644736842105265	0.98726114649681529
33	EC_L4	304	247	hit_ec4_margin	158	156	0.51973684210526316	0.98734177215189878
33	EC_L4	304	247	hit_ec4_margin	159	157	0.52302631578947367	0.98742138364779874
33	EC_L4	304	247	hit_ec4_margin	160	158	0.52631578947368418	0.98750000000000004
33	EC_L4	304	247	hit_ec4_margin	161	159	0.52960526315789469	0.98757763975155277
33	EC_L4	304	247	hit_ec4_margin	162	160	0.53289473684210531	0.98765432098765427
33	EC_L4	304	247	hit_ec4_margin	163	161	0.53618421052631582	0.98773006134969321
33	EC_L4	304	247	hit_ec4_margin	164	162	0.53947368421052633	0.98780487804878048
33	EC_L4	304	247	hit_ec4_margin	165	163	0.54276315789473684	0.98787878787878791
33	EC_L4	304	247	hit_ec4_margin	166	164	0.54605263157894735	0.98795180722891562
33	EC_L4	304	247	hit_ec4_margin	167	165	0.54934210526315785	0.9880239520958084
33	EC_L4	304	247	hit_ec4_margin	168	166	0.55263157894736847	0.98809523809523814
33	EC_L4	304	247	hit_ec4_margin	169	167	0.55592105263157898	0.98816568047337283
33	EC_L4	304	247	hit_ec4_margin	170	168	0.55921052631578949	0.9882352941176471
33	EC_L4	304	247	hit_ec4_margin	171	169	0.5625	0.98830409356725146
33	EC_L4	304	247	hit_ec4_margin	172	170	0.56578947368421051	0.98837209302325579
33	EC_L4	304	247	hit_ec4_margin	173	171	0.56907894736842102	0.98843930635838151
33	EC_L4	304	247	hit_ec4_margin	174	172	0.57236842105263153	0.9885057471264368
33	EC_L4	304	247	hit_ec4_margin	175	173	0.57565789473684215	0.98857142857142855
33	EC_L4	304	247	hit_ec4_margin	176	174	0.57894736842105265	0.98863636363636365
33	EC_L4	304	247	hit_ec4_margin	177	175	0.58223684210526316	0.98870056497175141
33	EC_L4	304	247	hit_ec4_margin	178	176	0.58552631578947367	0.9887640449438202
33	EC_L4	304	247	hit_ec4_margin	179	177	0.58881578947368418	0.98882681564245811
33	EC_L4	304	247	hit_ec4_margin	180	178	0.59210526315789469	0.98888888888888893
33	EC_L4	304	247	hit_ec4_margin	181	179	0.59539473684210531	0.98895027624309395
33	EC_L4	304	247	hit_ec4_margin	182	180	0.59868421052631582	0.98901098901098905
33	EC_L4	304	247	hit_ec4_margin	183	181	0.60197368421052633	0.98907103825136611
33	EC_L4	304	247	hit_ec4_margin	184	182	0.60526315789473684	0.98913043478260865
33	EC_L4	304	247	hit_ec4_margin	185	183	0.60855263157894735	0.98918918918918919
33	EC_L4	304	247	hit_ec4_margin	186	184	0.61184210526315785	0.989247311827957
33	EC_L4	304	247	hit_ec4_margin	187	185	0.61513157894736847	0.98930481283422456
33	EC_L4	304	247	hit_ec4_margin	188	186	0.61842105263157898	0.98936170212765961
33	EC_L4	304	247	hit_ec4_margin	189	187	0.62171052631578949	0.98941798941798942
33	EC_L4	304	247	hit_ec4_margin	190	188	0.625	0.98947368421052628
33	EC_L4	304	247	hit_ec4_margin	191	189	0.62828947368421051	0.98952879581151831
33	EC_L4	304	247	hit_ec4_margin	192	190	0.63157894736842102	0.98958333333333337
33	EC_L4	304	247	hit_ec4_margin	193	191	0.63486842105263153	0.98963730569948183
33	EC_L4	304	247	hit_ec4_margin	194	192	0.63815789473684215	0.98969072164948457
33	EC_L4	304	247	hit_ec4_margin	195	193	0.64144736842105265	0.98974358974358978
33	EC_L4	304	247	hit_ec4_margin	196	194	0.64473684210526316	0.98979591836734693
33	EC_L4	304	247	hit_ec4_margin	197	195	0.64802631578947367	0.98984771573604058
33	EC_L4	304	247	hit_ec4_margin	198	196	0.65131578947368418	0.98989898989898994
33	EC_L4	304	247	hit_ec4_margin	199	197	0.65460526315789469	0.98994974874371855
33	EC_L4	304	247	hit_ec4_margin	200	198	0.65789473684210531	0.98999999999999999
33	EC_L4	304	247	hit_ec4_margin	201	199	0.66118421052631582	0.99004975124378114
33	EC_L4	304	247	hit_ec4_margin	202	200	0.66447368421052633	0.99009900990099009
33	EC_L4	304	247	hit_ec4_margin	203	201	0.66776315789473684	0.99014778325123154
33	EC_L4	304	247	hit_ec4_margin	204	202	0.67105263157894735	0.99019607843137258
33	EC_L4	304	247	hit_ec4_margin	205	203	0.67434210526315785	0.99024390243902438
33	EC_L4	304	247	hit_ec4_margin	206	204	0.67763157894736847	0.99029126213592233
33	EC_L4	304	247	hit_ec4_margin	207	205	0.68092105263157898	0.99033816425120769
33	EC_L4	304	247	hit_ec4_margin	208	206	0.68421052631578949	0.99038461538461542
33	EC_L4	304	247	hit_ec4_margin	209	207	0.6875	0.99043062200956933
33	EC_L4	304	247	hit_ec4_margin	210	208	0.69078947368421051	0.99047619047619051
33	EC_L4	304	247	hit_ec4_margin	211	209	0.69407894736842102	0.99052132701421802
33	EC_L4	304	247	hit_ec4_margin	212	210	0.69736842105263153	0.99056603773584906
33	EC_L4	304	247	hit_ec4_margin	213	211	0.70065789473684215	0.99061032863849763
33	EC_L4	304	247	hit_ec4_margin	214	212	0.70394736842105265	0.99065420560747663
33	EC_L4	304	247	hit_ec4_margin	215	213	0.70723684210526316	0.99069767441860468
33	EC_L4	304	247	hit_ec4_margin	216	214	0.71052631578947367	0.9907407407407407
33	EC_L4	304	247	hit_ec4_margin	217	215	0.71381578947368418	0.99078341013824889
33	EC_L4	304	247	hit_ec4_margin	218	216	0.71710526315789469	0.99082568807339455
33	EC_L4	304	247	hit_ec4_margin	219	217	0.72039473684210531	0.9908675799086758
33	EC_L4	304	247	hit_ec4_margin	220	218	0.72368421052631582	0.99090909090909096
33	EC_L4	304	247	hit_ec4_margin	221	219	0.72697368421052633	0.99095022624434392
33	EC_L4	304	247	hit_ec4_margin	222	220	0.73026315789473684	0.99099099099099097
33	EC_L4	304	247	hit_ec4_margin	223	221	0.73355263157894735	0.99103139013452912
33	EC_L4	304	247	hit_ec4_margin	224	222	0.73684210526315785	0.9910714285714286
33	EC_L4	304	247	hit_ec4_margin	225	223	0.74013157894736847	0.99111111111111116
33	EC_L4	304	247	hit_ec4_margin	226	224	0.74342105263157898	0.99115044247787609
33	EC_L4	304	247	hit_ec4_margin	227	225	0.74671052631578949	0.99118942731277537
33	EC_L4	304	247	hit_ec4_margin	228	226	0.75	0.99122807017543857
33	EC_L4	304	247	hit_ec4_margin	229	227	0.75328947368421051	0.99126637554585151
33	EC_L4	304	247	hit_ec4_margin	230	228	0.75657894736842102	0.99130434782608701
33	EC_L4	304	247	hit_ec4_margin	231	229	0.75986842105263153	0.9913419913419913
33	EC_L4	304	247	hit_ec4_margin	232	230	0.76315789473684215	0.99137931034482762
33	EC_L4	304	247	hit_ec4_margin	233	231	0.76644736842105265	0.99141630901287559
33	EC_L4	304	247	hit_ec4_margin	234	232	0.76973684210526316	0.99145299145299148
33	EC_L4	304	247	hit_ec4_margin	235	233	0.77302631578947367	0.99148936170212765
33	EC_L4	304	247	hit_ec4_margin	236	234	0.77631578947368418	0.99152542372881358
33	EC_L4	304	247	hit_ec4_margin	237	235	0.77960526315789469	0.99156118143459915
33	EC_L4	304	247	hit_ec4_margin	238	236	0.78289473684210531	0.99159663865546221
33	EC_L4	304	247	hit_ec4_margin	239	237	0.78618421052631582	0.99163179916317989
33	EC_L4	304	247	hit_ec4_margin	240	238	0.78947368421052633	0.9916666666666667
33	EC_L4	304	247	hit_ec4_margin	241	239	0.79276315789473684	0.99170124481327804
33	EC_L4	304	247	hit_ec4_margin	242	239	0.79605263157894735	0.98760330578512401
33	EC_L4	304	247	hit_ec4_margin	243	240	0.79934210526315785	0.98765432098765427
33	EC_L4	304	247	hit_ec4_margin	244	241	0.80263157894736847	0.98770491803278693
33	EC_L4	304	247	hit_ec4_margin	245	241	0.80592105263157898	0.98367346938775513
33	EC_L4	304	247	hit_ec4_margin	246	242	0.80921052631578949	0.98373983739837401
33	EC_L4	304	247	hit_ec4_margin	247	243	0.8125	0.98380566801619429
33	EC_L4	304	247	hit_ec4_margin	248	244	0.81578947368421051	0.9838709677419355
33	EC_L4	304	247	hit_ec4_margin	249	245	0.81907894736842102	0.98393574297188757
33	EC_L4	304	247	hit_ec4_margin	250	246	0.82236842105263153	0.98399999999999999
33	EC_L4	304	247	hit_ec4_margin	251	247	0.82565789473684215	0.98406374501992033
33	EC_L4	304	247	hit_ec4_margin	252	248	0.82894736842105265	0.98412698412698407
33	EC_L4	304	247	hit_ec4_margin	253	249	0.83223684210526316	0.98418972332015808
33	EC_L4	304	247	hit_ec4_margin	254	250	0.83552631578947367	0.98425196850393704
33	EC_L4	304	247	hit_ec4_margin	255	251	0.83881578947368418	0.98431372549019602
33	EC_L4	304	247	hit_ec4_margin	256	251	0.84210526315789469	0.98046875
33	EC_L4	304	247	hit_ec4_margin	257	252	0.84539473684210531	0.98054474708171202
33	EC_L4	304	247	hit_ec4_margin	258	253	0.84868421052631582	0.98062015503875966
33	EC_L4	304	247	hit_ec4_margin	259	254	0.85197368421052633	0.98069498069498073
33	EC_L4	304	247	hit_ec4_margin	260	254	0.85526315789473684	0.97692307692307689
33	EC_L4	304	247	hit_ec4_margin	261	254	0.85855263157894735	0.97318007662835249
33	EC_L4	304	247	hit_ec4_margin	262	254	0.86184210526315785	0.96946564885496178
33	EC_L4	304	247	hit_ec4_margin	263	254	0.86513157894736847	0.96577946768060841
33	EC_L4	304	247	hit_ec4_margin	264	255	0.86842105263157898	0.96590909090909094
33	EC_L4	304	247	hit_ec4_margin	265	256	0.87171052631578949	0.96603773584905661
33	EC_L4	304	247	hit_ec4_margin	266	257	0.875	0.96616541353383456
33	EC_L4	304	247	hit_ec4_margin	267	257	0.87828947368421051	0.96254681647940077
33	EC_L4	304	247	hit_ec4_margin	268	257	0.88157894736842102	0.95895522388059706
33	EC_L4	304	247	hit_ec4_margin	269	257	0.88486842105263153	0.95539033457249067
33	EC_L4	304	247	hit_ec4_margin	270	258	0.88815789473684215	0.9555555555555556
33	EC_L4	304	247	hit_ec4_margin	271	258	0.89144736842105265	0.95202952029520294
33	EC_L4	304	247	hit_ec4_margin	272	259	0.89473684210526316	0.95220588235294112
33	EC_L4	304	247	hit_ec4_margin	273	260	0.89802631578947367	0.95238095238095233
33	EC_L4	304	247	hit_ec4_margin	274	260	0.90131578947368418	0.94890510948905105
33	EC_L4	304	247	hit_ec4_margin	275	261	0.90460526315789469	0.9490909090909091
33	EC_L4	304	247	hit_ec4_margin	276	261	0.90789473684210531	0.94565217391304346
33	EC_L4	304	247	hit_ec4_margin	277	261	0.91118421052631582	0.9422382671480144
33	EC_L4	304	247	hit_ec4_margin	278	262	0.91447368421052633	0.94244604316546765
33	EC_L4	304	247	hit_ec4_margin	279	262	0.91776315789473684	0.93906810035842292
33	EC_L4	304	247	hit_ec4_margin	280	262	0.92105263157894735	0.93571428571428572
33	EC_L4	304	247	hit_ec4_margin	281	262	0.92434210526315785	0.93238434163701067
33	EC_L4	304	247	hit_ec4_margin	282	262	0.92763157894736847	0.92907801418439717
33	EC_L4	304	247	hit_ec4_margin	283	262	0.93092105263157898	0.9257950530035336
33	EC_L4	304	247	hit_ec4_margin	284	262	0.93421052631578949	0.92253521126760563
33	EC_L4	304	247	hit_ec4_margin	285	262	0.9375	0.91929824561403506
33	EC_L4	304	247	hit_ec4_margin	286	262	0.94078947368421051	0.91608391608391604
33	EC_L4	304	247	hit_ec4_margin	287	263	0.94407894736842102	0.91637630662020908
33	EC_L4	304	247	hit_ec4_margin	288	263	0.94736842105263153	0.91319444444444442
33	EC_L4	304	247	hit_ec4_margin	289	264	0.95065789473684215	0.91349480968858132
33	EC_L4	304	247	hit_ec4_margin	290	265	0.95394736842105265	0.91379310344827591
33	EC_L4	304	247	hit_ec4_margin	291	265	0.95723684210526316	0.9106529209621993
33	EC_L4	304	247	hit_ec4_margin	292	265	0.96052631578947367	0.90753424657534243
33	EC_L4	304	247	hit_ec4_margin	293	265	0.96381578947368418	0.90443686006825941
33	EC_L4	304	247	hit_ec4_margin	294	265	0.96710526315789469	0.90136054421768708
33	EC_L4	304	247	hit_ec4_margin	295	265	0.97039473684210531	0.89830508474576276
33	EC_L4	304	247	hit_ec4_margin	296	265	0.97368421052631582	0.89527027027027029
33	EC_L4	304	247	hit_ec4_margin	297	265	0.97697368421052633	0.8922558922558923
33	EC_L4	304	247	hit_ec4_margin	298	265	0.98026315789473684	0.88926174496644295
33	EC_L4	304	247	hit_ec4_margin	299	265	0.98355263157894735	0.88628762541806017
33	EC_L4	304	247	hit_ec4_margin	300	265	0.98684210526315785	0.8833333333333333
33	EC_L4	304	247	hit_ec4_margin	301	265	0.99013157894736847	0.88039867109634551
33	EC_L4	304	247	hit_ec4_margin	302	266	0.99342105263157898	0.88079470198675491
33	EC_L4	304	247	hit_ec4_margin	303	266	0.99671052631578949	0.87788778877887785
33	EC_L4	304	247	hit_ec4_margin	304	266	1	0.875
33	EC_L4	304	247	hit_native_level_logit	1	1	0.0032894736842105261	1
33	EC_L4	304	247	hit_native_level_logit	2	2	0.0065789473684210523	1
33	EC_L4	304	247	hit_native_level_logit	3	3	0.0098684210526315784	1
33	EC_L4	304	247	hit_native_level_logit	4	4	0.013157894736842105	1
33	EC_L4	304	247	hit_native_level_logit	5	5	0.016447368421052631	1
33	EC_L4	304	247	hit_native_level_logit	6	6	0.019736842105263157	1
33	EC_L4	304	247	hit_native_level_logit	7	7	0.023026315789473683	1
33	EC_L4	304	247	hit_native_level_logit	8	8	0.026315789473684209	1
33	EC_L4	304	247	hit_native_level_logit	9	9	0.029605263157894735	1
33	EC_L4	304	247	hit_native_level_logit	10	10	0.032894736842105261	1
33	EC_L4	304	247	hit_native_level_logit	11	11	0.036184210526315791	1
33	EC_L4	304	247	hit_native_level_logit	12	12	0.039473684210526314	1
33	EC_L4	304	247	hit_native_level_logit	13	13	0.042763157894736843	1
33	EC_L4	304	247	hit_native_level_logit	14	14	0.046052631578947366	1
33	EC_L4	304	247	hit_native_level_logit	15	15	0.049342105263157895	1
33	EC_L4	304	247	hit_native_level_logit	16	16	0.052631578947368418	1
33	EC_L4	304	247	hit_native_level_logit	17	17	0.055921052631578948	1
33	EC_L4	304	247	hit_native_level_logit	18	18	0.05921052631578947	1
33	EC_L4	304	247	hit_native_level_logit	19	19	0.0625	1
33	EC_L4	304	247	hit_native_level_logit	20	20	0.065789473684210523	1
33	EC_L4	304	247	hit_native_level_logit	21	21	0.069078947368421059	1
33	EC_L4	304	247	hit_native_level_logit	22	22	0.072368421052631582	1
33	EC_L4	304	247	hit_native_level_logit	23	23	0.075657894736842105	1
33	EC_L4	304	247	hit_native_level_logit	24	24	0.078947368421052627	1
33	EC_L4	304	247	hit_native_level_logit	25	25	0.082236842105263164	1
33	EC_L4	304	247	hit_native_level_logit	26	26	0.085526315789473686	1
33	EC_L4	304	247	hit_native_level_logit	27	27	0.088815789473684209	1
33	EC_L4	304	247	hit_native_level_logit	28	28	0.092105263157894732	1
33	EC_L4	304	247	hit_native_level_logit	29	29	0.095394736842105268	1
33	EC_L4	304	247	hit_native_level_logit	30	30	0.098684210526315791	1
33	EC_L4	304	247	hit_native_level_logit	31	31	0.10197368421052631	1
33	EC_L4	304	247	hit_native_level_logit	32	32	0.10526315789473684	1
33	EC_L4	304	247	hit_native_level_logit	33	33	0.10855263157894737	1
33	EC_L4	304	247	hit_native_level_logit	34	34	0.1118421052631579	1
33	EC_L4	304	247	hit_native_level_logit	35	35	0.11513157894736842	1
33	EC_L4	304	247	hit_native_level_logit	36	36	0.11842105263157894	1
33	EC_L4	304	247	hit_native_level_logit	37	37	0.12171052631578948	1
33	EC_L4	304	247	hit_native_level_logit	38	38	0.125	1
33	EC_L4	304	247	hit_native_level_logit	39	39	0.12828947368421054	1
33	EC_L4	304	247	hit_native_level_logit	40	40	0.13157894736842105	1
33	EC_L4	304	247	hit_native_level_logit	41	41	0.13486842105263158	1
33	EC_L4	304	247	hit_native_level_logit	42	42	0.13815789473684212	1
33	EC_L4	304	247	hit_native_level_logit	43	43	0.14144736842105263	1
33	EC_L4	304	247	hit_native_level_logit	44	44	0.14473684210526316	1
33	EC_L4	304	247	hit_native_level_logit	45	45	0.14802631578947367	1
33	EC_L4	304	247	hit_native_level_logit	46	46	0.15131578947368421	1
33	EC_L4	304	247	hit_native_level_logit	47	47	0.15460526315789475	1
33	EC_L4	304	247	hit_native_level_logit	48	48	0.15789473684210525	1
33	EC_L4	304	247	hit_native_level_logit	49	49	0.16118421052631579	1
33	EC_L4	304	247	hit_native_level_logit	50	50	0.16447368421052633	1
33	EC_L4	304	247	hit_native_level_logit	51	51	0.16776315789473684	1
33	EC_L4	304	247	hit_native_level_logit	52	52	0.17105263157894737	1
33	EC_L4	304	247	hit_native_level_logit	53	53	0.17434210526315788	1
33	EC_L4	304	247	hit_native_level_logit	54	54	0.17763157894736842	1
33	EC_L4	304	247	hit_native_level_logit	55	55	0.18092105263157895	1
33	EC_L4	304	247	hit_native_level_logit	56	56	0.18421052631578946	1
33	EC_L4	304	247	hit_native_level_logit	57	57	0.1875	1
33	EC_L4	304	247	hit_native_level_logit	58	58	0.19078947368421054	1
33	EC_L4	304	247	hit_native_level_logit	59	59	0.19407894736842105	1
33	EC_L4	304	247	hit_native_level_logit	60	60	0.19736842105263158	1
33	EC_L4	304	247	hit_native_level_logit	61	61	0.20065789473684212	1
33	EC_L4	304	247	hit_native_level_logit	62	62	0.20394736842105263	1
33	EC_L4	304	247	hit_native_level_logit	63	63	0.20723684210526316	1
33	EC_L4	304	247	hit_native_level_logit	64	64	0.21052631578947367	1
33	EC_L4	304	247	hit_native_level_logit	65	65	0.21381578947368421	1
33	EC_L4	304	247	hit_native_level_logit	66	66	0.21710526315789475	1
33	EC_L4	304	247	hit_native_level_logit	67	67	0.22039473684210525	1
33	EC_L4	304	247	hit_native_level_logit	68	68	0.22368421052631579	1
33	EC_L4	304	247	hit_native_level_logit	69	69	0.22697368421052633	1
33	EC_L4	304	247	hit_native_level_logit	70	70	0.23026315789473684	1
33	EC_L4	304	247	hit_native_level_logit	71	71	0.23355263157894737	1
33	EC_L4	304	247	hit_native_level_logit	72	72	0.23684210526315788	1
33	EC_L4	304	247	hit_native_level_logit	73	73	0.24013157894736842	1
33	EC_L4	304	247	hit_native_level_logit	74	74	0.24342105263157895	1
33	EC_L4	304	247	hit_native_level_logit	75	75	0.24671052631578946	1
33	EC_L4	304	247	hit_native_level_logit	76	76	0.25	1
33	EC_L4	304	247	hit_native_level_logit	77	77	0.25328947368421051	1
33	EC_L4	304	247	hit_native_level_logit	78	78	0.25657894736842107	1
33	EC_L4	304	247	hit_native_level_logit	79	78	0.25986842105263158	0.98734177215189878
33	EC_L4	304	247	hit_native_level_logit	80	79	0.26315789473684209	0.98750000000000004
33	EC_L4	304	247	hit_native_level_logit	81	80	0.26644736842105265	0.98765432098765427
33	EC_L4	304	247	hit_native_level_logit	82	81	0.26973684210526316	0.98780487804878048
33	EC_L4	304	247	hit_native_level_logit	83	82	0.27302631578947367	0.98795180722891562
33	EC_L4	304	247	hit_native_level_logit	84	83	0.27631578947368424	0.98809523809523814
33	EC_L4	304	247	hit_native_level_logit	85	84	0.27960526315789475	0.9882352941176471
33	EC_L4	304	247	hit_native_level_logit	86	85	0.28289473684210525	0.98837209302325579
33	EC_L4	304	247	hit_native_level_logit	87	86	0.28618421052631576	0.9885057471264368
33	EC_L4	304	247	hit_native_level_logit	88	87	0.28947368421052633	0.98863636363636365
33	EC_L4	304	247	hit_native_level_logit	89	88	0.29276315789473684	0.9887640449438202
33	EC_L4	304	247	hit_native_level_logit	90	89	0.29605263157894735	0.98888888888888893
33	EC_L4	304	247	hit_native_level_logit	91	90	0.29934210526315791	0.98901098901098905
33	EC_L4	304	247	hit_native_level_logit	92	91	0.30263157894736842	0.98913043478260865
33	EC_L4	304	247	hit_native_level_logit	93	92	0.30592105263157893	0.989247311827957
33	EC_L4	304	247	hit_native_level_logit	94	93	0.30921052631578949	0.98936170212765961
33	EC_L4	304	247	hit_native_level_logit	95	94	0.3125	0.98947368421052628
33	EC_L4	304	247	hit_native_level_logit	96	94	0.31578947368421051	0.97916666666666663
33	EC_L4	304	247	hit_native_level_logit	97	95	0.31907894736842107	0.97938144329896903
33	EC_L4	304	247	hit_native_level_logit	98	96	0.32236842105263158	0.97959183673469385
33	EC_L4	304	247	hit_native_level_logit	99	97	0.32565789473684209	0.97979797979797978
33	EC_L4	304	247	hit_native_level_logit	100	98	0.32894736842105265	0.97999999999999998
33	EC_L4	304	247	hit_native_level_logit	101	99	0.33223684210526316	0.98019801980198018
33	EC_L4	304	247	hit_native_level_logit	102	99	0.33552631578947367	0.97058823529411764
33	EC_L4	304	247	hit_native_level_logit	103	100	0.33881578947368424	0.970873786407767
33	EC_L4	304	247	hit_native_level_logit	104	101	0.34210526315789475	0.97115384615384615
33	EC_L4	304	247	hit_native_level_logit	105	102	0.34539473684210525	0.97142857142857142
33	EC_L4	304	247	hit_native_level_logit	106	103	0.34868421052631576	0.97169811320754718
33	EC_L4	304	247	hit_native_level_logit	107	104	0.35197368421052633	0.9719626168224299
33	EC_L4	304	247	hit_native_level_logit	108	105	0.35526315789473684	0.97222222222222221
33	EC_L4	304	247	hit_native_level_logit	109	106	0.35855263157894735	0.97247706422018354
33	EC_L4	304	247	hit_native_level_logit	110	107	0.36184210526315791	0.97272727272727277
33	EC_L4	304	247	hit_native_level_logit	111	108	0.36513157894736842	0.97297297297297303
33	EC_L4	304	247	hit_native_level_logit	112	109	0.36842105263157893	0.9732142857142857
33	EC_L4	304	247	hit_native_level_logit	113	110	0.37171052631578949	0.97345132743362828
33	EC_L4	304	247	hit_native_level_logit	114	110	0.375	0.96491228070175439
33	EC_L4	304	247	hit_native_level_logit	115	111	0.37828947368421051	0.9652173913043478
33	EC_L4	304	247	hit_native_level_logit	116	112	0.38157894736842107	0.96551724137931039
33	EC_L4	304	247	hit_native_level_logit	117	113	0.38486842105263158	0.96581196581196582
33	EC_L4	304	247	hit_native_level_logit	118	114	0.38815789473684209	0.96610169491525422
33	EC_L4	304	247	hit_native_level_logit	119	115	0.39144736842105265	0.96638655462184875
33	EC_L4	304	247	hit_native_level_logit	120	116	0.39473684210526316	0.96666666666666667
33	EC_L4	304	247	hit_native_level_logit	121	117	0.39802631578947367	0.96694214876033058
33	EC_L4	304	247	hit_native_level_logit	122	118	0.40131578947368424	0.96721311475409832
33	EC_L4	304	247	hit_native_level_logit	123	119	0.40460526315789475	0.96747967479674801
33	EC_L4	304	247	hit_native_level_logit	124	120	0.40789473684210525	0.967741935483871
33	EC_L4	304	247	hit_native_level_logit	125	121	0.41118421052631576	0.96799999999999997
33	EC_L4	304	247	hit_native_level_logit	126	122	0.41447368421052633	0.96825396825396826
33	EC_L4	304	247	hit_native_level_logit	127	123	0.41776315789473684	0.96850393700787396
33	EC_L4	304	247	hit_native_level_logit	128	124	0.42105263157894735	0.96875
33	EC_L4	304	247	hit_native_level_logit	129	125	0.42434210526315791	0.96899224806201545
33	EC_L4	304	247	hit_native_level_logit	130	126	0.42763157894736842	0.96923076923076923
33	EC_L4	304	247	hit_native_level_logit	131	127	0.43092105263157893	0.96946564885496178
33	EC_L4	304	247	hit_native_level_logit	132	128	0.43421052631578949	0.96969696969696972
33	EC_L4	304	247	hit_native_level_logit	133	129	0.4375	0.96992481203007519
33	EC_L4	304	247	hit_native_level_logit	134	130	0.44078947368421051	0.97014925373134331
33	EC_L4	304	247	hit_native_level_logit	135	131	0.44407894736842107	0.97037037037037033
33	EC_L4	304	247	hit_native_level_logit	136	132	0.44736842105263158	0.97058823529411764
33	EC_L4	304	247	hit_native_level_logit	137	133	0.45065789473684209	0.97080291970802923
33	EC_L4	304	247	hit_native_level_logit	138	134	0.45394736842105265	0.97101449275362317
33	EC_L4	304	247	hit_native_level_logit	139	135	0.45723684210526316	0.97122302158273377
33	EC_L4	304	247	hit_native_level_logit	140	136	0.46052631578947367	0.97142857142857142
33	EC_L4	304	247	hit_native_level_logit	141	137	0.46381578947368424	0.97163120567375882
33	EC_L4	304	247	hit_native_level_logit	142	138	0.46710526315789475	0.971830985915493
33	EC_L4	304	247	hit_native_level_logit	143	139	0.47039473684210525	0.97202797202797198
33	EC_L4	304	247	hit_native_level_logit	144	140	0.47368421052631576	0.97222222222222221
33	EC_L4	304	247	hit_native_level_logit	145	140	0.47697368421052633	0.96551724137931039
33	EC_L4	304	247	hit_native_level_logit	146	141	0.48026315789473684	0.96575342465753422
33	EC_L4	304	247	hit_native_level_logit	147	142	0.48355263157894735	0.96598639455782309
33	EC_L4	304	247	hit_native_level_logit	148	143	0.48684210526315791	0.96621621621621623
33	EC_L4	304	247	hit_native_level_logit	149	144	0.49013157894736842	0.96644295302013428
33	EC_L4	304	247	hit_native_level_logit	150	145	0.49342105263157893	0.96666666666666667
33	EC_L4	304	247	hit_native_level_logit	151	146	0.49671052631578949	0.9668874172185431
33	EC_L4	304	247	hit_native_level_logit	152	147	0.5	0.96710526315789469
33	EC_L4	304	247	hit_native_level_logit	153	148	0.50328947368421051	0.9673202614379085
33	EC_L4	304	247	hit_native_level_logit	154	149	0.50657894736842102	0.96753246753246758
33	EC_L4	304	247	hit_native_level_logit	155	150	0.50986842105263153	0.967741935483871
33	EC_L4	304	247	hit_native_level_logit	156	151	0.51315789473684215	0.96794871794871795
33	EC_L4	304	247	hit_native_level_logit	157	151	0.51644736842105265	0.96178343949044587
33	EC_L4	304	247	hit_native_level_logit	158	152	0.51973684210526316	0.96202531645569622
33	EC_L4	304	247	hit_native_level_logit	159	153	0.52302631578947367	0.96226415094339623
33	EC_L4	304	247	hit_native_level_logit	160	154	0.52631578947368418	0.96250000000000002
33	EC_L4	304	247	hit_native_level_logit	161	155	0.52960526315789469	0.96273291925465843
33	EC_L4	304	247	hit_native_level_logit	162	156	0.53289473684210531	0.96296296296296291
33	EC_L4	304	247	hit_native_level_logit	163	157	0.53618421052631582	0.96319018404907975
33	EC_L4	304	247	hit_native_level_logit	164	158	0.53947368421052633	0.96341463414634143
33	EC_L4	304	247	hit_native_level_logit	165	159	0.54276315789473684	0.96363636363636362
33	EC_L4	304	247	hit_native_level_logit	166	160	0.54605263157894735	0.96385542168674698
33	EC_L4	304	247	hit_native_level_logit	167	161	0.54934210526315785	0.9640718562874252
33	EC_L4	304	247	hit_native_level_logit	168	162	0.55263157894736847	0.9642857142857143
33	EC_L4	304	247	hit_native_level_logit	169	163	0.55592105263157898	0.96449704142011838
33	EC_L4	304	247	hit_native_level_logit	170	164	0.55921052631578949	0.96470588235294119
33	EC_L4	304	247	hit_native_level_logit	171	165	0.5625	0.96491228070175439
33	EC_L4	304	247	hit_native_level_logit	172	165	0.56578947368421051	0.95930232558139539
33	EC_L4	304	247	hit_native_level_logit	173	166	0.56907894736842102	0.95953757225433522
33	EC_L4	304	247	hit_native_level_logit	174	167	0.57236842105263153	0.95977011494252873
33	EC_L4	304	247	hit_native_level_logit	175	168	0.57565789473684215	0.95999999999999996
33	EC_L4	304	247	hit_native_level_logit	176	169	0.57894736842105265	0.96022727272727271
33	EC_L4	304	247	hit_native_level_logit	177	170	0.58223684210526316	0.96045197740112997
33	EC_L4	304	247	hit_native_level_logit	178	171	0.58552631578947367	0.9606741573033708
33	EC_L4	304	247	hit_native_level_logit	179	172	0.58881578947368418	0.96089385474860334
33	EC_L4	304	247	hit_native_level_logit	180	173	0.59210526315789469	0.96111111111111114
33	EC_L4	304	247	hit_native_level_logit	181	174	0.59539473684210531	0.96132596685082872
33	EC_L4	304	247	hit_native_level_logit	182	175	0.59868421052631582	0.96153846153846156
33	EC_L4	304	247	hit_native_level_logit	183	176	0.60197368421052633	0.96174863387978138
33	EC_L4	304	247	hit_native_level_logit	184	177	0.60526315789473684	0.96195652173913049
33	EC_L4	304	247	hit_native_level_logit	185	178	0.60855263157894735	0.96216216216216222
33	EC_L4	304	247	hit_native_level_logit	186	179	0.61184210526315785	0.9623655913978495
33	EC_L4	304	247	hit_native_level_logit	187	180	0.61513157894736847	0.96256684491978606
33	EC_L4	304	247	hit_native_level_logit	188	181	0.61842105263157898	0.96276595744680848
33	EC_L4	304	247	hit_native_level_logit	189	182	0.62171052631578949	0.96296296296296291
33	EC_L4	304	247	hit_native_level_logit	190	183	0.625	0.9631578947368421
33	EC_L4	304	247	hit_native_level_logit	191	184	0.62828947368421051	0.96335078534031415
33	EC_L4	304	247	hit_native_level_logit	192	185	0.63157894736842102	0.96354166666666663
33	EC_L4	304	247	hit_native_level_logit	193	186	0.63486842105263153	0.96373056994818651
33	EC_L4	304	247	hit_native_level_logit	194	187	0.63815789473684215	0.96391752577319589
33	EC_L4	304	247	hit_native_level_logit	195	188	0.64144736842105265	0.96410256410256412
33	EC_L4	304	247	hit_native_level_logit	196	189	0.64473684210526316	0.9642857142857143
33	EC_L4	304	247	hit_native_level_logit	197	190	0.64802631578947367	0.96446700507614214
33	EC_L4	304	247	hit_native_level_logit	198	191	0.65131578947368418	0.96464646464646464
33	EC_L4	304	247	hit_native_level_logit	199	192	0.65460526315789469	0.96482412060301503
33	EC_L4	304	247	hit_native_level_logit	200	193	0.65789473684210531	0.96499999999999997
33	EC_L4	304	247	hit_native_level_logit	201	194	0.66118421052631582	0.96517412935323388
33	EC_L4	304	247	hit_native_level_logit	202	195	0.66447368421052633	0.96534653465346532
33	EC_L4	304	247	hit_native_level_logit	203	196	0.66776315789473684	0.96551724137931039
33	EC_L4	304	247	hit_native_level_logit	204	197	0.67105263157894735	0.96568627450980393
33	EC_L4	304	247	hit_native_level_logit	205	198	0.67434210526315785	0.96585365853658534
33	EC_L4	304	247	hit_native_level_logit	206	199	0.67763157894736847	0.96601941747572817
33	EC_L4	304	247	hit_native_level_logit	207	200	0.68092105263157898	0.96618357487922701
33	EC_L4	304	247	hit_native_level_logit	208	201	0.68421052631578949	0.96634615384615385
33	EC_L4	304	247	hit_native_level_logit	209	202	0.6875	0.96650717703349287
33	EC_L4	304	247	hit_native_level_logit	210	203	0.69078947368421051	0.96666666666666667
33	EC_L4	304	247	hit_native_level_logit	211	204	0.69407894736842102	0.96682464454976302
33	EC_L4	304	247	hit_native_level_logit	212	205	0.69736842105263153	0.96698113207547165
33	EC_L4	304	247	hit_native_level_logit	213	206	0.70065789473684215	0.96713615023474175
33	EC_L4	304	247	hit_native_level_logit	214	207	0.70394736842105265	0.96728971962616828
33	EC_L4	304	247	hit_native_level_logit	215	208	0.70723684210526316	0.96744186046511627
33	EC_L4	304	247	hit_native_level_logit	216	209	0.71052631578947367	0.96759259259259256
33	EC_L4	304	247	hit_native_level_logit	217	210	0.71381578947368418	0.967741935483871
33	EC_L4	304	247	hit_native_level_logit	218	211	0.71710526315789469	0.9678899082568807
33	EC_L4	304	247	hit_native_level_logit	219	212	0.72039473684210531	0.96803652968036524
33	EC_L4	304	247	hit_native_level_logit	220	213	0.72368421052631582	0.96818181818181814
33	EC_L4	304	247	hit_native_level_logit	221	214	0.72697368421052633	0.96832579185520362
33	EC_L4	304	247	hit_native_level_logit	222	215	0.73026315789473684	0.96846846846846846
33	EC_L4	304	247	hit_native_level_logit	223	216	0.73355263157894735	0.96860986547085204
33	EC_L4	304	247	hit_native_level_logit	224	217	0.73684210526315785	0.96875
33	EC_L4	304	247	hit_native_level_logit	225	218	0.74013157894736847	0.96888888888888891
33	EC_L4	304	247	hit_native_level_logit	226	219	0.74342105263157898	0.96902654867256632
33	EC_L4	304	247	hit_native_level_logit	227	220	0.74671052631578949	0.96916299559471364
33	EC_L4	304	247	hit_native_level_logit	228	221	0.75	0.9692982456140351
33	EC_L4	304	247	hit_native_level_logit	229	222	0.75328947368421051	0.96943231441048039
33	EC_L4	304	247	hit_native_level_logit	230	223	0.75657894736842102	0.9695652173913043
33	EC_L4	304	247	hit_native_level_logit	231	224	0.75986842105263153	0.96969696969696972
33	EC_L4	304	247	hit_native_level_logit	232	225	0.76315789473684215	0.96982758620689657
33	EC_L4	304	247	hit_native_level_logit	233	226	0.76644736842105265	0.96995708154506433
33	EC_L4	304	247	hit_native_level_logit	234	227	0.76973684210526316	0.97008547008547008
33	EC_L4	304	247	hit_native_level_logit	235	228	0.77302631578947367	0.97021276595744677
33	EC_L4	304	247	hit_native_level_logit	236	229	0.77631578947368418	0.97033898305084743
33	EC_L4	304	247	hit_native_level_logit	237	230	0.77960526315789469	0.97046413502109707
33	EC_L4	304	247	hit_native_level_logit	238	231	0.78289473684210531	0.97058823529411764
33	EC_L4	304	247	hit_native_level_logit	239	231	0.78618421052631582	0.96652719665271969
33	EC_L4	304	247	hit_native_level_logit	240	232	0.78947368421052633	0.96666666666666667
33	EC_L4	304	247	hit_native_level_logit	241	233	0.79276315789473684	0.96680497925311204
33	EC_L4	304	247	hit_native_level_logit	242	234	0.79605263157894735	0.96694214876033058
33	EC_L4	304	247	hit_native_level_logit	243	235	0.79934210526315785	0.96707818930041156
33	EC_L4	304	247	hit_native_level_logit	244	236	0.80263157894736847	0.96721311475409832
33	EC_L4	304	247	hit_native_level_logit	245	237	0.80592105263157898	0.96734693877551026
33	EC_L4	304	247	hit_native_level_logit	246	238	0.80921052631578949	0.96747967479674801
33	EC_L4	304	247	hit_native_level_logit	247	239	0.8125	0.96761133603238869
33	EC_L4	304	247	hit_native_level_logit	248	240	0.81578947368421051	0.967741935483871
33	EC_L4	304	247	hit_native_level_logit	249	241	0.81907894736842102	0.96787148594377514
33	EC_L4	304	247	hit_native_level_logit	250	242	0.82236842105263153	0.96799999999999997
33	EC_L4	304	247	hit_native_level_logit	251	243	0.82565789473684215	0.96812749003984067
33	EC_L4	304	247	hit_native_level_logit	252	244	0.82894736842105265	0.96825396825396826
33	EC_L4	304	247	hit_native_level_logit	253	245	0.83223684210526316	0.96837944664031617
33	EC_L4	304	247	hit_native_level_logit	254	246	0.83552631578947367	0.96850393700787396
33	EC_L4	304	247	hit_native_level_logit	255	247	0.83881578947368418	0.96862745098039216
33	EC_L4	304	247	hit_native_level_logit	256	248	0.84210526315789469	0.96875
33	EC_L4	304	247	hit_native_level_logit	257	249	0.84539473684210531	0.9688715953307393
33	EC_L4	304	247	hit_native_level_logit	258	250	0.84868421052631582	0.96899224806201545
33	EC_L4	304	247	hit_native_level_logit	259	251	0.85197368421052633	0.96911196911196906
33	EC_L4	304	247	hit_native_level_logit	260	252	0.85526315789473684	0.96923076923076923
33	EC_L4	304	247	hit_native_level_logit	261	253	0.85855263157894735	0.96934865900383138
33	EC_L4	304	247	hit_native_level_logit	262	254	0.86184210526315785	0.96946564885496178
33	EC_L4	304	247	hit_native_level_logit	263	254	0.86513157894736847	0.96577946768060841
33	EC_L4	304	247	hit_native_level_logit	264	255	0.86842105263157898	0.96590909090909094
33	EC_L4	304	247	hit_native_level_logit	265	256	0.87171052631578949	0.96603773584905661
33	EC_L4	304	247	hit_native_level_logit	266	257	0.875	0.96616541353383456
33	EC_L4	304	247	hit_native_level_logit	267	258	0.87828947368421051	0.9662921348314607
33	EC_L4	304	247	hit_native_level_logit	268	259	0.88157894736842102	0.96641791044776115
33	EC_L4	304	247	hit_native_level_logit	269	260	0.88486842105263153	0.96654275092936803
33	EC_L4	304	247	hit_native_level_logit	270	261	0.88815789473684215	0.96666666666666667
33	EC_L4	304	247	hit_native_level_logit	271	262	0.89144736842105265	0.96678966789667897
33	EC_L4	304	247	hit_native_level_logit	272	263	0.89473684210526316	0.96691176470588236
33	EC_L4	304	247	hit_native_level_logit	273	264	0.89802631578947367	0.96703296703296704
33	EC_L4	304	247	hit_native_level_logit	274	264	0.90131578947368418	0.96350364963503654
33	EC_L4	304	247	hit_native_level_logit	275	264	0.90460526315789469	0.95999999999999996
33	EC_L4	304	247	hit_native_level_logit	276	265	0.90789473684210531	0.96014492753623193
33	EC_L4	304	247	hit_native_level_logit	277	266	0.91118421052631582	0.96028880866425992
33	EC_L4	304	247	hit_native_level_logit	278	266	0.91447368421052633	0.95683453237410077
33	EC_L4	304	247	hit_native_level_logit	279	266	0.91776315789473684	0.95340501792114696
33	EC_L4	304	247	hit_native_level_logit	280	266	0.92105263157894735	0.94999999999999996
33	EC_L4	304	247	hit_native_level_logit	281	266	0.92434210526315785	0.94661921708185048
33	EC_L4	304	247	hit_native_level_logit	282	266	0.92763157894736847	0.94326241134751776
33	EC_L4	304	247	hit_native_level_logit	283	266	0.93092105263157898	0.93992932862190814
33	EC_L4	304	247	hit_native_level_logit	284	266	0.93421052631578949	0.93661971830985913
33	EC_L4	304	247	hit_native_level_logit	285	266	0.9375	0.93333333333333335
33	EC_L4	304	247	hit_native_level_logit	286	266	0.94078947368421051	0.93006993006993011
33	EC_L4	304	247	hit_native_level_logit	287	266	0.94407894736842102	0.92682926829268297
33	EC_L4	304	247	hit_native_level_logit	288	266	0.94736842105263153	0.92361111111111116
33	EC_L4	304	247	hit_native_level_logit	289	266	0.95065789473684215	0.92041522491349481
33	EC_L4	304	247	hit_native_level_logit	290	266	0.95394736842105265	0.91724137931034477
33	EC_L4	304	247	hit_native_level_logit	291	266	0.95723684210526316	0.91408934707903777
33	EC_L4	304	247	hit_native_level_logit	292	266	0.96052631578947367	0.91095890410958902
33	EC_L4	304	247	hit_native_level_logit	293	266	0.96381578947368418	0.9078498293515358
33	EC_L4	304	247	hit_native_level_logit	294	266	0.96710526315789469	0.90476190476190477
33	EC_L4	304	247	hit_native_level_logit	295	266	0.97039473684210531	0.90169491525423728
33	EC_L4	304	247	hit_native_level_logit	296	266	0.97368421052631582	0.89864864864864868
33	EC_L4	304	247	hit_native_level_logit	297	266	0.97697368421052633	0.89562289562289565
33	EC_L4	304	247	hit_native_level_logit	298	266	0.98026315789473684	0.89261744966442957
33	EC_L4	304	247	hit_native_level_logit	299	266	0.98355263157894735	0.88963210702341133
33	EC_L4	304	247	hit_native_level_logit	300	266	0.98684210526315785	0.88666666666666671
33	EC_L4	304	247	hit_native_level_logit	301	266	0.99013157894736847	0.88372093023255816
33	EC_L4	304	247	hit_native_level_logit	302	266	0.99342105263157898	0.88079470198675491
33	EC_L4	304	247	hit_native_level_logit	303	266	0.99671052631578949	0.87788778877887785
33	EC_L4	304	247	hit_native_level_logit	304	266	1	0.875
